[19:17:44][D][jomini_game_setup.cpp:351]: Log system initialized.
[19:17:44][I][main.cpp:658]: Architecture: x86-64
[19:17:44][I][main.cpp:665]: Uses SIMD
[19:17:44][D][pdx_task.cpp:271]: Spawning 29 worker threads
[19:17:44][D][pdx_task.cpp:272]: Spawning 14 low-prio worker threads
[19:17:44][D][pdx_localize.cpp:128]: LocalizeInit
[19:17:44][D][systemsettings.cpp:326]: "default_settings_v1_file" is not defined in path.settings. Default "pdx_default_settings.json" will be used.
[19:17:44][D][systemsettings.cpp:326]: "default_settings_file" is not defined in path.settings. Default "pdx_default_settings.txt" will be used.
[19:17:44][D][pdx_text_settings.cpp:141]: [CPdxSettingsTextFile] "pdx_default_settings.txt" doesn't exist.
[19:17:44][D][systemsettings.cpp:326]: "settings_v1_file" is not defined in path.settings. Default "pdx_settings.json" will be used.
[19:17:44][D][systemsettings.cpp:326]: "settings_file" is not defined in path.settings. Default "pdx_settings.txt" will be used.
[19:17:44][D][pdx_enum_setting.cpp:102]: Could not find enum 'NEVER' for 'autosave', will use default 'YEARLY'
[19:17:44][D][pdx_enum_setting.cpp:102]: Could not find enum 'l_simp_chinese' for 'language', will use default 'l_english'
[19:17:44][D][pdx_account.cpp:603]: Starting up PDX SDK
[19:17:44][D][gfx_dx11_master_context.cpp:153]: Adapter 0: NVIDIA GeForce RTX 3060 Laptop GPU (6010.00 MB)
[19:17:44][D][gfx_dx11_master_context.cpp:153]: Adapter 1: NVIDIA GeForce RTX 3060 Laptop GPU (6010.00 MB)
[19:17:44][D][gfx_dx11_master_context.cpp:153]: Adapter 2: Microsoft Basic Render Driver (0.00 MB)
[19:17:44][D][gfx_dx11_master_context.cpp:153]: Selected adapter: NVIDIA GeForce RTX 3060 Laptop GPU (6010.00 MB)
[19:17:44][D][gfx_dx11_master_context.cpp:300]: VendorId: 4318
[19:17:44][D][gfx_dx11_master_context.cpp:301]: DeviceId: 9504
[19:17:44][D][gfx_dx11_master_context.cpp:302]: SubSysId: 4318
[19:17:44][D][gfx_dx11_master_context.cpp:303]: Revision: 161
[19:17:46][D][pdx_matchmaking.cpp:70]: Matchmaking Interface: Nakama
[19:17:46][D][contextowner.cpp:916]: Initializing Gui Editor: 0.002140
[19:17:46][D][defines.cpp:180]: Define 'GREAT_PROJECT_ILLUSTRATION_PATH' defined in 'common/defines/graphic/00_graphics.txt' not specified. Maybe a define macro is missing
[19:17:46][D][jomini_game_setup.cpp:138]: DLC:
West Slavic Attire|dlc/dlc016_cp2/dlc016.dlc
Tours and Tournaments|dlc/dlc007_ep2/dlc007.dlc
North African Attire|dlc/dlc012_afr/dlc012.dlc
Roads to Power|dlc/dlc014_ep3/dlc014.dlc
Legends of the Dead|dlc/dlc011_ce1/dlc011.dlc
Celestial Court Attire|dlc/dlc027_cp9/dlc027.dlc
The Northern Lords|dlc/dlc003_fp1/dlc003.dlc
All Under Heaven|dlc/dlc022_ep4/dlc022.dlc
Garments of the Holy Roman Empire|dlc/dlc001_preorder/dlc001.dlc
Legacy of Persia|dlc/dlc010_fp3/dlc010.dlc
The Royal Court|dlc/dlc004_ep1/dlc004.dlc
Fashion of the Abbasid Court|dlc/dlc002_sp_day1/dlc002.dlc
Songs of the Realm|dlc/dlc029_mp1/dlc029.dlc
Holy Buildings|dlc/dlc024_cp6/dlc024.dlc
Wards and Wardens|dlc/dlc009_bp2/dlc009.dlc
Coronations|dlc/dlc021_bp4/dlc021.dlc
East Asian Wonders|dlc/dlc026_cp8/dlc026.dlc
The Fate of Iberia|dlc/dlc005_fp2/dlc005.dlc
Elegance of the Empire|dlc/dlc008_sp2/dlc008.dlc
North Pacific Attire|dlc/dlc025_cp7/dlc025.dlc
Couture of the Capets|dlc/dlc013_sp3/dlc013.dlc
High Medieval Warfare Attire|dlc/dlc023_cp5/dlc023.dlc
Medieval Monuments|dlc/dlc017_cp3/dlc017.dlc
Wandering Nobles|dlc/dlc015_bp3/dlc015.dlc
Friends and Foes|dlc/dlc006_bp1/dlc006.dlc
Khans of the Steppe|dlc/dlc020_ce2/dlc020.dlc
Symbols of Authority|dlc/dlc028_sp5/dlc028.dlc
Crowns of the World|dlc/dlc019_sp4/dlc019.dlc
Arctic Attire|dlc/dlc018_cp4/dlc018.dlc
By God Alone|dlc/dlc030_ce3/dlc030.dlc
Mod:
礼与道 R3 普通玩家入口夹具（仅验收）|mod/lyd_fixture.mod|Enabled
礼与道：儒家礼仪与学统 / Rites and the Way|mod/lyd_production.mod|Enabled
礼与道 R4 合礼离析前置夹具（仅验收）|mod/lyd_i2_fixture.mod|Enabled

[19:17:46][D][virtualfilesystem_physfs.cpp:814]: Mounted Data: C:/Program Files (x86)/Steam/steamapps/common/Crusader Kings III/game/dlc/dlc016_cp2
[19:17:46][D][virtualfilesystem_physfs.cpp:814]: Mounted Data: C:/Program Files (x86)/Steam/steamapps/common/Crusader Kings III/game/dlc/dlc009_bp2
[19:17:46][D][virtualfilesystem_physfs.cpp:814]: Mounted Data: C:/Program Files (x86)/Steam/steamapps/common/Crusader Kings III/game/dlc/dlc015_bp3
[19:17:46][D][virtualfilesystem_physfs.cpp:814]: Mounted Data: C:/Program Files (x86)/Steam/steamapps/common/Crusader Kings III/game/dlc/dlc007_ep2
[19:17:46][D][virtualfilesystem_physfs.cpp:814]: Mounted Data: C:/Program Files (x86)/Steam/steamapps/common/Crusader Kings III/game/dlc/dlc004_ep1
[19:17:46][D][virtualfilesystem_physfs.cpp:814]: Mounted Data: C:/Program Files (x86)/Steam/steamapps/common/Crusader Kings III/game/dlc/dlc003_fp1
[19:17:46][D][virtualfilesystem_physfs.cpp:814]: Mounted Data: C:/Program Files (x86)/Steam/steamapps/common/Crusader Kings III/game/dlc/dlc005_fp2
[19:17:46][D][virtualfilesystem_physfs.cpp:814]: Mounted Data: C:/Program Files (x86)/Steam/steamapps/common/Crusader Kings III/game/dlc/dlc028_sp5
[19:17:46][D][virtualfilesystem_physfs.cpp:814]: Mounted Data: C:/Program Files (x86)/Steam/steamapps/common/Crusader Kings III/game/dlc/dlc029_mp1
[19:17:46][D][virtualfilesystem_physfs.cpp:814]: Mounted Data: C:/Program Files (x86)/Steam/steamapps/common/Crusader Kings III/game/dlc/dlc014_ep3
[19:17:46][D][virtualfilesystem_physfs.cpp:814]: Mounted Data: C:/Program Files (x86)/Steam/steamapps/common/Crusader Kings III/game/dlc/dlc025_cp7
[19:17:46][D][virtualfilesystem_physfs.cpp:814]: Mounted Data: C:/Program Files (x86)/Steam/steamapps/common/Crusader Kings III/game/dlc/dlc012_afr
[19:17:46][D][virtualfilesystem_physfs.cpp:814]: Mounted Data: C:/Program Files (x86)/Steam/steamapps/common/Crusader Kings III/game/dlc/dlc017_cp3
[19:17:46][D][virtualfilesystem_physfs.cpp:814]: Mounted Data: C:/Program Files (x86)/Steam/steamapps/common/Crusader Kings III/game/dlc/dlc011_ce1
[19:17:46][D][virtualfilesystem_physfs.cpp:814]: Mounted Data: C:/Program Files (x86)/Steam/steamapps/common/Crusader Kings III/game/dlc/dlc010_fp3
[19:17:46][D][virtualfilesystem_physfs.cpp:814]: Mounted Data: C:/Program Files (x86)/Steam/steamapps/common/Crusader Kings III/game/dlc/dlc020_ce2
[19:17:46][D][virtualfilesystem_physfs.cpp:814]: Mounted Data: C:/Program Files (x86)/Steam/steamapps/common/Crusader Kings III/game/dlc/dlc024_cp6
[19:17:46][D][virtualfilesystem_physfs.cpp:814]: Mounted Data: C:/Program Files (x86)/Steam/steamapps/common/Crusader Kings III/game/dlc/dlc023_cp5
[19:17:46][D][virtualfilesystem_physfs.cpp:814]: Mounted Data: C:/Program Files (x86)/Steam/steamapps/common/Crusader Kings III/game/dlc/dlc001_preorder
[19:17:46][D][virtualfilesystem_physfs.cpp:814]: Mounted Data: C:/Program Files (x86)/Steam/steamapps/common/Crusader Kings III/game/dlc/dlc006_bp1
[19:17:46][D][virtualfilesystem_physfs.cpp:814]: Mounted Data: C:/Program Files (x86)/Steam/steamapps/common/Crusader Kings III/game/dlc/dlc002_sp_day1
[19:17:46][D][virtualfilesystem_physfs.cpp:814]: Mounted Data: C:/Program Files (x86)/Steam/steamapps/common/Crusader Kings III/game/dlc/dlc008_sp2
[19:17:46][D][virtualfilesystem_physfs.cpp:814]: Mounted Data: C:/Program Files (x86)/Steam/steamapps/common/Crusader Kings III/game/dlc/dlc026_cp8
[19:17:46][D][virtualfilesystem_physfs.cpp:814]: Mounted Data: C:/Program Files (x86)/Steam/steamapps/common/Crusader Kings III/game/dlc/dlc019_sp4
[19:17:46][D][virtualfilesystem_physfs.cpp:814]: Mounted Data: C:/Program Files (x86)/Steam/steamapps/common/Crusader Kings III/game/dlc/dlc013_sp3
[19:17:46][D][virtualfilesystem_physfs.cpp:814]: Mounted Data: C:/Program Files (x86)/Steam/steamapps/common/Crusader Kings III/game/dlc/dlc021_bp4
[19:17:46][D][virtualfilesystem_physfs.cpp:814]: Mounted Data: C:/Program Files (x86)/Steam/steamapps/common/Crusader Kings III/game/dlc/dlc027_cp9
[19:17:46][D][virtualfilesystem_physfs.cpp:814]: Mounted Data: C:/Program Files (x86)/Steam/steamapps/common/Crusader Kings III/game/dlc/dlc030_ce3
[19:17:46][D][virtualfilesystem_physfs.cpp:814]: Mounted Data: C:/Program Files (x86)/Steam/steamapps/common/Crusader Kings III/game/dlc/dlc018_cp4
[19:17:46][D][virtualfilesystem_physfs.cpp:814]: Mounted Data: C:/Program Files (x86)/Steam/steamapps/common/Crusader Kings III/game/dlc/dlc022_ep4
[19:17:46][D][virtualfilesystem_physfs.cpp:814]: Mounted Data: C:/workspace/ck3_lyd_runtime_20261004/live-attempt-005/content/production
[19:17:46][D][virtualfilesystem_physfs.cpp:814]: Mounted Data: C:/workspace/ck3_lyd_runtime_20261004/live-attempt-005/content/fixture
[19:17:46][D][virtualfilesystem_physfs.cpp:814]: Mounted Data: C:/workspace/ck3_lyd_runtime_20261004/live-attempt-005/content/i2-fixture
[19:17:46][D][virtualfilesystem.cpp:340]: Starting pre-enumerating 'gfx/models'(, , -1)
[19:17:48][D][virtualfilesystem.cpp:340]: Starting pre-enumerating 'sound'(.audio2, , -1)
[19:17:48][D][virtualfilesystem.cpp:340]: Starting pre-enumerating 'fonts'(.font, , -1)
[19:17:48][D][virtualfilesystem.cpp:340]: Starting pre-enumerating 'gui'(.gui, , -1)
[19:17:48][D][virtualfilesystem.cpp:314]: Done enumerating 'sound'(.audio2, , -1) in 0.008 seconds
[19:17:48][D][virtualfilesystem.cpp:314]: Done enumerating 'fonts'(.font, , -1) in 0.035 seconds
[19:17:48][D][virtualfilesystem.cpp:314]: Done enumerating 'gui'(.gui, , -1) in 0.062 seconds
[19:17:48][D][defines.cpp:180]: Define 'GREAT_PROJECT_ILLUSTRATION_PATH' defined in 'common/defines/graphic/00_graphics.txt' not specified. Maybe a define macro is missing
[19:17:48][D][virtualfilesystem.cpp:340]: Starting pre-enumerating 'gfx/interface/illustrations/loading_screens'(.dds, , 0)
[19:17:48][D][virtualfilesystem.cpp:340]: Starting pre-enumerating 'gfx/interface/frontend'(.dds, , 0)
[19:17:48][D][virtualfilesystem.cpp:340]: Starting pre-enumerating 'common/script_values'(.txt, , 0)
[19:17:48][D][virtualfilesystem.cpp:340]: Starting pre-enumerating 'common/scripted_effects'(.txt, , 0)
[19:17:48][D][virtualfilesystem.cpp:340]: Starting pre-enumerating 'common/scripted_triggers'(.txt, , 0)
[19:17:48][D][virtualfilesystem.cpp:340]: Starting pre-enumerating 'common/scripted_modifiers'(.txt, , 0)
[19:17:48][D][virtualfilesystem.cpp:340]: Starting pre-enumerating 'common/scripted_lists'(.txt, , 0)
[19:17:48][D][virtualfilesystem.cpp:340]: Starting pre-enumerating 'common/scripted_guis'(.txt, , 0)
[19:17:48][D][virtualfilesystem.cpp:340]: Starting pre-enumerating 'common/scripted_rules'(.txt, , 0)
[19:17:48][D][virtualfilesystem.cpp:340]: Starting pre-enumerating 'common/customizable_localization'(.txt, , 0)
[19:17:48][D][virtualfilesystem.cpp:340]: Starting pre-enumerating 'common/ethnicities'(.txt, , 0)
[19:17:48][D][virtualfilesystem.cpp:340]: Starting pre-enumerating 'common/genes'(.txt, , 0)
[19:17:48][D][virtualfilesystem.cpp:340]: Starting pre-enumerating 'common/portrait_types'(.txt, , 0)
[19:17:48][D][virtualfilesystem.cpp:340]: Starting pre-enumerating 'gfx/portraits/accessory_variations'(.txt, , 0)
[19:17:48][D][virtualfilesystem.cpp:340]: Starting pre-enumerating 'gfx/portraits/accessories'(.txt, , 0)
[19:17:48][D][virtualfilesystem.cpp:340]: Starting pre-enumerating 'gfx/portraits/portrait_animations'(.txt, , 0)
[19:17:48][D][virtualfilesystem.cpp:340]: Starting pre-enumerating 'gfx/portraits/cameras'(.txt, , 0)
[19:17:48][D][virtualfilesystem.cpp:340]: Starting pre-enumerating 'gfx/portraits/environments'(.txt, , 0)
[19:17:48][D][virtualfilesystem.cpp:340]: Starting pre-enumerating 'gfx/portraits/portrait_modifiers'(.txt, , 0)
[19:17:48][D][virtualfilesystem.cpp:340]: Starting pre-enumerating 'common/named_colors'(.txt, , 0)
[19:17:48][D][virtualfilesystem.cpp:340]: Starting pre-enumerating 'common/coat_of_arms/coat_of_arms'(.txt, , 0)
[19:17:48][D][virtualfilesystem.cpp:340]: Starting pre-enumerating 'common/coat_of_arms/template_lists'(.txt, , 0)
[19:17:48][D][virtualfilesystem.cpp:340]: Starting pre-enumerating 'common/game_concepts'(.txt, , 0)
[19:17:48][D][virtualfilesystem.cpp:340]: Starting pre-enumerating 'common/modifier_definition_formats'(.txt, , 0)
[19:17:48][D][virtualfilesystem.cpp:340]: Starting pre-enumerating 'events'(.txt, , -1)
[19:17:48][D][virtualfilesystem.cpp:340]: Starting pre-enumerating 'common/province_terrain'(.txt, , -1)
[19:17:48][D][virtualfilesystem.cpp:340]: Starting pre-enumerating 'common/on_action'(.txt, , -1)
[19:17:48][D][virtualfilesystem.cpp:340]: Starting pre-enumerating 'history/characters'(.txt, , -1)
[19:17:48][D][virtualfilesystem.cpp:340]: Starting pre-enumerating 'history/province_mapping'(.txt, , -1)
[19:17:48][D][virtualfilesystem.cpp:340]: Starting pre-enumerating 'history/titles'(.txt, , -1)
[19:17:48][D][virtualfilesystem.cpp:340]: Starting pre-enumerating 'history/wars'(.txt, , -1)
[19:17:48][D][virtualfilesystem.cpp:340]: Starting pre-enumerating 'history/cultures'(.txt, , -1)
[19:17:48][D][virtualfilesystem.cpp:340]: Starting pre-enumerating 'history/struggles'(.txt, , -1)
[19:17:48][D][virtualfilesystem.cpp:340]: Starting pre-enumerating 'common/scripted_relations'(.txt, , 0)
[19:17:48][D][virtualfilesystem.cpp:340]: Starting pre-enumerating 'common/traits'(.txt, , 0)
[19:17:48][D][virtualfilesystem.cpp:340]: Starting pre-enumerating 'common/terrain_types'(.txt, , 0)
[19:17:48][D][virtualfilesystem.cpp:340]: Starting pre-enumerating 'common/tutorial_lessons'(.txt, , 0)
[19:17:48][D][virtualfilesystem.cpp:340]: Starting pre-enumerating 'common/tutorial_lesson_chains'(.txt, , 0)
[19:17:48][D][virtualfilesystem.cpp:340]: Starting pre-enumerating 'common/succession_election'(.txt, , 0)
[19:17:48][D][virtualfilesystem.cpp:340]: Starting pre-enumerating 'gfx/portraits/trait_portrait_modifiers'(.txt, , 0)
[19:17:48][D][virtualfilesystem.cpp:340]: Starting pre-enumerating 'common/scripted_animations'(.txt, , 0)
[19:17:48][D][virtualfilesystem.cpp:340]: Starting pre-enumerating 'common/struggle/catalysts'(.txt, , 0)
[19:17:48][D][virtualfilesystem.cpp:340]: Starting pre-enumerating 'common/struggle/struggles'(.txt, , 0)
[19:17:48][D][virtualfilesystem.cpp:340]: Starting pre-enumerating 'common/task_contracts'(.txt, , 0)
[19:17:48][D][virtualfilesystem.cpp:340]: Starting pre-enumerating 'common/succession_appointment'(.txt, , 0)
[19:17:48][D][virtualfilesystem.cpp:340]: Starting pre-enumerating 'common/travel/travel_options'(.txt, , 0)
[19:17:48][D][virtualfilesystem.cpp:340]: Starting pre-enumerating 'common/travel/point_of_interest_types'(.txt, , 0)
[19:17:48][D][virtualfilesystem.cpp:340]: Starting pre-enumerating 'common/vassal_stances'(.txt, , 0)
[19:17:48][D][virtualfilesystem.cpp:340]: Starting pre-enumerating 'common/ai_war_stances'(.txt, , 0)
[19:17:48][D][virtualfilesystem.cpp:340]: Starting pre-enumerating 'common/combat_effects'(.txt, , 0)
[19:17:48][D][virtualfilesystem.cpp:340]: Starting pre-enumerating 'common/combat_phase_events'(.txt, , 0)
[19:17:48][D][virtualfilesystem.cpp:340]: Starting pre-enumerating 'common/factions'(.txt, , 0)
[19:17:48][D][virtualfilesystem.cpp:340]: Starting pre-enumerating 'common/graphical_unit_types/'(.txt, , 0)
[19:17:48][D][virtualfilesystem.cpp:340]: Starting pre-enumerating 'common/men_at_arms_types'(.txt, , 0)
[19:17:48][D][virtualfilesystem.cpp:340]: Starting pre-enumerating 'common/raids/intents'(.txt, , 0)
[19:17:48][D][virtualfilesystem.cpp:340]: Starting pre-enumerating 'common/situation/situations'(.txt, , 0)
[19:17:48][D][virtualfilesystem.cpp:340]: Starting pre-enumerating 'common/situation/situation_group_types'(.txt, , 0)
[19:17:48][D][virtualfilesystem.cpp:340]: Starting pre-enumerating 'common/situation/catalysts'(.txt, , 0)
[19:17:48][D][virtualfilesystem.cpp:340]: Starting pre-enumerating 'common/religion/doctrine_category_types'(.txt, , 0)
[19:17:48][D][virtualfilesystem.cpp:340]: Starting pre-enumerating 'common/religion/doctrine_group_types'(.txt, , 0)
[19:17:48][D][virtualfilesystem.cpp:340]: Starting pre-enumerating 'common/religion/doctrine_types'(.txt, , 0)
[19:17:48][D][virtualfilesystem.cpp:340]: Starting pre-enumerating 'common/religion/rite_icons'(.txt, , 0)
[19:17:48][D][virtualfilesystem.cpp:340]: Starting pre-enumerating 'common/religion/rite_names'(.txt, , 0)
[19:17:48][D][virtualfilesystem.cpp:340]: Starting pre-enumerating 'common/religion/holy_site_types'(.txt, , 0)
[19:17:48][D][virtualfilesystem.cpp:340]: Starting pre-enumerating 'common/holy_orders'(.txt, , 0)
[19:17:48][D][virtualfilesystem.cpp:340]: Starting pre-enumerating 'common/religion/faith_types'(.txt, , 0)
[19:17:48][D][virtualfilesystem.cpp:340]: Starting pre-enumerating 'common/religion/religion_family_types'(.txt, , 0)
[19:17:48][D][virtualfilesystem.cpp:340]: Starting pre-enumerating 'common/religion/religion_types'(.txt, , 0)
[19:17:48][D][virtualfilesystem.cpp:340]: Starting pre-enumerating 'common/religion/rite_types'(.txt, , 0)
[19:17:48][D][virtualfilesystem.cpp:340]: Starting pre-enumerating 'common/religion/tenet_types'(.txt, , 0)
[19:17:48][D][virtualfilesystem.cpp:340]: Starting pre-enumerating 'common/spiritual_fulfillment'(.txt, , 0)
[19:17:48][D][virtualfilesystem.cpp:340]: Starting pre-enumerating 'common/casus_belli_groups'(.txt, , 0)
[19:17:48][D][virtualfilesystem.cpp:340]: Starting pre-enumerating 'common/casus_belli_types'(.txt, , 0)
[19:17:48][D][virtualfilesystem.cpp:340]: Starting pre-enumerating 'common/confederation_types/'(.txt, , 0)
[19:17:48][D][virtualfilesystem.cpp:340]: Starting pre-enumerating 'common/council_positions'(.txt, , 0)
[19:17:48][D][virtualfilesystem.cpp:340]: Starting pre-enumerating 'common/council_tasks'(.txt, , 0)
[19:17:48][D][virtualfilesystem.cpp:340]: Starting pre-enumerating 'common/coat_of_arms/dynamic_definitions'(.txt, , 0)
[19:17:48][D][virtualfilesystem.cpp:340]: Starting pre-enumerating 'common/decisions'(.txt, , 0)
[19:17:48][D][virtualfilesystem.cpp:340]: Starting pre-enumerating 'common/decision_group_types'(.txt, , 0)
[19:17:48][D][virtualfilesystem.cpp:340]: Starting pre-enumerating 'common/diarchies/diarchy_types'(.txt, , 0)
[19:17:48][D][virtualfilesystem.cpp:340]: Starting pre-enumerating 'common/house_aspirations'(.txt, , 0)
[19:17:48][D][virtualfilesystem.cpp:340]: Starting pre-enumerating 'common/house_relation_types/'(.txt, , 0)
[19:17:48][D][virtualfilesystem.cpp:340]: Starting pre-enumerating 'common/house_unities'(.txt, , 0)
[19:17:48][D][virtualfilesystem.cpp:340]: Starting pre-enumerating 'map_data/geographical_regions'(.txt, , 0)
[19:17:48][D][virtualfilesystem.cpp:340]: Starting pre-enumerating 'common/governments'(.txt, , 0)
[19:17:48][D][virtualfilesystem.cpp:340]: Starting pre-enumerating 'common/diarchies/diarchy_mandates'(.txt, , 0)
[19:17:48][D][virtualfilesystem.cpp:340]: Starting pre-enumerating 'common/landed_titles'(.txt, , 0)
[19:17:48][D][virtualfilesystem.cpp:340]: Starting pre-enumerating 'common/laws'(.txt, , 0)
[19:17:48][D][virtualfilesystem.cpp:340]: Starting pre-enumerating 'common/law_groups'(.txt, , 0)
[19:17:48][D][virtualfilesystem.cpp:340]: Starting pre-enumerating 'common/lease_contracts'(.txt, , 0)
[19:17:48][D][virtualfilesystem.cpp:340]: Starting pre-enumerating 'common/subject_contracts/contracts'(.txt, , 0)
[19:17:48][D][virtualfilesystem.cpp:340]: Starting pre-enumerating 'common/subject_contracts/groups'(.txt, , 0)
[19:17:48][D][virtualfilesystem.cpp:340]: Starting pre-enumerating 'common/achievements'(.txt, , 0)
[19:17:48][D][virtualfilesystem.cpp:340]: Starting pre-enumerating 'dlc_metadata'(.txt, , 0)
[19:17:48][D][virtualfilesystem.cpp:340]: Starting pre-enumerating 'common/important_actions'(.txt, , 0)
[19:17:48][D][virtualfilesystem.cpp:340]: Starting pre-enumerating 'common/message_filter_types'(.txt, , 0)
[19:17:48][D][virtualfilesystem.cpp:340]: Starting pre-enumerating 'common/message_group_types'(.txt, , 0)
[19:17:48][D][virtualfilesystem.cpp:340]: Starting pre-enumerating 'common/messages'(.txt, , 0)
[19:17:48][D][virtualfilesystem.cpp:340]: Starting pre-enumerating 'common/ruler_objective_advice_types/'(.txt, , 0)
[19:17:48][D][virtualfilesystem.cpp:340]: Starting pre-enumerating 'tests'(.txt, , 0)
[19:17:48][D][virtualfilesystem.cpp:340]: Starting pre-enumerating 'common/suggestions'(.txt, , 0)
[19:17:48][D][virtualfilesystem.cpp:340]: Starting pre-enumerating 'common/hook_types'(.txt, , 0)
[19:17:48][D][virtualfilesystem.cpp:340]: Starting pre-enumerating 'common/schemes/agent_types'(.txt, , 0)
[19:17:48][D][virtualfilesystem.cpp:340]: Starting pre-enumerating 'common/schemes/scheme_countermeasures'(.txt, , 0)
[19:17:48][D][virtualfilesystem.cpp:340]: Starting pre-enumerating 'common/schemes/pulse_actions'(.txt, , 0)
[19:17:48][D][virtualfilesystem.cpp:340]: Starting pre-enumerating 'common/schemes/scheme_types'(.txt, , 0)
[19:17:48][D][virtualfilesystem.cpp:340]: Starting pre-enumerating 'common/secret_types'(.txt, , 0)
[19:17:48][D][virtualfilesystem.cpp:340]: Starting pre-enumerating 'common/puppets/actions'(.txt, , 0)
[19:17:48][D][virtualfilesystem.cpp:340]: Starting pre-enumerating 'common/puppets/types'(.txt, , 0)
[19:17:48][D][virtualfilesystem.cpp:340]: Starting pre-enumerating 'common/culture/aesthetics_bundles'(.txt, , 0)
[19:17:48][D][virtualfilesystem.cpp:340]: Starting pre-enumerating 'common/culture/creation_names'(.txt, , 0)
[19:17:48][D][virtualfilesystem.cpp:340]: Starting pre-enumerating 'common/culture/eras'(.txt, , 0)
[19:17:48][D][virtualfilesystem.cpp:340]: Starting pre-enumerating 'common/culture/innovations'(.txt, , 0)
[19:17:48][D][virtualfilesystem.cpp:340]: Starting pre-enumerating 'common/culture/name_equivalency'(.txt, , 0)
[19:17:48][D][virtualfilesystem.cpp:340]: Starting pre-enumerating 'common/culture/name_lists'(.txt, , 0)
[19:17:48][D][virtualfilesystem.cpp:340]: Starting pre-enumerating 'common/culture/cultures'(.txt, , 0)
[19:17:48][D][virtualfilesystem.cpp:340]: Starting pre-enumerating 'common/culture/pillars'(.txt, , 0)
[19:17:48][D][virtualfilesystem.cpp:340]: Starting pre-enumerating 'common/culture/traditions'(.txt, , 0)
[19:17:48][D][virtualfilesystem.cpp:340]: Starting pre-enumerating 'common/court_amenities/'(.txt, , 0)
[19:17:48][D][virtualfilesystem.cpp:340]: Starting pre-enumerating 'common/court_positions/tasks'(.txt, , 0)
[19:17:48][D][virtualfilesystem.cpp:340]: Starting pre-enumerating 'common/court_positions/types'(.txt, , 0)
[19:17:48][D][virtualfilesystem.cpp:340]: Starting pre-enumerating 'gfx/court_scene/character_groups'(.txt, , 0)
[19:17:48][D][virtualfilesystem.cpp:340]: Starting pre-enumerating 'gfx/court_scene/character_roles'(.txt, , 0)
[19:17:48][D][virtualfilesystem.cpp:340]: Starting pre-enumerating 'common/court_types'(.txt, , 0)
[19:17:48][D][virtualfilesystem.cpp:340]: Starting pre-enumerating 'common/courtier_guest_management'(.txt, , 0)
[19:17:48][D][virtualfilesystem.cpp:340]: Starting pre-enumerating 'common/guest_system'(.txt, , 0)
[19:17:48][D][virtualfilesystem.cpp:340]: Starting pre-enumerating 'common/bookmarks/challenge_characters'(.txt, , 0)
[19:17:48][D][virtualfilesystem.cpp:340]: Starting pre-enumerating 'common/character_backgrounds'(.txt, , 0)
[19:17:48][D][virtualfilesystem.cpp:340]: Starting pre-enumerating 'common/character_interactions'(.txt, , 0)
[19:17:48][D][virtualfilesystem.cpp:340]: Starting pre-enumerating 'common/character_interaction_categories'(.txt, , 0)
[19:17:48][D][virtualfilesystem.cpp:340]: Starting pre-enumerating 'common/character_memory_types'(.txt, , 0)
[19:17:48][D][virtualfilesystem.cpp:340]: Starting pre-enumerating 'common/deathreasons'(.txt, , 0)
[19:17:48][D][virtualfilesystem.cpp:340]: Starting pre-enumerating 'common/dna_data'(.txt, , 0)
[19:17:48][D][virtualfilesystem.cpp:340]: Starting pre-enumerating 'common/pool_character_selectors'(.txt, , 0)
[19:17:48][D][virtualfilesystem.cpp:340]: Starting pre-enumerating 'common/dynasty_house_mottos'(.txt, , 0)
[19:17:48][D][virtualfilesystem.cpp:340]: Starting pre-enumerating 'common/dynasty_house_motto_inserts'(.txt, , 0)
[19:17:48][D][virtualfilesystem.cpp:340]: Starting pre-enumerating 'common/dynasty_houses'(.txt, , 0)
[19:17:48][D][virtualfilesystem.cpp:340]: Starting pre-enumerating 'common/dynasty_perks'(.txt, , 0)
[19:17:48][D][virtualfilesystem.cpp:340]: Starting pre-enumerating 'common/dynasty_legacies'(.txt, , 0)
[19:17:48][D][virtualfilesystem.cpp:340]: Starting pre-enumerating 'common/dynasties'(.txt, , 0)
[19:17:48][D][virtualfilesystem.cpp:340]: Starting pre-enumerating 'common/epidemics'(.txt, , 0)
[19:17:48][D][virtualfilesystem.cpp:340]: Starting pre-enumerating 'common/focuses'(.txt, , 0)
[19:17:48][D][virtualfilesystem.cpp:340]: Starting pre-enumerating 'common/legitimacy'(.txt, , 0)
[19:17:48][D][virtualfilesystem.cpp:340]: Starting pre-enumerating 'common/lifestyles'(.txt, , 0)
[19:17:48][D][virtualfilesystem.cpp:340]: Starting pre-enumerating 'common/lifestyle_perks'(.txt, , 0)
[19:17:48][D][virtualfilesystem.cpp:340]: Starting pre-enumerating 'common/legends/legend_seeds'(.txt, , 0)
[19:17:48][D][virtualfilesystem.cpp:340]: Starting pre-enumerating 'common/legends/chronicles'(.txt, , 0)
[19:17:48][D][virtualfilesystem.cpp:340]: Starting pre-enumerating 'common/legends/legend_types'(.txt, , 0)
[19:17:48][D][virtualfilesystem.cpp:340]: Starting pre-enumerating 'common/nicknames'(.txt, , 0)
[19:17:48][D][virtualfilesystem.cpp:340]: Starting pre-enumerating 'common/opinion_modifiers'(.txt, , 0)
[19:17:48][D][virtualfilesystem.cpp:340]: Starting pre-enumerating 'common/scripted_character_templates'(.txt, , 0)
[19:17:48][D][virtualfilesystem.cpp:340]: Starting pre-enumerating 'common/scripted_costs'(.txt, , 0)
[19:17:48][D][virtualfilesystem.cpp:340]: Starting pre-enumerating 'common/modifiers'(.txt, , 0)
[19:17:48][D][virtualfilesystem.cpp:340]: Starting pre-enumerating 'common/story_cycles'(.txt, , 0)
[19:17:48][D][virtualfilesystem.cpp:340]: Starting pre-enumerating 'common/buildings'(.txt, , 0)
[19:17:48][D][virtualfilesystem.cpp:340]: Starting pre-enumerating 'common/domiciles/buildings'(.txt, , 0)
[19:17:48][D][virtualfilesystem.cpp:340]: Starting pre-enumerating 'common/domiciles/types'(.txt, , 0)
[19:17:48][D][virtualfilesystem.cpp:340]: Starting pre-enumerating 'common/great_projects/types'(.txt, , 0)
[19:17:48][D][virtualfilesystem.cpp:340]: Starting pre-enumerating 'common/holdings'(.txt, , 0)
[19:17:48][D][virtualfilesystem.cpp:340]: Starting pre-enumerating 'common/bookmarks/bookmarks'(.txt, , 0)
[19:17:48][D][virtualfilesystem.cpp:340]: Starting pre-enumerating 'common/bookmarks/groups'(.txt, , 0)
[19:17:48][D][virtualfilesystem.cpp:340]: Starting pre-enumerating 'common/bookmark_portraits'(.txt, , 0)
[19:17:48][D][virtualfilesystem.cpp:340]: Starting pre-enumerating 'common/menu_scenes'(.txt, , 0)
[19:17:48][D][virtualfilesystem.cpp:340]: Starting pre-enumerating 'common/artifacts/blueprints'(.txt, , 0)
[19:17:48][D][virtualfilesystem.cpp:340]: Starting pre-enumerating 'common/artifacts/features'(.txt, , 0)
[19:17:48][D][virtualfilesystem.cpp:340]: Starting pre-enumerating 'common/artifacts/feature_groups'(.txt, , 0)
[19:17:48][D][virtualfilesystem.cpp:340]: Starting pre-enumerating 'common/artifacts/templates'(.txt, , 0)
[19:17:48][D][virtualfilesystem.cpp:340]: Starting pre-enumerating 'common/artifacts/types'(.txt, , 0)
[19:17:48][D][virtualfilesystem.cpp:340]: Starting pre-enumerating 'common/artifacts/visuals'(.txt, , 0)
[19:17:48][D][virtualfilesystem.cpp:340]: Starting pre-enumerating 'common/artifacts/slots'(.txt, , 0)
[19:17:48][D][virtualfilesystem.cpp:340]: Starting pre-enumerating 'common/connection_arrows'(.txt, , 0)
[19:17:48][D][virtualfilesystem.cpp:340]: Starting pre-enumerating 'common/flavorization'(.txt, , 0)
[19:17:48][D][virtualfilesystem.cpp:340]: Starting pre-enumerating 'gfx/interface/illustrations/scripted_illustrations'(.txt, , 0)
[19:17:48][D][virtualfilesystem.cpp:340]: Starting pre-enumerating 'gfx/skins/hud_skins'(.txt, , 0)
[19:17:48][D][virtualfilesystem.cpp:340]: Starting pre-enumerating 'common/inspirations'(.txt, , 0)
[19:17:48][D][virtualfilesystem.cpp:340]: Starting pre-enumerating 'common/activities/guest_invite_rules'(.txt, , 0)
[19:17:48][D][virtualfilesystem.cpp:340]: Starting pre-enumerating 'common/activities/activity_group_types'(.txt, , 0)
[19:17:48][D][virtualfilesystem.cpp:340]: Starting pre-enumerating 'common/activities/intents'(.txt, , 0)
[19:17:48][D][virtualfilesystem.cpp:340]: Starting pre-enumerating 'common/activities/activity_locales'(.txt, , 0)
[19:17:48][D][virtualfilesystem.cpp:340]: Starting pre-enumerating 'common/activities/pulse_actions'(.txt, , 0)
[19:17:48][D][virtualfilesystem.cpp:340]: Starting pre-enumerating 'common/activities/activity_types'(.txt, , 0)
[19:17:48][D][virtualfilesystem.cpp:340]: Starting pre-enumerating 'common/accolade_names'(.txt, , 0)
[19:17:48][D][virtualfilesystem.cpp:340]: Starting pre-enumerating 'common/accolade_types'(.txt, , 0)
[19:17:48][D][virtualfilesystem.cpp:340]: Starting pre-enumerating 'common/tax_slots/types'(.txt, , 0)
[19:17:48][D][virtualfilesystem.cpp:340]: Starting pre-enumerating 'common/tax_slots/obligations'(.txt, , 0)
[19:17:48][D][virtualfilesystem.cpp:340]: Starting pre-enumerating 'music/in_game'(.txt, , 0)
[19:17:48][D][virtualfilesystem.cpp:340]: Starting pre-enumerating 'gfx/interface/illustrations/loading_screens'(, , 0)
[19:17:48][D][virtualfilesystem.cpp:340]: Starting pre-enumerating 'common/console_groups'(.txt, , 0)
[19:17:48][D][virtualfilesystem.cpp:340]: Starting pre-enumerating 'common/event_pictures'(.txt, , 0)
[19:17:48][D][virtualfilesystem.cpp:340]: Starting pre-enumerating 'common/event_themes'(.txt, , 0)
[19:17:48][D][virtualfilesystem.cpp:340]: Starting pre-enumerating 'common/unit_assets'(.txt, , 0)
[19:17:48][D][virtualfilesystem.cpp:340]: Starting pre-enumerating 'gfx/map/map_modes'(.txt, , 0)
[19:17:48][D][virtualfilesystem.cpp:340]: Starting pre-enumerating 'common/playable_difficulty_infos'(.txt, , 0)
[19:17:48][D][virtualfilesystem.cpp:340]: Starting pre-enumerating 'gfx/map/province_effects'(.txt, , 0)
[19:17:48][D][pdx_localize.cpp:142]: LocalizeShutdown
[19:17:48][D][pdx_localize.cpp:128]: LocalizeInit
[19:17:48][D][virtualfilesystem.cpp:314]: Done enumerating 'gfx/interface/frontend'(.dds, , 0) in 0.004 seconds
[19:17:48][D][virtualfilesystem.cpp:314]: Done enumerating 'common/scripted_lists'(.txt, , 0) in 0.004 seconds
[19:17:48][D][virtualfilesystem.cpp:314]: Done enumerating 'common/scripted_guis'(.txt, , 0) in 0.004 seconds
[19:17:48][D][virtualfilesystem.cpp:314]: Done enumerating 'common/genes'(.txt, , 0) in 0.004 seconds
[19:17:48][D][virtualfilesystem.cpp:314]: Done enumerating 'common/scripted_rules'(.txt, , 0) in 0.004 seconds
[19:17:48][D][virtualfilesystem.cpp:314]: Done enumerating 'gfx/interface/illustrations/loading_screens'(.dds, , 0) in 0.004 seconds
[19:17:48][D][virtualfilesystem.cpp:314]: Done enumerating 'common/portrait_types'(.txt, , 0) in 0.004 seconds
[19:17:48][D][virtualfilesystem.cpp:314]: Done enumerating 'common/scripted_modifiers'(.txt, , 0) in 0.005 seconds
[19:17:48][D][virtualfilesystem.cpp:314]: Done enumerating 'common/ethnicities'(.txt, , 0) in 0.005 seconds
[19:17:48][D][virtualfilesystem.cpp:314]: Done enumerating 'common/script_values'(.txt, , 0) in 0.005 seconds
[19:17:48][D][virtualfilesystem.cpp:314]: Done enumerating 'common/customizable_localization'(.txt, , 0) in 0.005 seconds
[19:17:48][D][virtualfilesystem.cpp:314]: Done enumerating 'common/scripted_triggers'(.txt, , 0) in 0.006 seconds
[19:17:48][D][virtualfilesystem.cpp:314]: Done enumerating 'common/scripted_effects'(.txt, , 0) in 0.006 seconds
[19:17:48][D][virtualfilesystem.cpp:314]: Done enumerating 'gfx/portraits/portrait_modifiers'(.txt, , 0) in 0.003 seconds
[19:17:48][D][virtualfilesystem.cpp:314]: Done enumerating 'gfx/portraits/accessory_variations'(.txt, , 0) in 0.004 seconds
[19:17:48][D][virtualfilesystem.cpp:314]: Done enumerating 'gfx/portraits/accessories'(.txt, , 0) in 0.004 seconds
[19:17:48][D][virtualfilesystem.cpp:314]: Done enumerating 'gfx/portraits/portrait_animations'(.txt, , 0) in 0.004 seconds
[19:17:48][D][virtualfilesystem.cpp:314]: Done enumerating 'gfx/portraits/cameras'(.txt, , 0) in 0.004 seconds
[19:17:48][D][virtualfilesystem.cpp:314]: Done enumerating 'common/named_colors'(.txt, , 0) in 0.004 seconds
[19:17:48][D][virtualfilesystem.cpp:314]: Done enumerating 'common/coat_of_arms/coat_of_arms'(.txt, , 0) in 0.004 seconds
[19:17:48][D][virtualfilesystem.cpp:314]: Done enumerating 'common/coat_of_arms/template_lists'(.txt, , 0) in 0.004 seconds
[19:17:48][D][virtualfilesystem.cpp:314]: Done enumerating 'common/game_concepts'(.txt, , 0) in 0.004 seconds
[19:17:48][D][virtualfilesystem.cpp:314]: Done enumerating 'common/modifier_definition_formats'(.txt, , 0) in 0.004 seconds
[19:17:48][D][virtualfilesystem.cpp:314]: Done enumerating 'gfx/portraits/environments'(.txt, , 0) in 0.005 seconds
[19:17:48][D][virtualfilesystem.cpp:314]: Done enumerating 'common/province_terrain'(.txt, , -1) in 0.004 seconds
[19:17:48][D][virtualfilesystem.cpp:314]: Done enumerating 'history/province_mapping'(.txt, , -1) in 0.004 seconds
[19:17:48][D][virtualfilesystem.cpp:314]: Done enumerating 'history/wars'(.txt, , -1) in 0.004 seconds
[19:17:48][D][virtualfilesystem.cpp:314]: Done enumerating 'history/characters'(.txt, , -1) in 0.004 seconds
[19:17:48][D][virtualfilesystem.cpp:314]: Done enumerating 'history/struggles'(.txt, , -1) in 0.004 seconds
[19:17:48][D][virtualfilesystem.cpp:314]: Done enumerating 'common/scripted_relations'(.txt, , 0) in 0.004 seconds
[19:17:48][D][virtualfilesystem.cpp:314]: Done enumerating 'history/cultures'(.txt, , -1) in 0.004 seconds
[19:17:48][D][virtualfilesystem.cpp:314]: Done enumerating 'common/traits'(.txt, , 0) in 0.004 seconds
[19:17:48][D][virtualfilesystem.cpp:314]: Done enumerating 'common/terrain_types'(.txt, , 0) in 0.004 seconds
[19:17:48][D][virtualfilesystem.cpp:314]: Done enumerating 'common/tutorial_lessons'(.txt, , 0) in 0.004 seconds
[19:17:48][D][virtualfilesystem.cpp:314]: Done enumerating 'common/tutorial_lesson_chains'(.txt, , 0) in 0.004 seconds
[19:17:48][D][virtualfilesystem.cpp:314]: Done enumerating 'common/succession_election'(.txt, , 0) in 0.004 seconds
[19:17:48][D][virtualfilesystem.cpp:314]: Done enumerating 'common/scripted_animations'(.txt, , 0) in 0.004 seconds
[19:17:48][D][virtualfilesystem.cpp:314]: Done enumerating 'gfx/portraits/trait_portrait_modifiers'(.txt, , 0) in 0.004 seconds
[19:17:48][D][virtualfilesystem.cpp:314]: Done enumerating 'history/titles'(.txt, , -1) in 0.008 seconds
[19:17:48][D][virtualfilesystem.cpp:314]: Done enumerating 'common/struggle/catalysts'(.txt, , 0) in 0.004 seconds
[19:17:48][D][virtualfilesystem.cpp:314]: Done enumerating 'common/struggle/struggles'(.txt, , 0) in 0.004 seconds
[19:17:48][D][virtualfilesystem.cpp:314]: Done enumerating 'common/task_contracts'(.txt, , 0) in 0.004 seconds
[19:17:48][D][virtualfilesystem.cpp:314]: Done enumerating 'common/travel/travel_options'(.txt, , 0) in 0.004 seconds
[19:17:48][D][virtualfilesystem.cpp:314]: Done enumerating 'common/succession_appointment'(.txt, , 0) in 0.004 seconds
[19:17:48][D][virtualfilesystem.cpp:314]: Done enumerating 'common/travel/point_of_interest_types'(.txt, , 0) in 0.005 seconds
[19:17:48][D][virtualfilesystem.cpp:314]: Done enumerating 'common/vassal_stances'(.txt, , 0) in 0.005 seconds
[19:17:48][D][virtualfilesystem.cpp:314]: Done enumerating 'common/ai_war_stances'(.txt, , 0) in 0.009 seconds
[19:17:48][D][virtualfilesystem.cpp:314]: Done enumerating 'common/graphical_unit_types/'(.txt, , 0) in 0.010 seconds
[19:17:48][D][virtualfilesystem.cpp:314]: Done enumerating 'common/combat_phase_events'(.txt, , 0) in 0.011 seconds
[19:17:48][D][virtualfilesystem.cpp:314]: Done enumerating 'common/combat_effects'(.txt, , 0) in 0.011 seconds
[19:17:48][D][virtualfilesystem.cpp:314]: Done enumerating 'common/factions'(.txt, , 0) in 0.011 seconds
[19:17:48][D][virtualfilesystem.cpp:314]: Done enumerating 'common/situation/catalysts'(.txt, , 0) in 0.010 seconds
[19:17:48][D][virtualfilesystem.cpp:314]: Done enumerating 'common/situation/situations'(.txt, , 0) in 0.011 seconds
[19:17:48][D][virtualfilesystem.cpp:314]: Done enumerating 'common/religion/doctrine_category_types'(.txt, , 0) in 0.009 seconds
[19:17:48][D][virtualfilesystem.cpp:314]: Done enumerating 'common/men_at_arms_types'(.txt, , 0) in 0.012 seconds
[19:17:48][D][virtualfilesystem.cpp:314]: Done enumerating 'common/raids/intents'(.txt, , 0) in 0.013 seconds
[19:17:48][D][virtualfilesystem.cpp:314]: Done enumerating 'common/religion/doctrine_group_types'(.txt, , 0) in 0.005 seconds
[19:17:48][D][virtualfilesystem.cpp:314]: Done enumerating 'common/religion/doctrine_types'(.txt, , 0) in 0.006 seconds
[19:17:48][D][virtualfilesystem.cpp:314]: Done enumerating 'common/situation/situation_group_types'(.txt, , 0) in 0.016 seconds
[19:17:48][D][virtualfilesystem.cpp:314]: Done enumerating 'common/religion/religion_family_types'(.txt, , 0) in 0.007 seconds
[19:17:48][D][virtualfilesystem.cpp:314]: Done enumerating 'common/religion/faith_types'(.txt, , 0) in 0.008 seconds
[19:17:48][D][virtualfilesystem.cpp:314]: Done enumerating 'common/religion/holy_site_types'(.txt, , 0) in 0.008 seconds
[19:17:48][D][virtualfilesystem.cpp:314]: Done enumerating 'common/religion/rite_icons'(.txt, , 0) in 0.013 seconds
[19:17:48][D][virtualfilesystem.cpp:314]: Done enumerating 'common/religion/tenet_types'(.txt, , 0) in 0.010 seconds
[19:17:48][D][virtualfilesystem.cpp:314]: Done enumerating 'common/holy_orders'(.txt, , 0) in 0.013 seconds
[19:17:48][D][virtualfilesystem.cpp:314]: Done enumerating 'common/spiritual_fulfillment'(.txt, , 0) in 0.009 seconds
[19:17:48][D][virtualfilesystem.cpp:314]: Done enumerating 'common/religion/rite_names'(.txt, , 0) in 0.014 seconds
[19:17:48][D][virtualfilesystem.cpp:314]: Done enumerating 'common/religion/religion_types'(.txt, , 0) in 0.014 seconds
[19:17:48][D][virtualfilesystem.cpp:314]: Done enumerating 'common/religion/rite_types'(.txt, , 0) in 0.012 seconds
[19:17:48][D][virtualfilesystem.cpp:314]: Done enumerating 'common/council_positions'(.txt, , 0) in 0.007 seconds
[19:17:48][D][virtualfilesystem.cpp:314]: Done enumerating 'common/casus_belli_groups'(.txt, , 0) in 0.012 seconds
[19:17:48][D][virtualfilesystem.cpp:314]: Done enumerating 'common/casus_belli_types'(.txt, , 0) in 0.012 seconds
[19:17:48][D][virtualfilesystem.cpp:314]: Done enumerating 'common/decision_group_types'(.txt, , 0) in 0.008 seconds
[19:17:48][D][virtualfilesystem.cpp:314]: Done enumerating 'common/diarchies/diarchy_types'(.txt, , 0) in 0.008 seconds
[19:17:48][D][virtualfilesystem.cpp:314]: Done enumerating 'common/house_aspirations'(.txt, , 0) in 0.008 seconds
[19:17:48][D][virtualfilesystem.cpp:314]: Done enumerating 'common/coat_of_arms/dynamic_definitions'(.txt, , 0) in 0.011 seconds
[19:17:48][D][virtualfilesystem.cpp:314]: Done enumerating 'common/confederation_types/'(.txt, , 0) in 0.017 seconds
[19:17:48][D][virtualfilesystem.cpp:314]: Done enumerating 'map_data/geographical_regions'(.txt, , 0) in 0.009 seconds
[19:17:48][D][virtualfilesystem.cpp:314]: Done enumerating 'common/governments'(.txt, , 0) in 0.008 seconds
[19:17:48][D][virtualfilesystem.cpp:314]: Done enumerating 'common/house_unities'(.txt, , 0) in 0.013 seconds
[19:17:48][D][virtualfilesystem.cpp:314]: Done enumerating 'common/decisions'(.txt, , 0) in 0.015 seconds
[19:17:48][D][virtualfilesystem.cpp:314]: Done enumerating 'common/laws'(.txt, , 0) in 0.007 seconds
[19:17:48][D][virtualfilesystem.cpp:314]: Done enumerating 'common/house_relation_types/'(.txt, , 0) in 0.016 seconds
[19:17:48][D][virtualfilesystem.cpp:314]: Done enumerating 'common/law_groups'(.txt, , 0) in 0.009 seconds
[19:17:48][D][virtualfilesystem.cpp:314]: Done enumerating 'common/subject_contracts/groups'(.txt, , 0) in 0.007 seconds
[19:17:48][D][virtualfilesystem.cpp:314]: Done enumerating 'common/landed_titles'(.txt, , 0) in 0.013 seconds
[19:17:48][D][virtualfilesystem.cpp:314]: Done enumerating 'common/subject_contracts/contracts'(.txt, , 0) in 0.009 seconds
[19:17:48][D][virtualfilesystem.cpp:314]: Done enumerating 'common/council_tasks'(.txt, , 0) in 0.026 seconds
[19:17:48][D][virtualfilesystem.cpp:314]: Done enumerating 'common/message_group_types'(.txt, , 0) in 0.008 seconds
[19:17:48][D][virtualfilesystem.cpp:314]: Done enumerating 'common/lease_contracts'(.txt, , 0) in 0.015 seconds
[19:17:48][D][virtualfilesystem.cpp:314]: Done enumerating 'common/important_actions'(.txt, , 0) in 0.012 seconds
[19:17:48][D][virtualfilesystem.cpp:314]: Done enumerating 'dlc_metadata'(.txt, , 0) in 0.014 seconds
[19:17:48][D][virtualfilesystem.cpp:314]: Done enumerating 'common/diarchies/diarchy_mandates'(.txt, , 0) in 0.021 seconds
[19:17:48][D][virtualfilesystem.cpp:314]: Done enumerating 'common/messages'(.txt, , 0) in 0.007 seconds
[19:17:48][D][virtualfilesystem.cpp:314]: Done enumerating 'tests'(.txt, , 0) in 0.009 seconds
[19:17:48][D][virtualfilesystem.cpp:314]: Done enumerating 'common/message_filter_types'(.txt, , 0) in 0.016 seconds
[19:17:48][D][virtualfilesystem.cpp:314]: Done enumerating 'common/hook_types'(.txt, , 0) in 0.007 seconds
[19:17:48][D][virtualfilesystem.cpp:314]: Done enumerating 'common/achievements'(.txt, , 0) in 0.020 seconds
[19:17:48][D][virtualfilesystem.cpp:314]: Done enumerating 'common/ruler_objective_advice_types/'(.txt, , 0) in 0.014 seconds
[19:17:48][D][virtualfilesystem.cpp:314]: Done enumerating 'common/schemes/agent_types'(.txt, , 0) in 0.009 seconds
[19:17:48][D][virtualfilesystem.cpp:314]: Done enumerating 'common/secret_types'(.txt, , 0) in 0.007 seconds
[19:17:48][D][virtualfilesystem.cpp:314]: Done enumerating 'common/suggestions'(.txt, , 0) in 0.014 seconds
[19:17:48][D][virtualfilesystem.cpp:314]: Done enumerating 'common/schemes/scheme_types'(.txt, , 0) in 0.009 seconds
[19:17:48][D][virtualfilesystem.cpp:314]: Done enumerating 'common/schemes/pulse_actions'(.txt, , 0) in 0.010 seconds
[19:17:48][D][virtualfilesystem.cpp:314]: Done enumerating 'common/puppets/actions'(.txt, , 0) in 0.013 seconds
[19:17:48][D][virtualfilesystem.cpp:314]: Done enumerating 'common/culture/aesthetics_bundles'(.txt, , 0) in 0.013 seconds
[19:17:48][D][virtualfilesystem.cpp:314]: Done enumerating 'common/culture/creation_names'(.txt, , 0) in 0.012 seconds
[19:17:48][D][virtualfilesystem.cpp:314]: Done enumerating 'common/puppets/types'(.txt, , 0) in 0.015 seconds
[19:17:48][D][virtualfilesystem.cpp:314]: Done enumerating 'common/schemes/scheme_countermeasures'(.txt, , 0) in 0.018 seconds
[19:17:48][D][virtualfilesystem.cpp:314]: Done enumerating 'common/culture/innovations'(.txt, , 0) in 0.011 seconds
[19:17:48][D][virtualfilesystem.cpp:314]: Done enumerating 'common/culture/name_equivalency'(.txt, , 0) in 0.012 seconds
[19:17:48][D][virtualfilesystem.cpp:314]: Done enumerating 'common/culture/name_lists'(.txt, , 0) in 0.012 seconds
[19:17:48][D][virtualfilesystem.cpp:314]: Done enumerating 'common/culture/cultures'(.txt, , 0) in 0.011 seconds
[19:17:48][D][virtualfilesystem.cpp:314]: Done enumerating 'common/culture/traditions'(.txt, , 0) in 0.006 seconds
[19:17:48][D][virtualfilesystem.cpp:314]: Done enumerating 'common/court_amenities/'(.txt, , 0) in 0.007 seconds
[19:17:48][D][virtualfilesystem.cpp:314]: Done enumerating 'gfx/court_scene/character_groups'(.txt, , 0) in 0.007 seconds
[19:17:48][D][virtualfilesystem.cpp:314]: Done enumerating 'common/culture/pillars'(.txt, , 0) in 0.017 seconds
[19:17:48][D][virtualfilesystem.cpp:314]: Done enumerating 'common/bookmarks/challenge_characters'(.txt, , 0) in 0.007 seconds
[19:17:48][D][virtualfilesystem.cpp:314]: Done enumerating 'common/court_types'(.txt, , 0) in 0.008 seconds
[19:17:48][D][virtualfilesystem.cpp:314]: Done enumerating 'common/character_backgrounds'(.txt, , 0) in 0.006 seconds
[19:17:48][D][virtualfilesystem.cpp:314]: Done enumerating 'common/culture/eras'(.txt, , 0) in 0.026 seconds
[19:17:48][D][virtualfilesystem.cpp:314]: Done enumerating 'gfx/court_scene/character_roles'(.txt, , 0) in 0.016 seconds
[19:17:48][D][virtualfilesystem.cpp:314]: Done enumerating 'common/deathreasons'(.txt, , 0) in 0.007 seconds
[19:17:48][D][virtualfilesystem.cpp:314]: Done enumerating 'common/court_positions/tasks'(.txt, , 0) in 0.018 seconds
[19:17:48][D][virtualfilesystem.cpp:314]: Done enumerating 'common/character_memory_types'(.txt, , 0) in 0.009 seconds
[19:17:48][D][virtualfilesystem.cpp:314]: Done enumerating 'common/character_interactions'(.txt, , 0) in 0.012 seconds
[19:17:48][D][virtualfilesystem.cpp:314]: Done enumerating 'common/dna_data'(.txt, , 0) in 0.006 seconds
[19:17:48][D][virtualfilesystem.cpp:314]: Done enumerating 'common/pool_character_selectors'(.txt, , 0) in 0.006 seconds
[19:17:48][D][virtualfilesystem.cpp:314]: Done enumerating 'common/character_interaction_categories'(.txt, , 0) in 0.011 seconds
[19:17:48][D][virtualfilesystem.cpp:314]: Done enumerating 'common/court_positions/types'(.txt, , 0) in 0.021 seconds
[19:17:48][D][virtualfilesystem.cpp:314]: Done enumerating 'common/guest_system'(.txt, , 0) in 0.018 seconds
[19:17:48][D][virtualfilesystem.cpp:314]: Done enumerating 'common/courtier_guest_management'(.txt, , 0) in 0.018 seconds
[19:17:48][D][virtualfilesystem.cpp:314]: Done enumerating 'common/dynasty_house_mottos'(.txt, , 0) in 0.005 seconds
[19:17:48][D][virtualfilesystem.cpp:314]: Done enumerating 'common/dynasty_house_motto_inserts'(.txt, , 0) in 0.005 seconds
[19:17:48][D][virtualfilesystem.cpp:314]: Done enumerating 'common/dynasty_houses'(.txt, , 0) in 0.005 seconds
[19:17:48][D][virtualfilesystem.cpp:314]: Done enumerating 'common/dynasty_perks'(.txt, , 0) in 0.004 seconds
[19:17:48][D][virtualfilesystem.cpp:314]: Done enumerating 'common/dynasty_legacies'(.txt, , 0) in 0.004 seconds
[19:17:48][D][virtualfilesystem.cpp:314]: Done enumerating 'common/dynasties'(.txt, , 0) in 0.004 seconds
[19:17:48][D][virtualfilesystem.cpp:314]: Done enumerating 'common/epidemics'(.txt, , 0) in 0.004 seconds
[19:17:48][D][virtualfilesystem.cpp:314]: Done enumerating 'common/focuses'(.txt, , 0) in 0.004 seconds
[19:17:48][D][virtualfilesystem.cpp:314]: Done enumerating 'common/legitimacy'(.txt, , 0) in 0.003 seconds
[19:17:48][D][virtualfilesystem.cpp:314]: Done enumerating 'common/lifestyles'(.txt, , 0) in 0.003 seconds
[19:17:48][D][virtualfilesystem.cpp:314]: Done enumerating 'common/lifestyle_perks'(.txt, , 0) in 0.003 seconds
[19:17:48][D][virtualfilesystem.cpp:314]: Done enumerating 'common/legends/legend_seeds'(.txt, , 0) in 0.003 seconds
[19:17:48][D][virtualfilesystem.cpp:314]: Done enumerating 'common/legends/chronicles'(.txt, , 0) in 0.003 seconds
[19:17:48][D][virtualfilesystem.cpp:314]: Done enumerating 'common/legends/legend_types'(.txt, , 0) in 0.003 seconds
[19:17:48][D][virtualfilesystem.cpp:314]: Done enumerating 'common/nicknames'(.txt, , 0) in 0.003 seconds
[19:17:48][D][virtualfilesystem.cpp:314]: Done enumerating 'common/opinion_modifiers'(.txt, , 0) in 0.003 seconds
[19:17:48][D][virtualfilesystem.cpp:314]: Done enumerating 'common/scripted_costs'(.txt, , 0) in 0.003 seconds
[19:17:48][D][virtualfilesystem.cpp:314]: Done enumerating 'common/scripted_character_templates'(.txt, , 0) in 0.003 seconds
[19:17:48][D][virtualfilesystem.cpp:314]: Done enumerating 'common/story_cycles'(.txt, , 0) in 0.003 seconds
[19:17:48][D][virtualfilesystem.cpp:314]: Done enumerating 'common/domiciles/buildings'(.txt, , 0) in 0.003 seconds
[19:17:48][D][virtualfilesystem.cpp:314]: Done enumerating 'common/domiciles/types'(.txt, , 0) in 0.003 seconds
[19:17:48][D][virtualfilesystem.cpp:314]: Done enumerating 'common/great_projects/types'(.txt, , 0) in 0.003 seconds
[19:17:48][D][virtualfilesystem.cpp:314]: Done enumerating 'common/buildings'(.txt, , 0) in 0.003 seconds
[19:17:48][D][virtualfilesystem.cpp:314]: Done enumerating 'common/modifiers'(.txt, , 0) in 0.004 seconds
[19:17:48][D][virtualfilesystem.cpp:314]: Done enumerating 'common/bookmarks/bookmarks'(.txt, , 0) in 0.003 seconds
[19:17:48][D][virtualfilesystem.cpp:314]: Done enumerating 'common/holdings'(.txt, , 0) in 0.003 seconds
[19:17:48][D][virtualfilesystem.cpp:314]: Done enumerating 'common/bookmarks/groups'(.txt, , 0) in 0.003 seconds
[19:17:48][D][virtualfilesystem.cpp:314]: Done enumerating 'common/menu_scenes'(.txt, , 0) in 0.003 seconds
[19:17:48][D][virtualfilesystem.cpp:314]: Done enumerating 'common/artifacts/blueprints'(.txt, , 0) in 0.003 seconds
[19:17:48][D][virtualfilesystem.cpp:314]: Done enumerating 'common/bookmark_portraits'(.txt, , 0) in 0.004 seconds
[19:17:48][D][virtualfilesystem.cpp:314]: Done enumerating 'common/artifacts/features'(.txt, , 0) in 0.003 seconds
[19:17:48][D][virtualfilesystem.cpp:314]: Done enumerating 'common/artifacts/feature_groups'(.txt, , 0) in 0.003 seconds
[19:17:48][D][virtualfilesystem.cpp:314]: Done enumerating 'common/artifacts/templates'(.txt, , 0) in 0.003 seconds
[19:17:48][D][virtualfilesystem.cpp:314]: Done enumerating 'common/on_action'(.txt, , -1) in 0.112 seconds
[19:17:48][D][virtualfilesystem.cpp:314]: Done enumerating 'common/artifacts/slots'(.txt, , 0) in 0.003 seconds
[19:17:48][D][virtualfilesystem.cpp:314]: Done enumerating 'common/connection_arrows'(.txt, , 0) in 0.003 seconds
[19:17:48][D][virtualfilesystem.cpp:314]: Done enumerating 'common/flavorization'(.txt, , 0) in 0.003 seconds
[19:17:48][D][virtualfilesystem.cpp:314]: Done enumerating 'common/artifacts/types'(.txt, , 0) in 0.004 seconds
[19:17:48][D][virtualfilesystem.cpp:314]: Done enumerating 'common/artifacts/visuals'(.txt, , 0) in 0.004 seconds
[19:17:48][D][virtualfilesystem.cpp:314]: Done enumerating 'gfx/interface/illustrations/scripted_illustrations'(.txt, , 0) in 0.003 seconds
[19:17:48][D][virtualfilesystem.cpp:314]: Done enumerating 'gfx/skins/hud_skins'(.txt, , 0) in 0.003 seconds
[19:17:48][D][virtualfilesystem.cpp:314]: Done enumerating 'common/inspirations'(.txt, , 0) in 0.003 seconds
[19:17:48][D][virtualfilesystem.cpp:314]: Done enumerating 'common/activities/guest_invite_rules'(.txt, , 0) in 0.003 seconds
[19:17:48][D][virtualfilesystem.cpp:314]: Done enumerating 'common/activities/activity_group_types'(.txt, , 0) in 0.003 seconds
[19:17:48][D][virtualfilesystem.cpp:314]: Done enumerating 'common/activities/intents'(.txt, , 0) in 0.003 seconds
[19:17:48][D][virtualfilesystem.cpp:314]: Done enumerating 'common/activities/activity_locales'(.txt, , 0) in 0.003 seconds
[19:17:48][D][virtualfilesystem.cpp:314]: Done enumerating 'common/accolade_names'(.txt, , 0) in 0.003 seconds
[19:17:48][D][virtualfilesystem.cpp:314]: Done enumerating 'common/activities/pulse_actions'(.txt, , 0) in 0.003 seconds
[19:17:48][D][virtualfilesystem.cpp:314]: Done enumerating 'common/activities/activity_types'(.txt, , 0) in 0.003 seconds
[19:17:48][D][virtualfilesystem.cpp:314]: Done enumerating 'common/accolade_types'(.txt, , 0) in 0.004 seconds
[19:17:48][D][virtualfilesystem.cpp:314]: Done enumerating 'common/tax_slots/obligations'(.txt, , 0) in 0.003 seconds
[19:17:48][D][virtualfilesystem.cpp:314]: Done enumerating 'common/tax_slots/types'(.txt, , 0) in 0.003 seconds
[19:17:48][D][virtualfilesystem.cpp:314]: Done enumerating 'common/console_groups'(.txt, , 0) in 0.003 seconds
[19:17:48][D][virtualfilesystem.cpp:314]: Done enumerating 'common/event_pictures'(.txt, , 0) in 0.002 seconds
[19:17:48][D][virtualfilesystem.cpp:314]: Done enumerating 'common/event_themes'(.txt, , 0) in 0.003 seconds
[19:17:48][D][virtualfilesystem.cpp:314]: Done enumerating 'common/unit_assets'(.txt, , 0) in 0.002 seconds
[19:17:48][D][virtualfilesystem.cpp:314]: Done enumerating 'gfx/interface/illustrations/loading_screens'(, , 0) in 0.004 seconds
[19:17:48][D][virtualfilesystem.cpp:314]: Done enumerating 'common/playable_difficulty_infos'(.txt, , 0) in 0.002 seconds
[19:17:48][D][virtualfilesystem.cpp:314]: Done enumerating 'gfx/map/map_modes'(.txt, , 0) in 0.002 seconds
[19:17:48][D][virtualfilesystem.cpp:314]: Done enumerating 'gfx/map/province_effects'(.txt, , 0) in 0.002 seconds
[19:17:48][D][virtualfilesystem.cpp:314]: Done enumerating 'music/in_game'(.txt, , 0) in 0.004 seconds
[19:17:48][D][virtualfilesystem.cpp:314]: Done enumerating 'events'(.txt, , -1) in 0.233 seconds
[19:17:49][D][virtualfilesystem.cpp:314]: Done enumerating 'gfx/models'(, , -1) in 2.808 seconds
[19:17:50][D][database_dependencies.cpp:437]: Database Node Init Time: CGameConceptTypeDatabase - 896 ms - 896 ms including dependencies
[19:17:50][D][pdxassetutil.cpp:74]: ThreadedInitTextureLookup: gfx/models
[19:17:50][D][pdxassetutil.cpp:83]: ThreadedInitTextureLookup found 20622 files
[19:17:50][D][database_dependencies.cpp:437]: Database Node Init Time: CJominiLoadScreenDatabase - 29 ms - 29 ms including dependencies
[19:17:52][D][pdx_font.cpp:156]: Loading fonts/Open_Sans/OpenSans-Regular.ttf
[19:17:52][D][pdx_font.cpp:156]: Loading fonts/Open_Sans/OpenSans-Italic.ttf
[19:17:52][D][pdx_font.cpp:156]: Loading fonts/Open_Sans/OpenSans-Bold.ttf
[19:17:52][D][pdx_font.cpp:156]: Loading fonts/Open_Sans/OpenSans-BoldItalic.ttf
[19:17:52][D][pdx_font.cpp:156]: Loading fonts/Open_Sans/OpenSans-ExtraBold.ttf
[19:17:52][D][pdx_font.cpp:156]: Loading fonts/Open_Sans/OpenSans-ExtraBoldItalic.ttf
[19:17:52][D][pdx_font.cpp:156]: Loading fonts/Roboto_Mono/RobotoMono-Regular.ttf
[19:17:52][D][pdx_font.cpp:156]: Loading fonts/Roboto_Mono/RobotoMono-Bold.ttf
[19:17:52][D][pdx_font.cpp:156]: Loading fonts/Roboto_Mono/RobotoMono-Italic.ttf
[19:17:52][D][pdx_font.cpp:156]: Loading fonts/Roboto_Mono/RobotoMono-BoldItalic.ttf
[19:17:52][D][pdx_font.cpp:156]: Loading fonts/Noto_Sans_SC/NotoSansSC-Bold.otf
[19:17:52][D][pdx_font.cpp:156]: Loading fonts/Open_Sans/OpenSans-SemiBold.ttf
[19:17:52][D][pdx_font.cpp:156]: Loading fonts/Korean_fontset/IropkeBatangM.ttf
[19:17:52][D][pdx_font.cpp:156]: Loading fonts/Noto_Sans_SC/NotoSansSC-Bold.otf
[19:17:52][D][pdx_font.cpp:156]: Loading fonts/Open_Sans/OpenSans-SemiBoldItalic.ttf
[19:17:52][D][pdx_font.cpp:156]: Loading fonts/Korean_fontset/IBMPlexSansKR-Medium.otf
[19:17:52][D][pdx_font.cpp:156]: Loading fonts/Noto_Sans_SC/NotoSansSC-Bold.otf
[19:17:52][D][pdx_font.cpp:156]: Loading fonts/Open_Sans_Condensed/OpenSansCondensed-Bold.ttf
[19:17:52][D][pdx_font.cpp:156]: Loading fonts/Korean_fontset/IropkeBatangB.ttf
[19:17:52][D][pdx_font.cpp:156]: Loading fonts/Noto_Sans_SC/NotoSansSC-Medium.otf
[19:17:52][D][pdx_font.cpp:156]: Loading fonts/Open_Sans/OpenSans-SemiBold.ttf
[19:17:52][D][pdx_font.cpp:156]: Loading fonts/Korean_fontset/IropkeBatangM.ttf
[19:17:52][D][pdx_font.cpp:156]: Loading fonts/Noto_Sans_SC/NotoSansSC-Bold.otf
[19:17:52][D][pdx_font.cpp:156]: Loading fonts/Open_Sans/OpenSans-Bold.ttf
[19:17:52][D][pdx_font.cpp:156]: Loading fonts/Korean_fontset/IropkeBatangB.ttf
[19:17:52][D][pdx_font.cpp:156]: Loading fonts/Noto_Sans_SC/NotoSansSC-Light.otf
[19:17:52][D][pdx_font.cpp:156]: Loading fonts/Open_Sans/OpenSans-SemiBoldItalic.ttf
[19:17:52][D][pdx_font.cpp:156]: Loading fonts/Korean_fontset/IBMPlexSansKR-Medium.otf
[19:17:52][D][pdx_font.cpp:156]: Loading fonts/Noto_Sans_SC/NotoSansSC-Bold.otf
[19:17:52][D][pdx_font.cpp:156]: Loading fonts/Open_Sans/OpenSans-SemiBoldItalic.ttf
[19:17:52][D][pdx_font.cpp:156]: Loading fonts/Korean_fontset/IBMPlexSansKR-SemiBold.otf
[19:17:52][D][pdx_font.cpp:156]: Loading fonts/Noto_Sans_SC/NotoSansSC-Bold.otf
[19:17:52][D][pdx_font.cpp:156]: Loading fonts/Open_Sans/OpenSans-SemiBoldItalic.ttf
[19:17:52][D][pdx_font.cpp:156]: Loading fonts/Korean_fontset/ON_YeossiB.ttf
[19:17:52][D][pdx_font.cpp:156]: Loading fonts/LxgwZhenKai/LXGWZhenKaiGB_alphabet_removed.otf
[19:17:52][D][pdx_font.cpp:156]: Loading fonts/mapfont/Paradox_King_Script.otf
[19:17:52][D][pdx_font.cpp:156]: Loading fonts/Noto_Sans_SC/NotoSansSC-Medium.otf
[19:17:52][D][pdx_font.cpp:156]: Loading fonts/Open_Sans/OpenSans-SemiBoldItalic.ttf
[19:17:52][D][pdx_font.cpp:156]: Loading fonts/MonomakhUnicode/MonomakhUnicode.otf
[19:17:52][D][pdx_font.cpp:156]: Loading fonts/Korean_fontset/GunglipbakmulgwanClassicB.ttf
[19:17:52][D][jomini_social.cpp:18]: Created Jomini Social
[19:17:52][D][pdx_gui_assetfactory.cpp:680]: [LoadAssetsGUI] Loading "gui/preload/defaults.gui"
[19:17:52][D][pdx_gui_assetfactory.cpp:689]: [LoadAssetsGUI] Loading of "gui/preload/defaults.gui" is complete
[19:17:52][D][pdx_gui_assetfactory.cpp:680]: [LoadAssetsGUI] Loading "gui/preload/fonts.gui"
[19:17:52][D][pdx_gui_assetfactory.cpp:689]: [LoadAssetsGUI] Loading of "gui/preload/fonts.gui" is complete
[19:17:52][D][pdx_gui_assetfactory.cpp:680]: [LoadAssetsGUI] Loading "gui/preload/frontend_loadingscreen.gui"
[19:17:52][D][pdx_gui_assetfactory.cpp:689]: [LoadAssetsGUI] Loading of "gui/preload/frontend_loadingscreen.gui" is complete
[19:17:52][D][pdx_gui_assetfactory.cpp:680]: [LoadAssetsGUI] Loading "gui/preload/labels.gui"
[19:17:52][D][pdx_gui_assetfactory.cpp:689]: [LoadAssetsGUI] Loading of "gui/preload/labels.gui" is complete
[19:17:52][D][pdx_gui_assetfactory.cpp:680]: [LoadAssetsGUI] Loading "gui/preload/textformatting.gui"
[19:17:52][D][pdx_gui_assetfactory.cpp:689]: [LoadAssetsGUI] Loading of "gui/preload/textformatting.gui" is complete
[19:17:52][D][pdx_gui_assetfactory.cpp:680]: [LoadAssetsGUI] Loading "gui/preload/tooltip.gui"
[19:17:52][D][pdx_gui_assetfactory.cpp:689]: [LoadAssetsGUI] Loading of "gui/preload/tooltip.gui" is complete
[19:18:15][D][pdx_gui_assetfactory.cpp:680]: [LoadAssetsGUI] Loading "gui/console.gui"
[19:18:15][D][pdx_gui_assetfactory.cpp:689]: [LoadAssetsGUI] Loading of "gui/console.gui" is complete
[19:18:15][D][pdx_gui_assetfactory.cpp:680]: [LoadAssetsGUI] Loading "gui/credits_window.gui"
[19:18:15][D][pdx_gui_assetfactory.cpp:689]: [LoadAssetsGUI] Loading of "gui/credits_window.gui" is complete
[19:18:15][D][pdx_gui_assetfactory.cpp:680]: [LoadAssetsGUI] Loading "gui/cursor.gui"
[19:18:15][D][pdx_gui_assetfactory.cpp:689]: [LoadAssetsGUI] Loading of "gui/cursor.gui" is complete
[19:18:15][D][pdx_gui_assetfactory.cpp:680]: [LoadAssetsGUI] Loading "gui/dynasty_customization_window.gui"
[19:18:15][D][pdx_gui_assetfactory.cpp:689]: [LoadAssetsGUI] Loading of "gui/dynasty_customization_window.gui" is complete
[19:18:15][D][pdx_gui_assetfactory.cpp:680]: [LoadAssetsGUI] Loading "gui/dynasty_house_customization_window.gui"
[19:18:15][D][pdx_gui_assetfactory.cpp:689]: [LoadAssetsGUI] Loading of "gui/dynasty_house_customization_window.gui" is complete
[19:18:15][D][pdx_gui_assetfactory.cpp:680]: [LoadAssetsGUI] Loading "gui/frontend_bookmarks.gui"
[19:18:15][D][pdx_gui_assetfactory.cpp:689]: [LoadAssetsGUI] Loading of "gui/frontend_bookmarks.gui" is complete
[19:18:15][D][pdx_gui_assetfactory.cpp:680]: [LoadAssetsGUI] Loading "gui/frontend_credits.gui"
[19:18:15][D][pdx_gui_assetfactory.cpp:689]: [LoadAssetsGUI] Loading of "gui/frontend_credits.gui" is complete
[19:18:15][D][pdx_gui_assetfactory.cpp:680]: [LoadAssetsGUI] Loading "gui/frontend_ingame_menu.gui"
[19:18:15][D][pdx_gui_assetfactory.cpp:689]: [LoadAssetsGUI] Loading of "gui/frontend_ingame_menu.gui" is complete
[19:18:15][D][pdx_gui_assetfactory.cpp:680]: [LoadAssetsGUI] Loading "gui/frontend_load.gui"
[19:18:15][D][pdx_gui_assetfactory.cpp:689]: [LoadAssetsGUI] Loading of "gui/frontend_load.gui" is complete
[19:18:15][D][pdx_gui_assetfactory.cpp:680]: [LoadAssetsGUI] Loading "gui/frontend_loadingscreen_savegame.gui"
[19:18:15][D][pdx_gui_assetfactory.cpp:689]: [LoadAssetsGUI] Loading of "gui/frontend_loadingscreen_savegame.gui" is complete
[19:18:15][D][pdx_gui_assetfactory.cpp:680]: [LoadAssetsGUI] Loading "gui/frontend_main.gui"
[19:18:15][D][pdx_gui_assetfactory.cpp:689]: [LoadAssetsGUI] Loading of "gui/frontend_main.gui" is complete
[19:18:15][D][pdx_gui_assetfactory.cpp:680]: [LoadAssetsGUI] Loading "gui/frontend_mp_game_setup.gui"
[19:18:15][D][pdx_gui_assetfactory.cpp:689]: [LoadAssetsGUI] Loading of "gui/frontend_mp_game_setup.gui" is complete
[19:18:15][D][pdx_gui_assetfactory.cpp:680]: [LoadAssetsGUI] Loading "gui/game_rules.gui"
[19:18:15][D][pdx_gui_assetfactory.cpp:689]: [LoadAssetsGUI] Loading of "gui/game_rules.gui" is complete
[19:18:15][D][pdx_gui_assetfactory.cpp:680]: [LoadAssetsGUI] Loading "gui/hud.gui"
[19:18:15][D][pdx_gui_assetfactory.cpp:689]: [LoadAssetsGUI] Loading of "gui/hud.gui" is complete
[19:18:15][D][pdx_gui_assetfactory.cpp:680]: [LoadAssetsGUI] Loading "gui/hud_bottom.gui"
[19:18:15][D][pdx_gui_assetfactory.cpp:689]: [LoadAssetsGUI] Loading of "gui/hud_bottom.gui" is complete
[19:18:15][D][pdx_gui_assetfactory.cpp:680]: [LoadAssetsGUI] Loading "gui/hud_notification_templates.gui"
[19:18:15][D][pdx_gui_assetfactory.cpp:689]: [LoadAssetsGUI] Loading of "gui/hud_notification_templates.gui" is complete
[19:18:15][D][pdx_gui_assetfactory.cpp:680]: [LoadAssetsGUI] Loading "gui/hud_outliner.gui"
[19:18:15][D][pdx_gui_assetfactory.cpp:689]: [LoadAssetsGUI] Loading of "gui/hud_outliner.gui" is complete
[19:18:15][D][pdx_gui_assetfactory.cpp:680]: [LoadAssetsGUI] Loading "gui/hud_ruler_objective.gui"
[19:18:15][D][pdx_gui_assetfactory.cpp:689]: [LoadAssetsGUI] Loading of "gui/hud_ruler_objective.gui" is complete
[19:18:15][D][pdx_gui_assetfactory.cpp:680]: [LoadAssetsGUI] Loading "gui/hud_sidebars.gui"
[19:18:15][D][pdx_gui_assetfactory.cpp:689]: [LoadAssetsGUI] Loading of "gui/hud_sidebars.gui" is complete
[19:18:15][D][pdx_gui_assetfactory.cpp:680]: [LoadAssetsGUI] Loading "gui/hud_top.gui"
[19:18:15][D][pdx_gui_assetfactory.cpp:689]: [LoadAssetsGUI] Loading of "gui/hud_top.gui" is complete
[19:18:15][D][pdx_gui_assetfactory.cpp:680]: [LoadAssetsGUI] Loading "gui/interaction_blackmail.gui"
[19:18:15][D][pdx_gui_assetfactory.cpp:689]: [LoadAssetsGUI] Loading of "gui/interaction_blackmail.gui" is complete
[19:18:15][D][pdx_gui_assetfactory.cpp:680]: [LoadAssetsGUI] Loading "gui/interaction_call_ally.gui"
[19:18:15][D][pdx_gui_assetfactory.cpp:689]: [LoadAssetsGUI] Loading of "gui/interaction_call_ally.gui" is complete
[19:18:15][D][pdx_gui_assetfactory.cpp:680]: [LoadAssetsGUI] Loading "gui/interaction_call_ally_notification_window.gui"
[19:18:15][D][pdx_gui_assetfactory.cpp:689]: [LoadAssetsGUI] Loading of "gui/interaction_call_ally_notification_window.gui" is complete
[19:18:15][D][pdx_gui_assetfactory.cpp:680]: [LoadAssetsGUI] Loading "gui/interaction_concubine.gui"
[19:18:15][D][pdx_gui_assetfactory.cpp:689]: [LoadAssetsGUI] Loading of "gui/interaction_concubine.gui" is complete
[19:18:15][D][pdx_gui_assetfactory.cpp:680]: [LoadAssetsGUI] Loading "gui/interaction_confirmation.gui"
[19:18:15][D][pdx_gui_assetfactory.cpp:689]: [LoadAssetsGUI] Loading of "gui/interaction_confirmation.gui" is complete
[19:18:15][D][pdx_gui_assetfactory.cpp:680]: [LoadAssetsGUI] Loading "gui/interaction_council_task.gui"
[19:18:15][D][pdx_gui_assetfactory.cpp:689]: [LoadAssetsGUI] Loading of "gui/interaction_council_task.gui" is complete
[19:18:15][D][pdx_gui_assetfactory.cpp:680]: [LoadAssetsGUI] Loading "gui/interaction_court_task.gui"
[19:18:15][D][pdx_gui_assetfactory.cpp:689]: [LoadAssetsGUI] Loading of "gui/interaction_court_task.gui" is complete
[19:18:15][D][pdx_gui_assetfactory.cpp:680]: [LoadAssetsGUI] Loading "gui/interaction_create_claimant_faction.gui"
[19:18:15][D][pdx_gui_assetfactory.cpp:689]: [LoadAssetsGUI] Loading of "gui/interaction_create_claimant_faction.gui" is complete
[19:18:15][D][pdx_gui_assetfactory.cpp:680]: [LoadAssetsGUI] Loading "gui/interaction_declare_war.gui"
[19:18:15][D][pdx_gui_assetfactory.cpp:689]: [LoadAssetsGUI] Loading of "gui/interaction_declare_war.gui" is complete
[19:18:15][D][pdx_gui_assetfactory.cpp:680]: [LoadAssetsGUI] Loading "gui/interaction_grant_titles.gui"
[19:18:15][D][pdx_gui_assetfactory.cpp:689]: [LoadAssetsGUI] Loading of "gui/interaction_grant_titles.gui" is complete
[19:18:15][D][pdx_gui_assetfactory.cpp:680]: [LoadAssetsGUI] Loading "gui/interaction_interfere_in_war.gui"
[19:18:15][D][pdx_gui_assetfactory.cpp:689]: [LoadAssetsGUI] Loading of "gui/interaction_interfere_in_war.gui" is complete
[19:18:15][D][pdx_gui_assetfactory.cpp:680]: [LoadAssetsGUI] Loading "gui/interaction_interfere_in_war_notification.gui"
[19:18:15][D][pdx_gui_assetfactory.cpp:689]: [LoadAssetsGUI] Loading of "gui/interaction_interfere_in_war_notification.gui" is complete
[19:18:15][D][pdx_gui_assetfactory.cpp:680]: [LoadAssetsGUI] Loading "gui/interaction_marriage.gui"
[19:18:15][D][pdx_gui_assetfactory.cpp:689]: [LoadAssetsGUI] Loading of "gui/interaction_marriage.gui" is complete
[19:18:15][D][pdx_gui_assetfactory.cpp:680]: [LoadAssetsGUI] Loading "gui/interaction_marriage_notification_window.gui"
[19:18:15][D][pdx_gui_assetfactory.cpp:689]: [LoadAssetsGUI] Loading of "gui/interaction_marriage_notification_window.gui" is complete
[19:18:15][D][pdx_gui_assetfactory.cpp:680]: [LoadAssetsGUI] Loading "gui/interaction_menu_window.gui"
[19:18:15][D][pdx_gui_assetfactory.cpp:689]: [LoadAssetsGUI] Loading of "gui/interaction_menu_window.gui" is complete
[19:18:15][D][pdx_gui_assetfactory.cpp:680]: [LoadAssetsGUI] Loading "gui/interaction_modify_vassal_window.gui"
[19:18:15][D][pdx_gui_assetfactory.cpp:689]: [LoadAssetsGUI] Loading of "gui/interaction_modify_vassal_window.gui" is complete
[19:18:15][D][pdx_gui_assetfactory.cpp:680]: [LoadAssetsGUI] Loading "gui/interaction_notification_window.gui"
[19:18:15][D][pdx_gui_assetfactory.cpp:689]: [LoadAssetsGUI] Loading of "gui/interaction_notification_window.gui" is complete
[19:18:15][D][pdx_gui_assetfactory.cpp:680]: [LoadAssetsGUI] Loading "gui/interaction_revoke_title.gui"
[19:18:15][D][pdx_gui_assetfactory.cpp:689]: [LoadAssetsGUI] Loading of "gui/interaction_revoke_title.gui" is complete
[19:18:15][D][pdx_gui_assetfactory.cpp:680]: [LoadAssetsGUI] Loading "gui/interaction_templates.gui"
[19:18:15][D][pdx_gui_assetfactory.cpp:689]: [LoadAssetsGUI] Loading of "gui/interaction_templates.gui" is complete
[19:18:15][D][pdx_gui_assetfactory.cpp:680]: [LoadAssetsGUI] Loading "gui/interaction_transfer_vassal.gui"
[19:18:15][D][pdx_gui_assetfactory.cpp:689]: [LoadAssetsGUI] Loading of "gui/interaction_transfer_vassal.gui" is complete
[19:18:15][D][pdx_gui_assetfactory.cpp:680]: [LoadAssetsGUI] Loading "gui/map_icon_layer.gui"
[19:18:15][D][pdx_gui_assetfactory.cpp:689]: [LoadAssetsGUI] Loading of "gui/map_icon_layer.gui" is complete
[19:18:15][D][pdx_gui_assetfactory.cpp:680]: [LoadAssetsGUI] Loading "gui/map_icon_layer_templates.gui"
[19:18:15][D][pdx_gui_assetfactory.cpp:689]: [LoadAssetsGUI] Loading of "gui/map_icon_layer_templates.gui" is complete
[19:18:15][D][pdx_gui_assetfactory.cpp:680]: [LoadAssetsGUI] Loading "gui/multiplayer_config.gui"
[19:18:16][D][pdx_gui_assetfactory.cpp:689]: [LoadAssetsGUI] Loading of "gui/multiplayer_config.gui" is complete
[19:18:16][D][pdx_gui_assetfactory.cpp:680]: [LoadAssetsGUI] Loading "gui/multiplayer_frontend.gui"
[19:18:16][D][pdx_gui_assetfactory.cpp:689]: [LoadAssetsGUI] Loading of "gui/multiplayer_frontend.gui" is complete
[19:18:16][D][pdx_gui_assetfactory.cpp:680]: [LoadAssetsGUI] Loading "gui/multiplayer_frontend_types.gui"
[19:18:16][D][pdx_gui_assetfactory.cpp:689]: [LoadAssetsGUI] Loading of "gui/multiplayer_frontend_types.gui" is complete
[19:18:16][D][pdx_gui_assetfactory.cpp:680]: [LoadAssetsGUI] Loading "gui/multiplayer_lobby.gui"
[19:18:16][D][pdx_gui_assetfactory.cpp:689]: [LoadAssetsGUI] Loading of "gui/multiplayer_lobby.gui" is complete
[19:18:16][D][pdx_gui_assetfactory.cpp:680]: [LoadAssetsGUI] Loading "gui/multiplayer_serverbrowser.gui"
[19:18:16][D][pdx_gui_assetfactory.cpp:689]: [LoadAssetsGUI] Loading of "gui/multiplayer_serverbrowser.gui" is complete
[19:18:16][D][pdx_gui_assetfactory.cpp:680]: [LoadAssetsGUI] Loading "gui/multiplayer_setup.gui"
[19:18:16][D][pdx_gui_assetfactory.cpp:689]: [LoadAssetsGUI] Loading of "gui/multiplayer_setup.gui" is complete
[19:18:16][D][pdx_gui_assetfactory.cpp:680]: [LoadAssetsGUI] Loading "gui/multiplayer_types.gui"
[19:18:16][D][pdx_gui_assetfactory.cpp:689]: [LoadAssetsGUI] Loading of "gui/multiplayer_types.gui" is complete
[19:18:16][D][pdx_gui_assetfactory.cpp:680]: [LoadAssetsGUI] Loading "gui/portrait_editor_window.gui"
[19:18:16][D][pdx_gui_assetfactory.cpp:689]: [LoadAssetsGUI] Loading of "gui/portrait_editor_window.gui" is complete
[19:18:16][D][pdx_gui_assetfactory.cpp:680]: [LoadAssetsGUI] Loading "gui/profiler.gui"
[19:18:16][D][pdx_gui_assetfactory.cpp:689]: [LoadAssetsGUI] Loading of "gui/profiler.gui" is complete
[19:18:16][D][pdx_gui_assetfactory.cpp:680]: [LoadAssetsGUI] Loading "gui/save_game_analyzer.gui"
[19:18:16][D][pdx_gui_assetfactory.cpp:689]: [LoadAssetsGUI] Loading of "gui/save_game_analyzer.gui" is complete
[19:18:16][D][pdx_gui_assetfactory.cpp:680]: [LoadAssetsGUI] Loading "gui/texticons.gui"
[19:18:17][D][pdx_gui_assetfactory.cpp:689]: [LoadAssetsGUI] Loading of "gui/texticons.gui" is complete
[19:18:17][D][pdx_gui_assetfactory.cpp:680]: [LoadAssetsGUI] Loading "gui/texticons_legitimacy.gui"
[19:18:17][D][pdx_gui_assetfactory.cpp:689]: [LoadAssetsGUI] Loading of "gui/texticons_legitimacy.gui" is complete
[19:18:17][D][pdx_gui_assetfactory.cpp:680]: [LoadAssetsGUI] Loading "gui/texticons_religion.gui"
[19:18:17][D][pdx_gui_assetfactory.cpp:689]: [LoadAssetsGUI] Loading of "gui/texticons_religion.gui" is complete
[19:18:17][D][pdx_gui_assetfactory.cpp:680]: [LoadAssetsGUI] Loading "gui/tool_property_randomizable_types.gui"
[19:18:17][D][pdx_gui_assetfactory.cpp:689]: [LoadAssetsGUI] Loading of "gui/tool_property_randomizable_types.gui" is complete
[19:18:17][D][pdx_gui_assetfactory.cpp:680]: [LoadAssetsGUI] Loading "gui/tool_property_ranged_types.gui"
[19:18:17][D][pdx_gui_assetfactory.cpp:689]: [LoadAssetsGUI] Loading of "gui/tool_property_ranged_types.gui" is complete
[19:18:17][D][pdx_gui_assetfactory.cpp:680]: [LoadAssetsGUI] Loading "gui/toolslayout.gui"
[19:18:17][D][pdx_gui_assetfactory.cpp:689]: [LoadAssetsGUI] Loading of "gui/toolslayout.gui" is complete
[19:18:17][D][pdx_gui_assetfactory.cpp:680]: [LoadAssetsGUI] Loading "gui/toolspropertytypes.gui"
[19:18:17][D][pdx_gui_assetfactory.cpp:689]: [LoadAssetsGUI] Loading of "gui/toolspropertytypes.gui" is complete
[19:18:17][D][pdx_gui_assetfactory.cpp:680]: [LoadAssetsGUI] Loading "gui/toolstypes.gui"
[19:18:17][D][pdx_gui_assetfactory.cpp:689]: [LoadAssetsGUI] Loading of "gui/toolstypes.gui" is complete
[19:18:17][D][pdx_gui_assetfactory.cpp:680]: [LoadAssetsGUI] Loading "gui/tutorial_highlight.gui"
[19:18:17][D][pdx_gui_assetfactory.cpp:689]: [LoadAssetsGUI] Loading of "gui/tutorial_highlight.gui" is complete
[19:18:17][D][pdx_gui_assetfactory.cpp:680]: [LoadAssetsGUI] Loading "gui/window_accolade.gui"
[19:18:17][D][pdx_gui_assetfactory.cpp:689]: [LoadAssetsGUI] Loading of "gui/window_accolade.gui" is complete
[19:18:17][D][pdx_gui_assetfactory.cpp:680]: [LoadAssetsGUI] Loading "gui/window_accolade_attribute_selection.gui"
[19:18:17][D][pdx_gui_assetfactory.cpp:689]: [LoadAssetsGUI] Loading of "gui/window_accolade_attribute_selection.gui" is complete
[19:18:17][D][pdx_gui_assetfactory.cpp:680]: [LoadAssetsGUI] Loading "gui/window_activity.gui"
[19:18:17][D][pdx_gui_assetfactory.cpp:689]: [LoadAssetsGUI] Loading of "gui/window_activity.gui" is complete
[19:18:17][D][pdx_gui_assetfactory.cpp:680]: [LoadAssetsGUI] Loading "gui/window_activity_guest_list.gui"
[19:18:17][D][pdx_gui_assetfactory.cpp:689]: [LoadAssetsGUI] Loading of "gui/window_activity_guest_list.gui" is complete
[19:18:17][D][pdx_gui_assetfactory.cpp:680]: [LoadAssetsGUI] Loading "gui/window_activity_intent_selection.gui"
[19:18:17][D][pdx_gui_assetfactory.cpp:689]: [LoadAssetsGUI] Loading of "gui/window_activity_intent_selection.gui" is complete
[19:18:17][D][pdx_gui_assetfactory.cpp:680]: [LoadAssetsGUI] Loading "gui/window_activity_list.gui"
[19:18:17][D][pdx_gui_assetfactory.cpp:689]: [LoadAssetsGUI] Loading of "gui/window_activity_list.gui" is complete
[19:18:17][D][pdx_gui_assetfactory.cpp:680]: [LoadAssetsGUI] Loading "gui/window_activity_locale.gui"
[19:18:17][D][pdx_gui_assetfactory.cpp:689]: [LoadAssetsGUI] Loading of "gui/window_activity_locale.gui" is complete
[19:18:17][D][pdx_gui_assetfactory.cpp:680]: [LoadAssetsGUI] Loading "gui/window_activity_log.gui"
[19:18:17][D][pdx_gui_assetfactory.cpp:689]: [LoadAssetsGUI] Loading of "gui/window_activity_log.gui" is complete
[19:18:17][D][pdx_gui_assetfactory.cpp:680]: [LoadAssetsGUI] Loading "gui/window_activity_planner.gui"
[19:18:17][D][pdx_gui_assetfactory.cpp:689]: [LoadAssetsGUI] Loading of "gui/window_activity_planner.gui" is complete
[19:18:17][D][pdx_gui_assetfactory.cpp:680]: [LoadAssetsGUI] Loading "gui/window_add_tradition.gui"
[19:18:17][D][pdx_gui_assetfactory.cpp:689]: [LoadAssetsGUI] Loading of "gui/window_add_tradition.gui" is complete
[19:18:17][D][pdx_gui_assetfactory.cpp:680]: [LoadAssetsGUI] Loading "gui/window_admin_vassal_detail.gui"
[19:18:17][D][pdx_gui_assetfactory.cpp:689]: [LoadAssetsGUI] Loading of "gui/window_admin_vassal_detail.gui" is complete
[19:18:17][D][pdx_gui_assetfactory.cpp:680]: [LoadAssetsGUI] Loading "gui/window_appoint_tax_collector.gui"
[19:18:17][D][pdx_gui_assetfactory.cpp:689]: [LoadAssetsGUI] Loading of "gui/window_appoint_tax_collector.gui" is complete
[19:18:17][D][pdx_gui_assetfactory.cpp:680]: [LoadAssetsGUI] Loading "gui/window_army.gui"
[19:18:17][D][pdx_gui_assetfactory.cpp:689]: [LoadAssetsGUI] Loading of "gui/window_army.gui" is complete
[19:18:17][D][pdx_gui_assetfactory.cpp:680]: [LoadAssetsGUI] Loading "gui/window_army_automation_options.gui"
[19:18:17][D][pdx_gui_assetfactory.cpp:689]: [LoadAssetsGUI] Loading of "gui/window_army_automation_options.gui" is complete
[19:18:17][D][pdx_gui_assetfactory.cpp:680]: [LoadAssetsGUI] Loading "gui/window_army_select_commander.gui"
[19:18:17][D][pdx_gui_assetfactory.cpp:689]: [LoadAssetsGUI] Loading of "gui/window_army_select_commander.gui" is complete
[19:18:17][D][pdx_gui_assetfactory.cpp:680]: [LoadAssetsGUI] Loading "gui/window_artifact_details.gui"
[19:18:17][D][pdx_gui_assetfactory.cpp:689]: [LoadAssetsGUI] Loading of "gui/window_artifact_details.gui" is complete
[19:18:17][D][pdx_gui_assetfactory.cpp:680]: [LoadAssetsGUI] Loading "gui/window_artifact_helper.gui"
[19:18:17][D][pdx_gui_assetfactory.cpp:689]: [LoadAssetsGUI] Loading of "gui/window_artifact_helper.gui" is complete
[19:18:17][D][pdx_gui_assetfactory.cpp:680]: [LoadAssetsGUI] Loading "gui/window_artifact_reforge.gui"
[19:18:17][D][pdx_gui_assetfactory.cpp:689]: [LoadAssetsGUI] Loading of "gui/window_artifact_reforge.gui" is complete
[19:18:17][D][pdx_gui_assetfactory.cpp:680]: [LoadAssetsGUI] Loading "gui/window_barbershop.gui"
[19:18:18][D][pdx_gui_assetfactory.cpp:689]: [LoadAssetsGUI] Loading of "gui/window_barbershop.gui" is complete
[19:18:18][D][pdx_gui_assetfactory.cpp:680]: [LoadAssetsGUI] Loading "gui/window_barter.gui"
[19:18:18][D][pdx_gui_assetfactory.cpp:689]: [LoadAssetsGUI] Loading of "gui/window_barter.gui" is complete
[19:18:18][D][pdx_gui_assetfactory.cpp:680]: [LoadAssetsGUI] Loading "gui/window_battle_summary.gui"
[19:18:18][D][pdx_gui_assetfactory.cpp:689]: [LoadAssetsGUI] Loading of "gui/window_battle_summary.gui" is complete
[19:18:18][D][pdx_gui_assetfactory.cpp:680]: [LoadAssetsGUI] Loading "gui/window_cardinals.gui"
[19:18:18][D][pdx_gui_assetfactory.cpp:689]: [LoadAssetsGUI] Loading of "gui/window_cardinals.gui" is complete
[19:18:18][D][pdx_gui_assetfactory.cpp:680]: [LoadAssetsGUI] Loading "gui/window_character.gui"
[19:18:18][D][pdx_gui_assetfactory.cpp:689]: [LoadAssetsGUI] Loading of "gui/window_character.gui" is complete
[19:18:18][D][pdx_gui_assetfactory.cpp:680]: [LoadAssetsGUI] Loading "gui/window_character_filter.gui"
[19:18:18][D][pdx_gui_assetfactory.cpp:689]: [LoadAssetsGUI] Loading of "gui/window_character_filter.gui" is complete
[19:18:18][D][pdx_gui_assetfactory.cpp:680]: [LoadAssetsGUI] Loading "gui/window_character_finder.gui"
[19:18:18][D][pdx_gui_assetfactory.cpp:689]: [LoadAssetsGUI] Loading of "gui/window_character_finder.gui" is complete
[19:18:18][D][pdx_gui_assetfactory.cpp:680]: [LoadAssetsGUI] Loading "gui/window_character_focus.gui"
[19:18:18][D][pdx_gui_assetfactory.cpp:689]: [LoadAssetsGUI] Loading of "gui/window_character_focus.gui" is complete
[19:18:18][D][pdx_gui_assetfactory.cpp:680]: [LoadAssetsGUI] Loading "gui/window_character_lifestyle.gui"
[19:18:18][D][pdx_gui_assetfactory.cpp:689]: [LoadAssetsGUI] Loading of "gui/window_character_lifestyle.gui" is complete
[19:18:18][D][pdx_gui_assetfactory.cpp:680]: [LoadAssetsGUI] Loading "gui/window_combat.gui"
[19:18:18][D][pdx_gui_assetfactory.cpp:689]: [LoadAssetsGUI] Loading of "gui/window_combat.gui" is complete
[19:18:18][D][pdx_gui_assetfactory.cpp:680]: [LoadAssetsGUI] Loading "gui/window_confederation.gui"
[19:18:18][D][pdx_gui_assetfactory.cpp:689]: [LoadAssetsGUI] Loading of "gui/window_confederation.gui" is complete
[19:18:18][D][pdx_gui_assetfactory.cpp:680]: [LoadAssetsGUI] Loading "gui/window_council.gui"
[19:18:18][D][pdx_gui_assetfactory.cpp:689]: [LoadAssetsGUI] Loading of "gui/window_council.gui" is complete
[19:18:18][D][pdx_gui_assetfactory.cpp:680]: [LoadAssetsGUI] Loading "gui/window_council_potential_councillor.gui"
[19:18:18][D][pdx_gui_assetfactory.cpp:689]: [LoadAssetsGUI] Loading of "gui/window_council_potential_councillor.gui" is complete
[19:18:18][D][pdx_gui_assetfactory.cpp:680]: [LoadAssetsGUI] Loading "gui/window_county_view.gui"
[19:18:18][D][pdx_gui_assetfactory.cpp:689]: [LoadAssetsGUI] Loading of "gui/window_county_view.gui" is complete
[19:18:18][D][pdx_gui_assetfactory.cpp:680]: [LoadAssetsGUI] Loading "gui/window_court.gui"
[19:18:18][D][pdx_gui_assetfactory.cpp:689]: [LoadAssetsGUI] Loading of "gui/window_court.gui" is complete
[19:18:18][D][pdx_gui_assetfactory.cpp:680]: [LoadAssetsGUI] Loading "gui/window_court_amenities.gui"
[19:18:18][D][pdx_gui_assetfactory.cpp:689]: [LoadAssetsGUI] Loading of "gui/window_court_amenities.gui" is complete
[19:18:18][D][pdx_gui_assetfactory.cpp:680]: [LoadAssetsGUI] Loading "gui/window_court_events.gui"
[19:18:18][D][pdx_gui_assetfactory.cpp:689]: [LoadAssetsGUI] Loading of "gui/window_court_events.gui" is complete
[19:18:18][D][pdx_gui_assetfactory.cpp:680]: [LoadAssetsGUI] Loading "gui/window_court_position_appoint.gui"
[19:18:18][D][pdx_gui_assetfactory.cpp:689]: [LoadAssetsGUI] Loading of "gui/window_court_position_appoint.gui" is complete
[19:18:18][D][pdx_gui_assetfactory.cpp:680]: [LoadAssetsGUI] Loading "gui/window_court_positions.gui"
[19:18:18][D][pdx_gui_assetfactory.cpp:689]: [LoadAssetsGUI] Loading of "gui/window_court_positions.gui" is complete
[19:18:18][D][pdx_gui_assetfactory.cpp:680]: [LoadAssetsGUI] Loading "gui/window_court_scene_editor.gui"
[19:18:18][D][pdx_gui_assetfactory.cpp:689]: [LoadAssetsGUI] Loading of "gui/window_court_scene_editor.gui" is complete
[19:18:18][D][pdx_gui_assetfactory.cpp:680]: [LoadAssetsGUI] Loading "gui/window_court_types.gui"
[19:18:18][D][pdx_gui_assetfactory.cpp:689]: [LoadAssetsGUI] Loading of "gui/window_court_types.gui" is complete
[19:18:18][D][pdx_gui_assetfactory.cpp:680]: [LoadAssetsGUI] Loading "gui/window_court_visuals.gui"
[19:18:18][D][pdx_gui_assetfactory.cpp:689]: [LoadAssetsGUI] Loading of "gui/window_court_visuals.gui" is complete
[19:18:18][D][pdx_gui_assetfactory.cpp:680]: [LoadAssetsGUI] Loading "gui/window_create_accolade.gui"
[19:18:18][D][pdx_gui_assetfactory.cpp:689]: [LoadAssetsGUI] Loading of "gui/window_create_accolade.gui" is complete
[19:18:18][D][pdx_gui_assetfactory.cpp:680]: [LoadAssetsGUI] Loading "gui/window_culture.gui"
[19:18:18][D][pdx_gui_assetfactory.cpp:689]: [LoadAssetsGUI] Loading of "gui/window_culture.gui" is complete
[19:18:18][D][pdx_gui_assetfactory.cpp:680]: [LoadAssetsGUI] Loading "gui/window_decisions.gui"
[19:18:18][D][pdx_gui_assetfactory.cpp:689]: [LoadAssetsGUI] Loading of "gui/window_decisions.gui" is complete
[19:18:18][D][pdx_gui_assetfactory.cpp:680]: [LoadAssetsGUI] Loading "gui/window_decisions_detail.gui"
[19:18:18][D][pdx_gui_assetfactory.cpp:689]: [LoadAssetsGUI] Loading of "gui/window_decisions_detail.gui" is complete
[19:18:18][D][pdx_gui_assetfactory.cpp:680]: [LoadAssetsGUI] Loading "gui/window_diarchy.gui"
[19:18:18][D][pdx_gui_assetfactory.cpp:689]: [LoadAssetsGUI] Loading of "gui/window_diarchy.gui" is complete
[19:18:18][D][pdx_gui_assetfactory.cpp:680]: [LoadAssetsGUI] Loading "gui/window_diverge_culture.gui"
[19:18:18][D][pdx_gui_assetfactory.cpp:689]: [LoadAssetsGUI] Loading of "gui/window_diverge_culture.gui" is complete
[19:18:18][D][pdx_gui_assetfactory.cpp:680]: [LoadAssetsGUI] Loading "gui/window_dlc_info.gui"
[19:18:18][D][pdx_gui_assetfactory.cpp:689]: [LoadAssetsGUI] Loading of "gui/window_dlc_info.gui" is complete
[19:18:18][D][pdx_gui_assetfactory.cpp:680]: [LoadAssetsGUI] Loading "gui/window_domicile.gui"
[19:18:18][D][pdx_gui_assetfactory.cpp:689]: [LoadAssetsGUI] Loading of "gui/window_domicile.gui" is complete
[19:18:18][D][pdx_gui_assetfactory.cpp:680]: [LoadAssetsGUI] Loading "gui/window_dynasty_house.gui"
[19:18:18][D][pdx_gui_assetfactory.cpp:689]: [LoadAssetsGUI] Loading of "gui/window_dynasty_house.gui" is complete
[19:18:18][D][pdx_gui_assetfactory.cpp:680]: [LoadAssetsGUI] Loading "gui/window_dynasty_house_members.gui"
[19:18:18][D][pdx_gui_assetfactory.cpp:689]: [LoadAssetsGUI] Loading of "gui/window_dynasty_house_members.gui" is complete
[19:18:18][D][pdx_gui_assetfactory.cpp:680]: [LoadAssetsGUI] Loading "gui/window_dynasty_legacy.gui"
[19:18:18][D][pdx_gui_assetfactory.cpp:689]: [LoadAssetsGUI] Loading of "gui/window_dynasty_legacy.gui" is complete
[19:18:18][D][pdx_gui_assetfactory.cpp:680]: [LoadAssetsGUI] Loading "gui/window_dynasty_tree.gui"
[19:18:18][D][pdx_gui_assetfactory.cpp:689]: [LoadAssetsGUI] Loading of "gui/window_dynasty_tree.gui" is complete
[19:18:18][D][pdx_gui_assetfactory.cpp:680]: [LoadAssetsGUI] Loading "gui/window_epidemics.gui"
[19:18:18][D][pdx_gui_assetfactory.cpp:689]: [LoadAssetsGUI] Loading of "gui/window_epidemics.gui" is complete
[19:18:18][D][pdx_gui_assetfactory.cpp:680]: [LoadAssetsGUI] Loading "gui/window_factions.gui"
[19:18:18][D][pdx_gui_assetfactory.cpp:689]: [LoadAssetsGUI] Loading of "gui/window_factions.gui" is complete
[19:18:18][D][pdx_gui_assetfactory.cpp:680]: [LoadAssetsGUI] Loading "gui/window_faith.gui"
[19:18:18][D][pdx_gui_assetfactory.cpp:689]: [LoadAssetsGUI] Loading of "gui/window_faith.gui" is complete
[19:18:18][D][pdx_gui_assetfactory.cpp:680]: [LoadAssetsGUI] Loading "gui/window_faith_conversion.gui"
[19:18:18][D][pdx_gui_assetfactory.cpp:689]: [LoadAssetsGUI] Loading of "gui/window_faith_conversion.gui" is complete
[19:18:18][D][pdx_gui_assetfactory.cpp:680]: [LoadAssetsGUI] Loading "gui/window_family_attribute.gui"
[19:18:18][D][pdx_gui_assetfactory.cpp:689]: [LoadAssetsGUI] Loading of "gui/window_family_attribute.gui" is complete
[19:18:18][D][pdx_gui_assetfactory.cpp:680]: [LoadAssetsGUI] Loading "gui/window_find_title.gui"
[19:18:18][D][pdx_gui_assetfactory.cpp:689]: [LoadAssetsGUI] Loading of "gui/window_find_title.gui" is complete
[19:18:18][D][pdx_gui_assetfactory.cpp:680]: [LoadAssetsGUI] Loading "gui/window_find_vassal.gui"
[19:18:18][D][pdx_gui_assetfactory.cpp:689]: [LoadAssetsGUI] Loading of "gui/window_find_vassal.gui" is complete
[19:18:18][D][pdx_gui_assetfactory.cpp:680]: [LoadAssetsGUI] Loading "gui/window_geographical_regions.gui"
[19:18:18][D][pdx_gui_assetfactory.cpp:689]: [LoadAssetsGUI] Loading of "gui/window_geographical_regions.gui" is complete
[19:18:18][D][pdx_gui_assetfactory.cpp:680]: [LoadAssetsGUI] Loading "gui/window_ghw.gui"
[19:18:18][D][pdx_gui_assetfactory.cpp:689]: [LoadAssetsGUI] Loading of "gui/window_ghw.gui" is complete
[19:18:18][D][pdx_gui_assetfactory.cpp:680]: [LoadAssetsGUI] Loading "gui/window_ghw_change_target.gui"
[19:18:18][D][pdx_gui_assetfactory.cpp:689]: [LoadAssetsGUI] Loading of "gui/window_ghw_change_target.gui" is complete
[19:18:18][D][pdx_gui_assetfactory.cpp:680]: [LoadAssetsGUI] Loading "gui/window_government_administration.gui"
[19:18:18][D][pdx_gui_assetfactory.cpp:689]: [LoadAssetsGUI] Loading of "gui/window_government_administration.gui" is complete
[19:18:18][D][pdx_gui_assetfactory.cpp:680]: [LoadAssetsGUI] Loading "gui/window_great_project.gui"
[19:18:18][D][pdx_gui_assetfactory.cpp:689]: [LoadAssetsGUI] Loading of "gui/window_great_project.gui" is complete
[19:18:18][D][pdx_gui_assetfactory.cpp:680]: [LoadAssetsGUI] Loading "gui/window_hired_troops_detail.gui"
[19:18:18][D][pdx_gui_assetfactory.cpp:689]: [LoadAssetsGUI] Loading of "gui/window_hired_troops_detail.gui" is complete
[19:18:18][D][pdx_gui_assetfactory.cpp:680]: [LoadAssetsGUI] Loading "gui/window_holy_site.gui"
[19:18:18][D][pdx_gui_assetfactory.cpp:689]: [LoadAssetsGUI] Loading of "gui/window_holy_site.gui" is complete
[19:18:18][D][pdx_gui_assetfactory.cpp:680]: [LoadAssetsGUI] Loading "gui/window_holy_site_creation.gui"
[19:18:18][D][pdx_gui_assetfactory.cpp:689]: [LoadAssetsGUI] Loading of "gui/window_holy_site_creation.gui" is complete
[19:18:18][D][pdx_gui_assetfactory.cpp:680]: [LoadAssetsGUI] Loading "gui/window_house_aspiration.gui"
[19:18:18][D][pdx_gui_assetfactory.cpp:689]: [LoadAssetsGUI] Loading of "gui/window_house_aspiration.gui" is complete
[19:18:18][D][pdx_gui_assetfactory.cpp:680]: [LoadAssetsGUI] Loading "gui/window_house_relation_history.gui"
[19:18:18][D][pdx_gui_assetfactory.cpp:689]: [LoadAssetsGUI] Loading of "gui/window_house_relation_history.gui" is complete
[19:18:18][D][pdx_gui_assetfactory.cpp:680]: [LoadAssetsGUI] Loading "gui/window_hybridize_culture.gui"
[19:18:18][D][pdx_gui_assetfactory.cpp:689]: [LoadAssetsGUI] Loading of "gui/window_hybridize_culture.gui" is complete
[19:18:18][D][pdx_gui_assetfactory.cpp:680]: [LoadAssetsGUI] Loading "gui/window_inspirations.gui"
[19:18:18][D][pdx_gui_assetfactory.cpp:689]: [LoadAssetsGUI] Loading of "gui/window_inspirations.gui" is complete
[19:18:18][D][pdx_gui_assetfactory.cpp:680]: [LoadAssetsGUI] Loading "gui/window_intrigue.gui"
[19:18:18][D][pdx_gui_assetfactory.cpp:689]: [LoadAssetsGUI] Loading of "gui/window_intrigue.gui" is complete
[19:18:18][D][pdx_gui_assetfactory.cpp:680]: [LoadAssetsGUI] Loading "gui/window_intrigue_potential_faction_member.gui"
[19:18:18][D][pdx_gui_assetfactory.cpp:689]: [LoadAssetsGUI] Loading of "gui/window_intrigue_potential_faction_member.gui" is complete
[19:18:18][D][pdx_gui_assetfactory.cpp:680]: [LoadAssetsGUI] Loading "gui/window_intrigue_potential_scheme_agent.gui"
[19:18:18][D][pdx_gui_assetfactory.cpp:689]: [LoadAssetsGUI] Loading of "gui/window_intrigue_potential_scheme_agent.gui" is complete
[19:18:18][D][pdx_gui_assetfactory.cpp:680]: [LoadAssetsGUI] Loading "gui/window_inventory.gui"
[19:18:18][D][pdx_gui_assetfactory.cpp:689]: [LoadAssetsGUI] Loading of "gui/window_inventory.gui" is complete
[19:18:18][D][pdx_gui_assetfactory.cpp:680]: [LoadAssetsGUI] Loading "gui/window_kill_list.gui"
[19:18:18][D][pdx_gui_assetfactory.cpp:689]: [LoadAssetsGUI] Loading of "gui/window_kill_list.gui" is complete
[19:18:18][D][pdx_gui_assetfactory.cpp:680]: [LoadAssetsGUI] Loading "gui/window_knights.gui"
[19:18:18][D][pdx_gui_assetfactory.cpp:689]: [LoadAssetsGUI] Loading of "gui/window_knights.gui" is complete
[19:18:18][D][pdx_gui_assetfactory.cpp:680]: [LoadAssetsGUI] Loading "gui/window_languages.gui"
[19:18:18][D][pdx_gui_assetfactory.cpp:689]: [LoadAssetsGUI] Loading of "gui/window_languages.gui" is complete
[19:18:18][D][pdx_gui_assetfactory.cpp:680]: [LoadAssetsGUI] Loading "gui/window_lease_out_baronies.gui"
[19:18:18][D][pdx_gui_assetfactory.cpp:689]: [LoadAssetsGUI] Loading of "gui/window_lease_out_baronies.gui" is complete
[19:18:18][D][pdx_gui_assetfactory.cpp:680]: [LoadAssetsGUI] Loading "gui/window_ledger.gui"
[19:18:18][D][pdx_gui_assetfactory.cpp:689]: [LoadAssetsGUI] Loading of "gui/window_ledger.gui" is complete
[19:18:18][D][pdx_gui_assetfactory.cpp:680]: [LoadAssetsGUI] Loading "gui/window_legend_chronicle.gui"
[19:18:18][D][pdx_gui_assetfactory.cpp:689]: [LoadAssetsGUI] Loading of "gui/window_legend_chronicle.gui" is complete
[19:18:18][D][pdx_gui_assetfactory.cpp:680]: [LoadAssetsGUI] Loading "gui/window_legend_creation.gui"
[19:18:18][D][pdx_gui_assetfactory.cpp:689]: [LoadAssetsGUI] Loading of "gui/window_legend_creation.gui" is complete
[19:18:18][D][pdx_gui_assetfactory.cpp:680]: [LoadAssetsGUI] Loading "gui/window_legends.gui"
[19:18:18][D][pdx_gui_assetfactory.cpp:689]: [LoadAssetsGUI] Loading of "gui/window_legends.gui" is complete
[19:18:18][D][pdx_gui_assetfactory.cpp:680]: [LoadAssetsGUI] Loading "gui/window_levy.gui"
[19:18:18][D][pdx_gui_assetfactory.cpp:689]: [LoadAssetsGUI] Loading of "gui/window_levy.gui" is complete
[19:18:18][D][pdx_gui_assetfactory.cpp:680]: [LoadAssetsGUI] Loading "gui/window_lineage.gui"
[19:18:18][D][pdx_gui_assetfactory.cpp:689]: [LoadAssetsGUI] Loading of "gui/window_lineage.gui" is complete
[19:18:18][D][pdx_gui_assetfactory.cpp:680]: [LoadAssetsGUI] Loading "gui/window_lobby_helper.gui"
[19:18:18][D][pdx_gui_assetfactory.cpp:689]: [LoadAssetsGUI] Loading of "gui/window_lobby_helper.gui" is complete
[19:18:18][D][pdx_gui_assetfactory.cpp:680]: [LoadAssetsGUI] Loading "gui/window_manage_tax_slots.gui"
[19:18:18][D][pdx_gui_assetfactory.cpp:689]: [LoadAssetsGUI] Loading of "gui/window_manage_tax_slots.gui" is complete
[19:18:18][D][pdx_gui_assetfactory.cpp:680]: [LoadAssetsGUI] Loading "gui/window_memories.gui"
[19:18:18][D][pdx_gui_assetfactory.cpp:689]: [LoadAssetsGUI] Loading of "gui/window_memories.gui" is complete
[19:18:18][D][pdx_gui_assetfactory.cpp:680]: [LoadAssetsGUI] Loading "gui/window_menatarms.gui"
[19:18:18][D][pdx_gui_assetfactory.cpp:689]: [LoadAssetsGUI] Loading of "gui/window_menatarms.gui" is complete
[19:18:18][D][pdx_gui_assetfactory.cpp:680]: [LoadAssetsGUI] Loading "gui/window_menatarms_type_view.gui"
[19:18:18][D][pdx_gui_assetfactory.cpp:689]: [LoadAssetsGUI] Loading of "gui/window_menatarms_type_view.gui" is complete
[19:18:18][D][pdx_gui_assetfactory.cpp:680]: [LoadAssetsGUI] Loading "gui/window_message_popup.gui"
[19:18:18][D][pdx_gui_assetfactory.cpp:689]: [LoadAssetsGUI] Loading of "gui/window_message_popup.gui" is complete
[19:18:18][D][pdx_gui_assetfactory.cpp:680]: [LoadAssetsGUI] Loading "gui/window_message_settings.gui"
[19:18:18][D][pdx_gui_assetfactory.cpp:689]: [LoadAssetsGUI] Loading of "gui/window_message_settings.gui" is complete
[19:18:18][D][pdx_gui_assetfactory.cpp:680]: [LoadAssetsGUI] Loading "gui/window_migration.gui"
[19:18:18][D][pdx_gui_assetfactory.cpp:689]: [LoadAssetsGUI] Loading of "gui/window_migration.gui" is complete
[19:18:18][D][pdx_gui_assetfactory.cpp:680]: [LoadAssetsGUI] Loading "gui/window_military.gui"
[19:18:18][D][pdx_gui_assetfactory.cpp:689]: [LoadAssetsGUI] Loading of "gui/window_military.gui" is complete
[19:18:18][D][pdx_gui_assetfactory.cpp:680]: [LoadAssetsGUI] Loading "gui/window_move_domicile.gui"
[19:18:18][D][pdx_gui_assetfactory.cpp:689]: [LoadAssetsGUI] Loading of "gui/window_move_domicile.gui" is complete
[19:18:18][D][pdx_gui_assetfactory.cpp:680]: [LoadAssetsGUI] Loading "gui/window_my_realm.gui"
[19:18:18][D][pdx_gui_assetfactory.cpp:689]: [LoadAssetsGUI] Loading of "gui/window_my_realm.gui" is complete
[19:18:18][D][pdx_gui_assetfactory.cpp:680]: [LoadAssetsGUI] Loading "gui/window_organization.gui"
[19:18:18][D][pdx_gui_assetfactory.cpp:689]: [LoadAssetsGUI] Loading of "gui/window_organization.gui" is complete
[19:18:18][D][pdx_gui_assetfactory.cpp:680]: [LoadAssetsGUI] Loading "gui/window_pam_christian_church.gui"
[19:18:18][D][pdx_gui_assetfactory.cpp:689]: [LoadAssetsGUI] Loading of "gui/window_pam_christian_church.gui" is complete
[19:18:18][D][pdx_gui_assetfactory.cpp:680]: [LoadAssetsGUI] Loading "gui/window_personal_beliefs.gui"
[19:18:18][D][pdx_gui_assetfactory.cpp:689]: [LoadAssetsGUI] Loading of "gui/window_personal_beliefs.gui" is complete
[19:18:18][D][pdx_gui_assetfactory.cpp:680]: [LoadAssetsGUI] Loading "gui/window_plan_great_project.gui"
[19:18:18][D][pdx_gui_assetfactory.cpp:689]: [LoadAssetsGUI] Loading of "gui/window_plan_great_project.gui" is complete
[19:18:18][D][pdx_gui_assetfactory.cpp:680]: [LoadAssetsGUI] Loading "gui/window_potential_great_project_contributors.gui"
[19:18:18][D][pdx_gui_assetfactory.cpp:689]: [LoadAssetsGUI] Loading of "gui/window_potential_great_project_contributors.gui" is complete
[19:18:18][D][pdx_gui_assetfactory.cpp:680]: [LoadAssetsGUI] Loading "gui/window_puppet_selection.gui"
[19:18:18][D][pdx_gui_assetfactory.cpp:689]: [LoadAssetsGUI] Loading of "gui/window_puppet_selection.gui" is complete
[19:18:18][D][pdx_gui_assetfactory.cpp:680]: [LoadAssetsGUI] Loading "gui/window_raid.gui"
[19:18:18][D][pdx_gui_assetfactory.cpp:689]: [LoadAssetsGUI] Loading of "gui/window_raid.gui" is complete
[19:18:18][D][pdx_gui_assetfactory.cpp:680]: [LoadAssetsGUI] Loading "gui/window_raid_intent_selection.gui"
[19:18:18][D][pdx_gui_assetfactory.cpp:689]: [LoadAssetsGUI] Loading of "gui/window_raid_intent_selection.gui" is complete
[19:18:18][D][pdx_gui_assetfactory.cpp:680]: [LoadAssetsGUI] Loading "gui/window_rally_points.gui"
[19:18:18][D][pdx_gui_assetfactory.cpp:689]: [LoadAssetsGUI] Loading of "gui/window_rally_points.gui" is complete
[19:18:18][D][pdx_gui_assetfactory.cpp:680]: [LoadAssetsGUI] Loading "gui/window_replace_pillar.gui"
[19:18:18][D][pdx_gui_assetfactory.cpp:689]: [LoadAssetsGUI] Loading of "gui/window_replace_pillar.gui" is complete
[19:18:18][D][pdx_gui_assetfactory.cpp:680]: [LoadAssetsGUI] Loading "gui/window_resign_confirmation.gui"
[19:18:18][D][pdx_gui_assetfactory.cpp:689]: [LoadAssetsGUI] Loading of "gui/window_resign_confirmation.gui" is complete
[19:18:18][D][pdx_gui_assetfactory.cpp:680]: [LoadAssetsGUI] Loading "gui/window_rite_creation.gui"
[19:18:18][D][pdx_gui_assetfactory.cpp:689]: [LoadAssetsGUI] Loading of "gui/window_rite_creation.gui" is complete
[19:18:18][D][pdx_gui_assetfactory.cpp:680]: [LoadAssetsGUI] Loading "gui/window_royal_court.gui"
[19:18:18][D][pdx_gui_assetfactory.cpp:689]: [LoadAssetsGUI] Loading of "gui/window_royal_court.gui" is complete
[19:18:18][D][pdx_gui_assetfactory.cpp:680]: [LoadAssetsGUI] Loading "gui/window_royal_court_screenshot.gui"
[19:18:18][D][pdx_gui_assetfactory.cpp:689]: [LoadAssetsGUI] Loading of "gui/window_royal_court_screenshot.gui" is complete
[19:18:18][D][pdx_gui_assetfactory.cpp:680]: [LoadAssetsGUI] Loading "gui/window_ruler_designer.gui"
[19:18:18][D][pdx_gui_assetfactory.cpp:689]: [LoadAssetsGUI] Loading of "gui/window_ruler_designer.gui" is complete
[19:18:18][D][pdx_gui_assetfactory.cpp:680]: [LoadAssetsGUI] Loading "gui/window_ruler_designer_load.gui"
[19:18:18][D][pdx_gui_assetfactory.cpp:689]: [LoadAssetsGUI] Loading of "gui/window_ruler_designer_load.gui" is complete
[19:18:18][D][pdx_gui_assetfactory.cpp:680]: [LoadAssetsGUI] Loading "gui/window_ruler_designer_save.gui"
[19:18:18][D][pdx_gui_assetfactory.cpp:689]: [LoadAssetsGUI] Loading of "gui/window_ruler_designer_save.gui" is complete
[19:18:18][D][pdx_gui_assetfactory.cpp:680]: [LoadAssetsGUI] Loading "gui/window_save_game.gui"
[19:18:18][D][pdx_gui_assetfactory.cpp:689]: [LoadAssetsGUI] Loading of "gui/window_save_game.gui" is complete
[19:18:18][D][pdx_gui_assetfactory.cpp:680]: [LoadAssetsGUI] Loading "gui/window_select_men_at_arms_origin.gui"
[19:18:18][D][pdx_gui_assetfactory.cpp:689]: [LoadAssetsGUI] Loading of "gui/window_select_men_at_arms_origin.gui" is complete
[19:18:18][D][pdx_gui_assetfactory.cpp:680]: [LoadAssetsGUI] Loading "gui/window_select_raise_troops_at_location.gui"
[19:18:18][D][pdx_gui_assetfactory.cpp:689]: [LoadAssetsGUI] Loading of "gui/window_select_raise_troops_at_location.gui" is complete
[19:18:18][D][pdx_gui_assetfactory.cpp:680]: [LoadAssetsGUI] Loading "gui/window_select_title_troop_assignment.gui"
[19:18:18][D][pdx_gui_assetfactory.cpp:689]: [LoadAssetsGUI] Loading of "gui/window_select_title_troop_assignment.gui" is complete
[19:18:18][D][pdx_gui_assetfactory.cpp:680]: [LoadAssetsGUI] Loading "gui/window_siege.gui"
[19:18:18][D][pdx_gui_assetfactory.cpp:689]: [LoadAssetsGUI] Loading of "gui/window_siege.gui" is complete
[19:18:18][D][pdx_gui_assetfactory.cpp:680]: [LoadAssetsGUI] Loading "gui/window_silk_road.gui"
[19:18:18][D][pdx_gui_assetfactory.cpp:689]: [LoadAssetsGUI] Loading of "gui/window_silk_road.gui" is complete
[19:18:18][D][pdx_gui_assetfactory.cpp:680]: [LoadAssetsGUI] Loading "gui/window_situation.gui"
[19:18:18][D][pdx_gui_assetfactory.cpp:689]: [LoadAssetsGUI] Loading of "gui/window_situation.gui" is complete
[19:18:18][D][pdx_gui_assetfactory.cpp:680]: [LoadAssetsGUI] Loading "gui/window_situation_debug.gui"
[19:18:18][D][pdx_gui_assetfactory.cpp:689]: [LoadAssetsGUI] Loading of "gui/window_situation_debug.gui" is complete
[19:18:18][D][pdx_gui_assetfactory.cpp:680]: [LoadAssetsGUI] Loading "gui/window_situation_list.gui"
[19:18:18][D][pdx_gui_assetfactory.cpp:689]: [LoadAssetsGUI] Loading of "gui/window_situation_list.gui" is complete
[19:18:18][D][pdx_gui_assetfactory.cpp:680]: [LoadAssetsGUI] Loading "gui/window_situation_participation.gui"
[19:18:18][D][pdx_gui_assetfactory.cpp:689]: [LoadAssetsGUI] Loading of "gui/window_situation_participation.gui" is complete
[19:18:18][D][pdx_gui_assetfactory.cpp:680]: [LoadAssetsGUI] Loading "gui/window_situation_participation_debug.gui"
[19:18:18][D][pdx_gui_assetfactory.cpp:689]: [LoadAssetsGUI] Loading of "gui/window_situation_participation_debug.gui" is complete
[19:18:18][D][pdx_gui_assetfactory.cpp:680]: [LoadAssetsGUI] Loading "gui/window_situation_sub_region.gui"
[19:18:18][D][pdx_gui_assetfactory.cpp:689]: [LoadAssetsGUI] Loading of "gui/window_situation_sub_region.gui" is complete
[19:18:18][D][pdx_gui_assetfactory.cpp:680]: [LoadAssetsGUI] Loading "gui/window_struggle.gui"
[19:18:18][D][pdx_gui_assetfactory.cpp:689]: [LoadAssetsGUI] Loading of "gui/window_struggle.gui" is complete
[19:18:18][D][pdx_gui_assetfactory.cpp:680]: [LoadAssetsGUI] Loading "gui/window_struggle_involvement.gui"
[19:18:18][D][pdx_gui_assetfactory.cpp:689]: [LoadAssetsGUI] Loading of "gui/window_struggle_involvement.gui" is complete
[19:18:18][D][pdx_gui_assetfactory.cpp:680]: [LoadAssetsGUI] Loading "gui/window_succession_change_law.gui"
[19:18:18][D][pdx_gui_assetfactory.cpp:689]: [LoadAssetsGUI] Loading of "gui/window_succession_change_law.gui" is complete
[19:18:18][D][pdx_gui_assetfactory.cpp:680]: [LoadAssetsGUI] Loading "gui/window_succession_designate_heir.gui"
[19:18:18][D][pdx_gui_assetfactory.cpp:689]: [LoadAssetsGUI] Loading of "gui/window_succession_designate_heir.gui" is complete
[19:18:18][D][pdx_gui_assetfactory.cpp:680]: [LoadAssetsGUI] Loading "gui/window_succession_event.gui"
[19:18:18][D][pdx_gui_assetfactory.cpp:689]: [LoadAssetsGUI] Loading of "gui/window_succession_event.gui" is complete
[19:18:18][D][pdx_gui_assetfactory.cpp:680]: [LoadAssetsGUI] Loading "gui/window_task_contract.gui"
[19:18:18][D][pdx_gui_assetfactory.cpp:689]: [LoadAssetsGUI] Loading of "gui/window_task_contract.gui" is complete
[19:18:18][D][pdx_gui_assetfactory.cpp:680]: [LoadAssetsGUI] Loading "gui/window_tax_slot_assign_vassal.gui"
[19:18:18][D][pdx_gui_assetfactory.cpp:689]: [LoadAssetsGUI] Loading of "gui/window_tax_slot_assign_vassal.gui" is complete
[19:18:18][D][pdx_gui_assetfactory.cpp:680]: [LoadAssetsGUI] Loading "gui/window_tax_slot_obligations.gui"
[19:18:18][D][pdx_gui_assetfactory.cpp:689]: [LoadAssetsGUI] Loading of "gui/window_tax_slot_obligations.gui" is complete
[19:18:18][D][pdx_gui_assetfactory.cpp:680]: [LoadAssetsGUI] Loading "gui/window_tax_slot_vassals.gui"
[19:18:18][D][pdx_gui_assetfactory.cpp:689]: [LoadAssetsGUI] Loading of "gui/window_tax_slot_vassals.gui" is complete
[19:18:18][D][pdx_gui_assetfactory.cpp:680]: [LoadAssetsGUI] Loading "gui/window_tgp_dynastic_cycle.gui"
[19:18:18][D][pdx_gui_assetfactory.cpp:689]: [LoadAssetsGUI] Loading of "gui/window_tgp_dynastic_cycle.gui" is complete
[19:18:18][D][pdx_gui_assetfactory.cpp:680]: [LoadAssetsGUI] Loading "gui/window_tgp_natural_disaster.gui"
[19:18:18][D][pdx_gui_assetfactory.cpp:689]: [LoadAssetsGUI] Loading of "gui/window_tgp_natural_disaster.gui" is complete
[19:18:18][D][pdx_gui_assetfactory.cpp:680]: [LoadAssetsGUI] Loading "gui/window_the_great_steppe.gui"
[19:18:18][D][pdx_gui_assetfactory.cpp:689]: [LoadAssetsGUI] Loading of "gui/window_the_great_steppe.gui" is complete
[19:18:18][D][pdx_gui_assetfactory.cpp:680]: [LoadAssetsGUI] Loading "gui/window_title.gui"
[19:18:18][D][pdx_gui_assetfactory.cpp:689]: [LoadAssetsGUI] Loading of "gui/window_title.gui" is complete
[19:18:18][D][pdx_gui_assetfactory.cpp:680]: [LoadAssetsGUI] Loading "gui/window_title_add_law.gui"
[19:18:18][D][pdx_gui_assetfactory.cpp:689]: [LoadAssetsGUI] Loading of "gui/window_title_add_law.gui" is complete
[19:18:18][D][pdx_gui_assetfactory.cpp:680]: [LoadAssetsGUI] Loading "gui/window_title_appointment.gui"
[19:18:18][D][pdx_gui_assetfactory.cpp:689]: [LoadAssetsGUI] Loading of "gui/window_title_appointment.gui" is complete
[19:18:18][D][pdx_gui_assetfactory.cpp:680]: [LoadAssetsGUI] Loading "gui/window_title_claimants.gui"
[19:18:18][D][pdx_gui_assetfactory.cpp:689]: [LoadAssetsGUI] Loading of "gui/window_title_claimants.gui" is complete
[19:18:18][D][pdx_gui_assetfactory.cpp:680]: [LoadAssetsGUI] Loading "gui/window_title_customization.gui"
[19:18:18][D][pdx_gui_assetfactory.cpp:689]: [LoadAssetsGUI] Loading of "gui/window_title_customization.gui" is complete
[19:18:18][D][pdx_gui_assetfactory.cpp:680]: [LoadAssetsGUI] Loading "gui/window_title_election.gui"
[19:18:18][D][pdx_gui_assetfactory.cpp:689]: [LoadAssetsGUI] Loading of "gui/window_title_election.gui" is complete
[19:18:18][D][pdx_gui_assetfactory.cpp:680]: [LoadAssetsGUI] Loading "gui/window_title_history.gui"
[19:18:18][D][pdx_gui_assetfactory.cpp:689]: [LoadAssetsGUI] Loading of "gui/window_title_history.gui" is complete
[19:18:18][D][pdx_gui_assetfactory.cpp:680]: [LoadAssetsGUI] Loading "gui/window_title_selector.gui"
[19:18:18][D][pdx_gui_assetfactory.cpp:689]: [LoadAssetsGUI] Loading of "gui/window_title_selector.gui" is complete
[19:18:18][D][pdx_gui_assetfactory.cpp:680]: [LoadAssetsGUI] Loading "gui/window_travel_option_selection.gui"
[19:18:18][D][pdx_gui_assetfactory.cpp:689]: [LoadAssetsGUI] Loading of "gui/window_travel_option_selection.gui" is complete
[19:18:18][D][pdx_gui_assetfactory.cpp:680]: [LoadAssetsGUI] Loading "gui/window_travel_planner.gui"
[19:18:18][D][pdx_gui_assetfactory.cpp:689]: [LoadAssetsGUI] Loading of "gui/window_travel_planner.gui" is complete
[19:18:18][D][pdx_gui_assetfactory.cpp:680]: [LoadAssetsGUI] Loading "gui/window_travel_route_edit.gui"
[19:18:18][D][pdx_gui_assetfactory.cpp:689]: [LoadAssetsGUI] Loading of "gui/window_travel_route_edit.gui" is complete
[19:18:18][D][pdx_gui_assetfactory.cpp:680]: [LoadAssetsGUI] Loading "gui/window_treasury_budget_change.gui"
[19:18:18][D][pdx_gui_assetfactory.cpp:689]: [LoadAssetsGUI] Loading of "gui/window_treasury_budget_change.gui" is complete
[19:18:18][D][pdx_gui_assetfactory.cpp:680]: [LoadAssetsGUI] Loading "gui/window_tutorial.gui"
[19:18:18][D][pdx_gui_assetfactory.cpp:689]: [LoadAssetsGUI] Loading of "gui/window_tutorial.gui" is complete
[19:18:18][D][pdx_gui_assetfactory.cpp:680]: [LoadAssetsGUI] Loading "gui/window_war_declared_overview.gui"
[19:18:18][D][pdx_gui_assetfactory.cpp:689]: [LoadAssetsGUI] Loading of "gui/window_war_declared_overview.gui" is complete
[19:18:18][D][pdx_gui_assetfactory.cpp:680]: [LoadAssetsGUI] Loading "gui/window_war_overview.gui"
[19:18:18][D][pdx_gui_assetfactory.cpp:689]: [LoadAssetsGUI] Loading of "gui/window_war_overview.gui" is complete
[19:18:18][D][pdx_gui_assetfactory.cpp:680]: [LoadAssetsGUI] Loading "gui/window_war_results.gui"
[19:18:18][D][pdx_gui_assetfactory.cpp:689]: [LoadAssetsGUI] Loading of "gui/window_war_results.gui" is complete
[19:18:18][D][pdx_gui_assetfactory.cpp:680]: [LoadAssetsGUI] Loading "gui/achievements/jomini_achievements_types.gui"
[19:18:18][D][pdx_gui_assetfactory.cpp:689]: [LoadAssetsGUI] Loading of "gui/achievements/jomini_achievements_types.gui" is complete
[19:18:18][D][pdx_gui_assetfactory.cpp:680]: [LoadAssetsGUI] Loading "gui/achievements/jomini_achievements_window.gui"
[19:18:18][D][pdx_gui_assetfactory.cpp:689]: [LoadAssetsGUI] Loading of "gui/achievements/jomini_achievements_window.gui" is complete
[19:18:18][D][pdx_gui_assetfactory.cpp:680]: [LoadAssetsGUI] Loading "gui/achievements/popup.gui"
[19:18:18][D][pdx_gui_assetfactory.cpp:689]: [LoadAssetsGUI] Loading of "gui/achievements/popup.gui" is complete
[19:18:18][D][pdx_gui_assetfactory.cpp:680]: [LoadAssetsGUI] Loading "gui/activity_locale_widgets/locale_artisan_armorsmith_west.gui"
[19:18:18][D][pdx_gui_assetfactory.cpp:689]: [LoadAssetsGUI] Loading of "gui/activity_locale_widgets/locale_artisan_armorsmith_west.gui" is complete
[19:18:18][D][pdx_gui_assetfactory.cpp:680]: [LoadAssetsGUI] Loading "gui/activity_locale_widgets/locale_artisan_farrier_west.gui"
[19:18:18][D][pdx_gui_assetfactory.cpp:689]: [LoadAssetsGUI] Loading of "gui/activity_locale_widgets/locale_artisan_farrier_west.gui" is complete
[19:18:18][D][pdx_gui_assetfactory.cpp:680]: [LoadAssetsGUI] Loading "gui/activity_locale_widgets/locale_artisan_fletcher_west.gui"
[19:18:18][D][pdx_gui_assetfactory.cpp:689]: [LoadAssetsGUI] Loading of "gui/activity_locale_widgets/locale_artisan_fletcher_west.gui" is complete
[19:18:18][D][pdx_gui_assetfactory.cpp:680]: [LoadAssetsGUI] Loading "gui/activity_locale_widgets/locale_artisan_india.gui"
[19:18:18][D][pdx_gui_assetfactory.cpp:689]: [LoadAssetsGUI] Loading of "gui/activity_locale_widgets/locale_artisan_india.gui" is complete
[19:18:18][D][pdx_gui_assetfactory.cpp:680]: [LoadAssetsGUI] Loading "gui/activity_locale_widgets/locale_artisan_mena.gui"
[19:18:18][D][pdx_gui_assetfactory.cpp:689]: [LoadAssetsGUI] Loading of "gui/activity_locale_widgets/locale_artisan_mena.gui" is complete
[19:18:18][D][pdx_gui_assetfactory.cpp:680]: [LoadAssetsGUI] Loading "gui/activity_locale_widgets/locale_artisan_tailor_west.gui"
[19:18:18][D][pdx_gui_assetfactory.cpp:689]: [LoadAssetsGUI] Loading of "gui/activity_locale_widgets/locale_artisan_tailor_west.gui" is complete
[19:18:18][D][pdx_gui_assetfactory.cpp:680]: [LoadAssetsGUI] Loading "gui/activity_locale_widgets/locale_artisan_weaponsmith_west.gui"
[19:18:18][D][pdx_gui_assetfactory.cpp:689]: [LoadAssetsGUI] Loading of "gui/activity_locale_widgets/locale_artisan_weaponsmith_west.gui" is complete
[19:18:18][D][pdx_gui_assetfactory.cpp:680]: [LoadAssetsGUI] Loading "gui/activity_locale_widgets/locale_artisan_west.gui"
[19:18:18][D][pdx_gui_assetfactory.cpp:689]: [LoadAssetsGUI] Loading of "gui/activity_locale_widgets/locale_artisan_west.gui" is complete
[19:18:18][D][pdx_gui_assetfactory.cpp:680]: [LoadAssetsGUI] Loading "gui/activity_locale_widgets/locale_camp_india.gui"
[19:18:18][D][pdx_gui_assetfactory.cpp:689]: [LoadAssetsGUI] Loading of "gui/activity_locale_widgets/locale_camp_india.gui" is complete
[19:18:18][D][pdx_gui_assetfactory.cpp:680]: [LoadAssetsGUI] Loading "gui/activity_locale_widgets/locale_camp_mena.gui"
[19:18:18][D][pdx_gui_assetfactory.cpp:689]: [LoadAssetsGUI] Loading of "gui/activity_locale_widgets/locale_camp_mena.gui" is complete
[19:18:18][D][pdx_gui_assetfactory.cpp:680]: [LoadAssetsGUI] Loading "gui/activity_locale_widgets/locale_camp_west.gui"
[19:18:18][D][pdx_gui_assetfactory.cpp:689]: [LoadAssetsGUI] Loading of "gui/activity_locale_widgets/locale_camp_west.gui" is complete
[19:18:18][D][pdx_gui_assetfactory.cpp:680]: [LoadAssetsGUI] Loading "gui/activity_locale_widgets/locale_entertainment_india.gui"
[19:18:18][D][pdx_gui_assetfactory.cpp:689]: [LoadAssetsGUI] Loading of "gui/activity_locale_widgets/locale_entertainment_india.gui" is complete
[19:18:18][D][pdx_gui_assetfactory.cpp:680]: [LoadAssetsGUI] Loading "gui/activity_locale_widgets/locale_entertainment_mena.gui"
[19:18:18][D][pdx_gui_assetfactory.cpp:689]: [LoadAssetsGUI] Loading of "gui/activity_locale_widgets/locale_entertainment_mena.gui" is complete
[19:18:18][D][pdx_gui_assetfactory.cpp:680]: [LoadAssetsGUI] Loading "gui/activity_locale_widgets/locale_entertainment_west.gui"
[19:18:18][D][pdx_gui_assetfactory.cpp:689]: [LoadAssetsGUI] Loading of "gui/activity_locale_widgets/locale_entertainment_west.gui" is complete
[19:18:18][D][pdx_gui_assetfactory.cpp:680]: [LoadAssetsGUI] Loading "gui/activity_locale_widgets/locale_temple_india.gui"
[19:18:18][D][pdx_gui_assetfactory.cpp:689]: [LoadAssetsGUI] Loading of "gui/activity_locale_widgets/locale_temple_india.gui" is complete
[19:18:18][D][pdx_gui_assetfactory.cpp:680]: [LoadAssetsGUI] Loading "gui/activity_locale_widgets/locale_temple_mena.gui"
[19:18:18][D][pdx_gui_assetfactory.cpp:689]: [LoadAssetsGUI] Loading of "gui/activity_locale_widgets/locale_temple_mena.gui" is complete
[19:18:18][D][pdx_gui_assetfactory.cpp:680]: [LoadAssetsGUI] Loading "gui/activity_locale_widgets/locale_temple_west.gui"
[19:18:18][D][pdx_gui_assetfactory.cpp:689]: [LoadAssetsGUI] Loading of "gui/activity_locale_widgets/locale_temple_west.gui" is complete
[19:18:18][D][pdx_gui_assetfactory.cpp:680]: [LoadAssetsGUI] Loading "gui/activity_locale_widgets/locale_tournament1_india.gui"
[19:18:18][D][pdx_gui_assetfactory.cpp:689]: [LoadAssetsGUI] Loading of "gui/activity_locale_widgets/locale_tournament1_india.gui" is complete
[19:18:18][D][pdx_gui_assetfactory.cpp:680]: [LoadAssetsGUI] Loading "gui/activity_locale_widgets/locale_tournament1_mena.gui"
[19:18:18][D][pdx_gui_assetfactory.cpp:689]: [LoadAssetsGUI] Loading of "gui/activity_locale_widgets/locale_tournament1_mena.gui" is complete
[19:18:18][D][pdx_gui_assetfactory.cpp:680]: [LoadAssetsGUI] Loading "gui/activity_locale_widgets/locale_tournament1_west.gui"
[19:18:18][D][pdx_gui_assetfactory.cpp:689]: [LoadAssetsGUI] Loading of "gui/activity_locale_widgets/locale_tournament1_west.gui" is complete
[19:18:18][D][pdx_gui_assetfactory.cpp:680]: [LoadAssetsGUI] Loading "gui/activity_locale_widgets/locale_tournament3_india.gui"
[19:18:18][D][pdx_gui_assetfactory.cpp:689]: [LoadAssetsGUI] Loading of "gui/activity_locale_widgets/locale_tournament3_india.gui" is complete
[19:18:18][D][pdx_gui_assetfactory.cpp:680]: [LoadAssetsGUI] Loading "gui/activity_locale_widgets/locale_tournament3_mena.gui"
[19:18:18][D][pdx_gui_assetfactory.cpp:689]: [LoadAssetsGUI] Loading of "gui/activity_locale_widgets/locale_tournament3_mena.gui" is complete
[19:18:18][D][pdx_gui_assetfactory.cpp:680]: [LoadAssetsGUI] Loading "gui/activity_locale_widgets/locale_tournament3_west.gui"
[19:18:18][D][pdx_gui_assetfactory.cpp:689]: [LoadAssetsGUI] Loading of "gui/activity_locale_widgets/locale_tournament3_west.gui" is complete
[19:18:18][D][pdx_gui_assetfactory.cpp:680]: [LoadAssetsGUI] Loading "gui/activity_locale_widgets/locale_town_india.gui"
[19:18:18][D][pdx_gui_assetfactory.cpp:689]: [LoadAssetsGUI] Loading of "gui/activity_locale_widgets/locale_town_india.gui" is complete
[19:18:18][D][pdx_gui_assetfactory.cpp:680]: [LoadAssetsGUI] Loading "gui/activity_locale_widgets/locale_town_mena.gui"
[19:18:18][D][pdx_gui_assetfactory.cpp:689]: [LoadAssetsGUI] Loading of "gui/activity_locale_widgets/locale_town_mena.gui" is complete
[19:18:18][D][pdx_gui_assetfactory.cpp:680]: [LoadAssetsGUI] Loading "gui/activity_locale_widgets/locale_town_west.gui"
[19:18:18][D][pdx_gui_assetfactory.cpp:689]: [LoadAssetsGUI] Loading of "gui/activity_locale_widgets/locale_town_west.gui" is complete
[19:18:18][D][pdx_gui_assetfactory.cpp:680]: [LoadAssetsGUI] Loading "gui/activity_locale_widgets/locale_widget_base.gui"
[19:18:18][D][pdx_gui_assetfactory.cpp:689]: [LoadAssetsGUI] Loading of "gui/activity_locale_widgets/locale_widget_base.gui" is complete
[19:18:18][D][pdx_gui_assetfactory.cpp:680]: [LoadAssetsGUI] Loading "gui/activity_locale_widgets/tournament_terrain_europe_farmland.gui"
[19:18:18][D][pdx_gui_assetfactory.cpp:689]: [LoadAssetsGUI] Loading of "gui/activity_locale_widgets/tournament_terrain_europe_farmland.gui" is complete
[19:18:18][D][pdx_gui_assetfactory.cpp:680]: [LoadAssetsGUI] Loading "gui/activity_locale_widgets/tournament_terrain_europe_farmland_top_layer.gui"
[19:18:18][D][pdx_gui_assetfactory.cpp:689]: [LoadAssetsGUI] Loading of "gui/activity_locale_widgets/tournament_terrain_europe_farmland_top_layer.gui" is complete
[19:18:18][D][pdx_gui_assetfactory.cpp:680]: [LoadAssetsGUI] Loading "gui/activity_locale_widgets/tournament_terrain_jungle.gui"
[19:18:18][D][pdx_gui_assetfactory.cpp:689]: [LoadAssetsGUI] Loading of "gui/activity_locale_widgets/tournament_terrain_jungle.gui" is complete
[19:18:18][D][pdx_gui_assetfactory.cpp:680]: [LoadAssetsGUI] Loading "gui/activity_locale_widgets/tournament_terrain_jungle_top_layer.gui"
[19:18:18][D][pdx_gui_assetfactory.cpp:689]: [LoadAssetsGUI] Loading of "gui/activity_locale_widgets/tournament_terrain_jungle_top_layer.gui" is complete
[19:18:18][D][pdx_gui_assetfactory.cpp:680]: [LoadAssetsGUI] Loading "gui/activity_locale_widgets/tournament_terrain_mena.gui"
[19:18:18][D][pdx_gui_assetfactory.cpp:689]: [LoadAssetsGUI] Loading of "gui/activity_locale_widgets/tournament_terrain_mena.gui" is complete
[19:18:18][D][pdx_gui_assetfactory.cpp:680]: [LoadAssetsGUI] Loading "gui/activity_locale_widgets/tournament_terrain_mena_top_layer.gui"
[19:18:18][D][pdx_gui_assetfactory.cpp:689]: [LoadAssetsGUI] Loading of "gui/activity_locale_widgets/tournament_terrain_mena_top_layer.gui" is complete
[19:18:18][D][pdx_gui_assetfactory.cpp:680]: [LoadAssetsGUI] Loading "gui/activity_planner_widgets/activity_planner_tenet_doctrine_selection.gui"
[19:18:18][D][pdx_gui_assetfactory.cpp:689]: [LoadAssetsGUI] Loading of "gui/activity_planner_widgets/activity_planner_tenet_doctrine_selection.gui" is complete
[19:18:18][D][pdx_gui_assetfactory.cpp:680]: [LoadAssetsGUI] Loading "gui/activity_window_widgets/activity_special_type_progression.gui"
[19:18:18][D][pdx_gui_assetfactory.cpp:689]: [LoadAssetsGUI] Loading of "gui/activity_window_widgets/activity_special_type_progression.gui" is complete
[19:18:18][D][pdx_gui_assetfactory.cpp:680]: [LoadAssetsGUI] Loading "gui/activity_window_widgets/artifact_rewards.gui"
[19:18:18][D][pdx_gui_assetfactory.cpp:689]: [LoadAssetsGUI] Loading of "gui/activity_window_widgets/artifact_rewards.gui" is complete
[19:18:18][D][pdx_gui_assetfactory.cpp:680]: [LoadAssetsGUI] Loading "gui/activity_window_widgets/chariot_race_pivotal_moment_widget.gui"
[19:18:18][D][pdx_gui_assetfactory.cpp:689]: [LoadAssetsGUI] Loading of "gui/activity_window_widgets/chariot_race_pivotal_moment_widget.gui" is complete
[19:18:18][D][pdx_gui_assetfactory.cpp:680]: [LoadAssetsGUI] Loading "gui/activity_window_widgets/chariot_race_progress_to_victory_widget.gui"
[19:18:18][D][pdx_gui_assetfactory.cpp:689]: [LoadAssetsGUI] Loading of "gui/activity_window_widgets/chariot_race_progress_to_victory_widget.gui" is complete
[19:18:18][D][pdx_gui_assetfactory.cpp:680]: [LoadAssetsGUI] Loading "gui/activity_window_widgets/chariot_race_widget_types.gui"
[19:18:18][D][pdx_gui_assetfactory.cpp:689]: [LoadAssetsGUI] Loading of "gui/activity_window_widgets/chariot_race_widget_types.gui" is complete
[19:18:18][D][pdx_gui_assetfactory.cpp:680]: [LoadAssetsGUI] Loading "gui/activity_window_widgets/coronation_special_type_progression.gui"
[19:18:18][D][pdx_gui_assetfactory.cpp:689]: [LoadAssetsGUI] Loading of "gui/activity_window_widgets/coronation_special_type_progression.gui" is complete
[19:18:18][D][pdx_gui_assetfactory.cpp:680]: [LoadAssetsGUI] Loading "gui/activity_window_widgets/coronation_supporter_detractor_widget.gui"
[19:18:18][D][pdx_gui_assetfactory.cpp:689]: [LoadAssetsGUI] Loading of "gui/activity_window_widgets/coronation_supporter_detractor_widget.gui" is complete
[19:18:18][D][pdx_gui_assetfactory.cpp:680]: [LoadAssetsGUI] Loading "gui/activity_window_widgets/coronation_widget_types.gui"
[19:18:18][D][pdx_gui_assetfactory.cpp:689]: [LoadAssetsGUI] Loading of "gui/activity_window_widgets/coronation_widget_types.gui" is complete
[19:18:18][D][pdx_gui_assetfactory.cpp:680]: [LoadAssetsGUI] Loading "gui/activity_window_widgets/debate_success_chance.gui"
[19:18:18][D][pdx_gui_assetfactory.cpp:689]: [LoadAssetsGUI] Loading of "gui/activity_window_widgets/debate_success_chance.gui" is complete
[19:18:18][D][pdx_gui_assetfactory.cpp:680]: [LoadAssetsGUI] Loading "gui/activity_window_widgets/funeral_deceased_portrait.gui"
[19:18:18][D][pdx_gui_assetfactory.cpp:689]: [LoadAssetsGUI] Loading of "gui/activity_window_widgets/funeral_deceased_portrait.gui" is complete
[19:18:18][D][pdx_gui_assetfactory.cpp:680]: [LoadAssetsGUI] Loading "gui/activity_window_widgets/funeral_deceased_selection_button.gui"
[19:18:18][D][pdx_gui_assetfactory.cpp:689]: [LoadAssetsGUI] Loading of "gui/activity_window_widgets/funeral_deceased_selection_button.gui" is complete
[19:18:18][D][pdx_gui_assetfactory.cpp:680]: [LoadAssetsGUI] Loading "gui/activity_window_widgets/funeral_deceased_selection_widget.gui"
[19:18:18][D][pdx_gui_assetfactory.cpp:689]: [LoadAssetsGUI] Loading of "gui/activity_window_widgets/funeral_deceased_selection_widget.gui" is complete
[19:18:18][D][pdx_gui_assetfactory.cpp:680]: [LoadAssetsGUI] Loading "gui/activity_window_widgets/hunt_success_chance.gui"
[19:18:18][D][pdx_gui_assetfactory.cpp:689]: [LoadAssetsGUI] Loading of "gui/activity_window_widgets/hunt_success_chance.gui" is complete
[19:18:18][D][pdx_gui_assetfactory.cpp:680]: [LoadAssetsGUI] Loading "gui/activity_window_widgets/imperial_examination_progress_widget.gui"
[19:18:18][D][pdx_gui_assetfactory.cpp:689]: [LoadAssetsGUI] Loading of "gui/activity_window_widgets/imperial_examination_progress_widget.gui" is complete
[19:18:18][D][pdx_gui_assetfactory.cpp:680]: [LoadAssetsGUI] Loading "gui/activity_window_widgets/imperial_examination_scoreboard_widget.gui"
[19:18:18][D][pdx_gui_assetfactory.cpp:689]: [LoadAssetsGUI] Loading of "gui/activity_window_widgets/imperial_examination_scoreboard_widget.gui" is complete
[19:18:18][D][pdx_gui_assetfactory.cpp:680]: [LoadAssetsGUI] Loading "gui/activity_window_widgets/imperial_examination_widget_types.gui"
[19:18:18][D][pdx_gui_assetfactory.cpp:689]: [LoadAssetsGUI] Loading of "gui/activity_window_widgets/imperial_examination_widget_types.gui" is complete
[19:18:18][D][pdx_gui_assetfactory.cpp:680]: [LoadAssetsGUI] Loading "gui/activity_window_widgets/inspection_success_chance.gui"
[19:18:18][D][pdx_gui_assetfactory.cpp:689]: [LoadAssetsGUI] Loading of "gui/activity_window_widgets/inspection_success_chance.gui" is complete
[19:18:18][D][pdx_gui_assetfactory.cpp:680]: [LoadAssetsGUI] Loading "gui/activity_window_widgets/nerge_special_type_progression.gui"
[19:18:18][D][pdx_gui_assetfactory.cpp:689]: [LoadAssetsGUI] Loading of "gui/activity_window_widgets/nerge_special_type_progression.gui" is complete
[19:18:18][D][pdx_gui_assetfactory.cpp:680]: [LoadAssetsGUI] Loading "gui/activity_window_widgets/tour_conclusion_stops.gui"
[19:18:18][D][pdx_gui_assetfactory.cpp:689]: [LoadAssetsGUI] Loading of "gui/activity_window_widgets/tour_conclusion_stops.gui" is complete
[19:18:18][D][pdx_gui_assetfactory.cpp:680]: [LoadAssetsGUI] Loading "gui/activity_window_widgets/tour_success_bar.gui"
[19:18:18][D][pdx_gui_assetfactory.cpp:689]: [LoadAssetsGUI] Loading of "gui/activity_window_widgets/tour_success_bar.gui" is complete
[19:18:18][D][pdx_gui_assetfactory.cpp:680]: [LoadAssetsGUI] Loading "gui/activity_window_widgets/tournament_active_phase_background.gui"
[19:18:18][D][pdx_gui_assetfactory.cpp:689]: [LoadAssetsGUI] Loading of "gui/activity_window_widgets/tournament_active_phase_background.gui" is complete
[19:18:18][D][pdx_gui_assetfactory.cpp:680]: [LoadAssetsGUI] Loading "gui/activity_window_widgets/tournament_active_phase_contest_info_button.gui"
[19:18:18][D][pdx_gui_assetfactory.cpp:689]: [LoadAssetsGUI] Loading of "gui/activity_window_widgets/tournament_active_phase_contest_info_button.gui" is complete
[19:18:18][D][pdx_gui_assetfactory.cpp:680]: [LoadAssetsGUI] Loading "gui/activity_window_widgets/tournament_bottom_middle_widget.gui"
[19:18:18][D][pdx_gui_assetfactory.cpp:689]: [LoadAssetsGUI] Loading of "gui/activity_window_widgets/tournament_bottom_middle_widget.gui" is complete
[19:18:18][D][pdx_gui_assetfactory.cpp:680]: [LoadAssetsGUI] Loading "gui/activity_window_widgets/tournament_contest_information.gui"
[19:18:18][D][pdx_gui_assetfactory.cpp:689]: [LoadAssetsGUI] Loading of "gui/activity_window_widgets/tournament_contest_information.gui" is complete
[19:18:18][D][pdx_gui_assetfactory.cpp:680]: [LoadAssetsGUI] Loading "gui/activity_window_widgets/tournament_contest_selection.gui"
[19:18:18][D][pdx_gui_assetfactory.cpp:689]: [LoadAssetsGUI] Loading of "gui/activity_window_widgets/tournament_contest_selection.gui" is complete
[19:18:18][D][pdx_gui_assetfactory.cpp:680]: [LoadAssetsGUI] Loading "gui/activity_window_widgets/tournament_contestant_leaderboard_widget.gui"
[19:18:18][D][pdx_gui_assetfactory.cpp:689]: [LoadAssetsGUI] Loading of "gui/activity_window_widgets/tournament_contestant_leaderboard_widget.gui" is complete
[19:18:18][D][pdx_gui_assetfactory.cpp:680]: [LoadAssetsGUI] Loading "gui/activity_window_widgets/tournament_fullscreen_pivotal_event_widget.gui"
[19:18:18][D][pdx_gui_assetfactory.cpp:689]: [LoadAssetsGUI] Loading of "gui/activity_window_widgets/tournament_fullscreen_pivotal_event_widget.gui" is complete
[19:18:18][D][pdx_gui_assetfactory.cpp:680]: [LoadAssetsGUI] Loading "gui/activity_window_widgets/tournament_my_aptitudes.gui"
[19:18:18][D][pdx_gui_assetfactory.cpp:689]: [LoadAssetsGUI] Loading of "gui/activity_window_widgets/tournament_my_aptitudes.gui" is complete
[19:18:18][D][pdx_gui_assetfactory.cpp:680]: [LoadAssetsGUI] Loading "gui/activity_window_widgets/tournament_my_attending_knights_view.gui"
[19:18:18][D][pdx_gui_assetfactory.cpp:689]: [LoadAssetsGUI] Loading of "gui/activity_window_widgets/tournament_my_attending_knights_view.gui" is complete
[19:18:18][D][pdx_gui_assetfactory.cpp:680]: [LoadAssetsGUI] Loading "gui/activity_window_widgets/tournament_my_status_icon.gui"
[19:18:18][D][pdx_gui_assetfactory.cpp:689]: [LoadAssetsGUI] Loading of "gui/activity_window_widgets/tournament_my_status_icon.gui" is complete
[19:18:18][D][pdx_gui_assetfactory.cpp:680]: [LoadAssetsGUI] Loading "gui/activity_window_widgets/tournament_planning_selected_contests.gui"
[19:18:18][D][pdx_gui_assetfactory.cpp:689]: [LoadAssetsGUI] Loading of "gui/activity_window_widgets/tournament_planning_selected_contests.gui" is complete
[19:18:18][D][pdx_gui_assetfactory.cpp:680]: [LoadAssetsGUI] Loading "gui/activity_window_widgets/tournament_progress_to_victory_widget.gui"
[19:18:18][D][pdx_gui_assetfactory.cpp:689]: [LoadAssetsGUI] Loading of "gui/activity_window_widgets/tournament_progress_to_victory_widget.gui" is complete
[19:18:18][D][pdx_gui_assetfactory.cpp:680]: [LoadAssetsGUI] Loading "gui/activity_window_widgets/tournament_toggle_my_knights_button.gui"
[19:18:18][D][pdx_gui_assetfactory.cpp:689]: [LoadAssetsGUI] Loading of "gui/activity_window_widgets/tournament_toggle_my_knights_button.gui" is complete
[19:18:18][D][pdx_gui_assetfactory.cpp:680]: [LoadAssetsGUI] Loading "gui/activity_window_widgets/tournament_widget_types.gui"
[19:18:18][D][pdx_gui_assetfactory.cpp:689]: [LoadAssetsGUI] Loading of "gui/activity_window_widgets/tournament_widget_types.gui" is complete
[19:18:18][D][pdx_gui_assetfactory.cpp:680]: [LoadAssetsGUI] Loading "gui/activity_window_widgets/trait_rewards.gui"
[19:18:18][D][pdx_gui_assetfactory.cpp:689]: [LoadAssetsGUI] Loading of "gui/activity_window_widgets/trait_rewards.gui" is complete
[19:18:18][D][pdx_gui_assetfactory.cpp:680]: [LoadAssetsGUI] Loading "gui/applicationutils/console.gui"
[19:18:18][D][pdx_gui_assetfactory.cpp:689]: [LoadAssetsGUI] Loading of "gui/applicationutils/console.gui" is complete
[19:18:18][D][pdx_gui_assetfactory.cpp:680]: [LoadAssetsGUI] Loading "gui/applicationutils/curve_editor.gui"
[19:18:18][D][pdx_gui_assetfactory.cpp:689]: [LoadAssetsGUI] Loading of "gui/applicationutils/curve_editor.gui" is complete
[19:18:18][D][pdx_gui_assetfactory.cpp:680]: [LoadAssetsGUI] Loading "gui/applicationutils/drawcmds_viewer.gui"
[19:18:18][D][pdx_gui_assetfactory.cpp:689]: [LoadAssetsGUI] Loading of "gui/applicationutils/drawcmds_viewer.gui" is complete
[19:18:18][D][pdx_gui_assetfactory.cpp:680]: [LoadAssetsGUI] Loading "gui/applicationutils/screenshot.gui"
[19:18:19][D][pdx_gui_assetfactory.cpp:689]: [LoadAssetsGUI] Loading of "gui/applicationutils/screenshot.gui" is complete
[19:18:19][D][pdx_gui_assetfactory.cpp:680]: [LoadAssetsGUI] Loading "gui/applicationutils/settings.gui"
[19:18:19][D][pdx_gui_assetfactory.cpp:689]: [LoadAssetsGUI] Loading of "gui/applicationutils/settings.gui" is complete
[19:18:19][D][pdx_gui_assetfactory.cpp:680]: [LoadAssetsGUI] Loading "gui/applicationutils/texture_importer.gui"
[19:18:19][D][pdx_gui_assetfactory.cpp:689]: [LoadAssetsGUI] Loading of "gui/applicationutils/texture_importer.gui" is complete
[19:18:19][D][pdx_gui_assetfactory.cpp:680]: [LoadAssetsGUI] Loading "gui/applicationutils/texture_list.gui"
[19:18:19][D][pdx_gui_assetfactory.cpp:689]: [LoadAssetsGUI] Loading of "gui/applicationutils/texture_list.gui" is complete
[19:18:19][D][pdx_gui_assetfactory.cpp:680]: [LoadAssetsGUI] Loading "gui/applicationutils/texture_viewer.gui"
[19:18:19][D][pdx_gui_assetfactory.cpp:689]: [LoadAssetsGUI] Loading of "gui/applicationutils/texture_viewer.gui" is complete
[19:18:19][D][pdx_gui_assetfactory.cpp:680]: [LoadAssetsGUI] Loading "gui/applicationutils/tools_gui_bundle_properties.gui"
[19:18:19][D][pdx_gui_assetfactory.cpp:689]: [LoadAssetsGUI] Loading of "gui/applicationutils/tools_gui_bundle_properties.gui" is complete
[19:18:19][D][pdx_gui_assetfactory.cpp:680]: [LoadAssetsGUI] Loading "gui/applicationutils/tools_gui_custom_properties.gui"
[19:18:19][D][pdx_gui_assetfactory.cpp:689]: [LoadAssetsGUI] Loading of "gui/applicationutils/tools_gui_custom_properties.gui" is complete
[19:18:19][D][pdx_gui_assetfactory.cpp:680]: [LoadAssetsGUI] Loading "gui/applicationutils/tools_gui_dialogs.gui"
[19:18:19][D][pdx_gui_assetfactory.cpp:689]: [LoadAssetsGUI] Loading of "gui/applicationutils/tools_gui_dialogs.gui" is complete
[19:18:19][D][pdx_gui_assetfactory.cpp:680]: [LoadAssetsGUI] Loading "gui/applicationutils/tools_gui_dialogs_properties.gui"
[19:18:19][D][pdx_gui_assetfactory.cpp:689]: [LoadAssetsGUI] Loading of "gui/applicationutils/tools_gui_dialogs_properties.gui" is complete
[19:18:19][D][pdx_gui_assetfactory.cpp:680]: [LoadAssetsGUI] Loading "gui/applicationutils/tools_gui_search.gui"
[19:18:19][D][pdx_gui_assetfactory.cpp:689]: [LoadAssetsGUI] Loading of "gui/applicationutils/tools_gui_search.gui" is complete
[19:18:19][D][pdx_gui_assetfactory.cpp:680]: [LoadAssetsGUI] Loading "gui/debug/ai_war_coordinator_watch_window.gui"
[19:18:19][D][pdx_gui_assetfactory.cpp:689]: [LoadAssetsGUI] Loading of "gui/debug/ai_war_coordinator_watch_window.gui" is complete
[19:18:19][D][pdx_gui_assetfactory.cpp:680]: [LoadAssetsGUI] Loading "gui/debug/animation_test_window.gui"
[19:18:19][D][pdx_gui_assetfactory.cpp:689]: [LoadAssetsGUI] Loading of "gui/debug/animation_test_window.gui" is complete
[19:18:19][D][pdx_gui_assetfactory.cpp:680]: [LoadAssetsGUI] Loading "gui/debug/debug_menus.gui"
[19:18:19][D][pdx_gui_assetfactory.cpp:689]: [LoadAssetsGUI] Loading of "gui/debug/debug_menus.gui" is complete
[19:18:19][D][pdx_gui_assetfactory.cpp:680]: [LoadAssetsGUI] Loading "gui/debug/debug_tutorial_window.gui"
[19:18:19][D][pdx_gui_assetfactory.cpp:689]: [LoadAssetsGUI] Loading of "gui/debug/debug_tutorial_window.gui" is complete
[19:18:19][D][pdx_gui_assetfactory.cpp:680]: [LoadAssetsGUI] Loading "gui/debug/placeholder_types_templates.gui"
[19:18:19][D][pdx_gui_assetfactory.cpp:689]: [LoadAssetsGUI] Loading of "gui/debug/placeholder_types_templates.gui" is complete
[19:18:19][D][pdx_gui_assetfactory.cpp:680]: [LoadAssetsGUI] Loading "gui/debug/session_recorder.gui"
[19:18:19][D][pdx_gui_assetfactory.cpp:689]: [LoadAssetsGUI] Loading of "gui/debug/session_recorder.gui" is complete
[19:18:19][D][pdx_gui_assetfactory.cpp:680]: [LoadAssetsGUI] Loading "gui/debug/test_gui.gui"
[19:18:19][D][pdx_gui_assetfactory.cpp:689]: [LoadAssetsGUI] Loading of "gui/debug/test_gui.gui" is complete
[19:18:19][D][pdx_gui_assetfactory.cpp:680]: [LoadAssetsGUI] Loading "gui/debug/window_component_library.gui"
[19:18:19][D][pdx_gui_assetfactory.cpp:689]: [LoadAssetsGUI] Loading of "gui/debug/window_component_library.gui" is complete
[19:18:19][D][pdx_gui_assetfactory.cpp:680]: [LoadAssetsGUI] Loading "gui/debug/window_watch.gui"
[19:18:19][D][pdx_gui_assetfactory.cpp:689]: [LoadAssetsGUI] Loading of "gui/debug/window_watch.gui" is complete
[19:18:19][D][pdx_gui_assetfactory.cpp:680]: [LoadAssetsGUI] Loading "gui/debug/window_watch_ai.gui"
[19:18:19][D][pdx_gui_assetfactory.cpp:689]: [LoadAssetsGUI] Loading of "gui/debug/window_watch_ai.gui" is complete
[19:18:19][D][pdx_gui_assetfactory.cpp:680]: [LoadAssetsGUI] Loading "gui/debug/window_watch_character_pool.gui"
[19:18:19][D][pdx_gui_assetfactory.cpp:689]: [LoadAssetsGUI] Loading of "gui/debug/window_watch_character_pool.gui" is complete
[19:18:19][D][pdx_gui_assetfactory.cpp:680]: [LoadAssetsGUI] Loading "gui/decision_view_widgets/decision_view_generic_title_selector_widget.gui"
[19:18:19][D][pdx_gui_assetfactory.cpp:689]: [LoadAssetsGUI] Loading of "gui/decision_view_widgets/decision_view_generic_title_selector_widget.gui" is complete
[19:18:19][D][pdx_gui_assetfactory.cpp:680]: [LoadAssetsGUI] Loading "gui/decision_view_widgets/decision_view_widget_activity_debug.gui"
[19:18:19][D][pdx_gui_assetfactory.cpp:689]: [LoadAssetsGUI] Loading of "gui/decision_view_widgets/decision_view_widget_activity_debug.gui" is complete
[19:18:19][D][pdx_gui_assetfactory.cpp:680]: [LoadAssetsGUI] Loading "gui/decision_view_widgets/decision_view_widget_commission_artifact.gui"
[19:18:19][D][pdx_gui_assetfactory.cpp:689]: [LoadAssetsGUI] Loading of "gui/decision_view_widgets/decision_view_widget_commission_artifact.gui" is complete
[19:18:19][D][pdx_gui_assetfactory.cpp:680]: [LoadAssetsGUI] Loading "gui/decision_view_widgets/decision_view_widget_convert_to_mandala.gui"
[19:18:19][D][pdx_gui_assetfactory.cpp:689]: [LoadAssetsGUI] Loading of "gui/decision_view_widgets/decision_view_widget_convert_to_mandala.gui" is complete
[19:18:19][D][pdx_gui_assetfactory.cpp:680]: [LoadAssetsGUI] Loading "gui/decision_view_widgets/decision_view_widget_create_holy_order.gui"
[19:18:19][D][pdx_gui_assetfactory.cpp:689]: [LoadAssetsGUI] Loading of "gui/decision_view_widgets/decision_view_widget_create_holy_order.gui" is complete
[19:18:19][D][pdx_gui_assetfactory.cpp:680]: [LoadAssetsGUI] Loading "gui/decision_view_widgets/decision_view_widget_decision_option_list_controller.gui"
[19:18:19][D][pdx_gui_assetfactory.cpp:689]: [LoadAssetsGUI] Loading of "gui/decision_view_widgets/decision_view_widget_decision_option_list_controller.gui" is complete
[19:18:19][D][pdx_gui_assetfactory.cpp:680]: [LoadAssetsGUI] Loading "gui/decision_view_widgets/decision_view_widget_fp3_foundation_ending.gui"
[19:18:19][D][pdx_gui_assetfactory.cpp:689]: [LoadAssetsGUI] Loading of "gui/decision_view_widgets/decision_view_widget_fp3_foundation_ending.gui" is complete
[19:18:19][D][pdx_gui_assetfactory.cpp:680]: [LoadAssetsGUI] Loading "gui/decision_view_widgets/decision_view_widget_generic_multichoice_with_effects.gui"
[19:18:19][D][pdx_gui_assetfactory.cpp:689]: [LoadAssetsGUI] Loading of "gui/decision_view_widgets/decision_view_widget_generic_multichoice_with_effects.gui" is complete
[19:18:19][D][pdx_gui_assetfactory.cpp:680]: [LoadAssetsGUI] Loading "gui/decision_view_widgets/decision_view_widget_option_list_generic.gui"
[19:18:19][D][pdx_gui_assetfactory.cpp:689]: [LoadAssetsGUI] Loading of "gui/decision_view_widgets/decision_view_widget_option_list_generic.gui" is complete
[19:18:19][D][pdx_gui_assetfactory.cpp:680]: [LoadAssetsGUI] Loading "gui/decision_view_widgets/decision_view_widget_pay_homage.gui"
[19:18:19][D][pdx_gui_assetfactory.cpp:689]: [LoadAssetsGUI] Loading of "gui/decision_view_widgets/decision_view_widget_pay_homage.gui" is complete
[19:18:19][D][pdx_gui_assetfactory.cpp:680]: [LoadAssetsGUI] Loading "gui/decision_view_widgets/decision_view_widget_pay_tribute.gui"
[19:18:19][D][pdx_gui_assetfactory.cpp:689]: [LoadAssetsGUI] Loading of "gui/decision_view_widgets/decision_view_widget_pay_tribute.gui" is complete
[19:18:19][D][pdx_gui_assetfactory.cpp:680]: [LoadAssetsGUI] Loading "gui/decision_view_widgets/decision_view_widget_petition_head_of_faith.gui"
[19:18:19][D][pdx_gui_assetfactory.cpp:689]: [LoadAssetsGUI] Loading of "gui/decision_view_widgets/decision_view_widget_petition_head_of_faith.gui" is complete
[19:18:19][D][pdx_gui_assetfactory.cpp:680]: [LoadAssetsGUI] Loading "gui/decision_view_widgets/decision_view_widget_petition_liege.gui"
[19:18:19][D][pdx_gui_assetfactory.cpp:689]: [LoadAssetsGUI] Loading of "gui/decision_view_widgets/decision_view_widget_petition_liege.gui" is complete
[19:18:19][D][pdx_gui_assetfactory.cpp:680]: [LoadAssetsGUI] Loading "gui/decision_view_widgets/decision_view_widget_select_artifact.gui"
[19:18:19][D][pdx_gui_assetfactory.cpp:689]: [LoadAssetsGUI] Loading of "gui/decision_view_widgets/decision_view_widget_select_artifact.gui" is complete
[19:18:19][D][pdx_gui_assetfactory.cpp:680]: [LoadAssetsGUI] Loading "gui/decision_view_widgets/decision_view_widget_select_character.gui"
[19:18:19][D][pdx_gui_assetfactory.cpp:689]: [LoadAssetsGUI] Loading of "gui/decision_view_widgets/decision_view_widget_select_character.gui" is complete
[19:18:19][D][pdx_gui_assetfactory.cpp:680]: [LoadAssetsGUI] Loading "gui/decision_view_widgets/decision_view_widget_select_holy_site.gui"
[19:18:19][D][pdx_gui_assetfactory.cpp:689]: [LoadAssetsGUI] Loading of "gui/decision_view_widgets/decision_view_widget_select_holy_site.gui" is complete
[19:18:19][D][pdx_gui_assetfactory.cpp:680]: [LoadAssetsGUI] Loading "gui/decision_view_widgets/decision_view_widget_select_realm_county.gui"
[19:18:19][D][pdx_gui_assetfactory.cpp:689]: [LoadAssetsGUI] Loading of "gui/decision_view_widgets/decision_view_widget_select_realm_county.gui" is complete
[19:18:19][D][pdx_gui_assetfactory.cpp:680]: [LoadAssetsGUI] Loading "gui/decision_view_widgets/decision_view_widget_select_rite.gui"
[19:18:19][D][pdx_gui_assetfactory.cpp:689]: [LoadAssetsGUI] Loading of "gui/decision_view_widgets/decision_view_widget_select_rite.gui" is complete
[19:18:19][D][pdx_gui_assetfactory.cpp:680]: [LoadAssetsGUI] Loading "gui/decision_view_widgets/decision_view_widget_select_tenet.gui"
[19:18:19][D][pdx_gui_assetfactory.cpp:689]: [LoadAssetsGUI] Loading of "gui/decision_view_widgets/decision_view_widget_select_tenet.gui" is complete
[19:18:19][D][pdx_gui_assetfactory.cpp:680]: [LoadAssetsGUI] Loading "gui/decision_view_widgets/decision_view_widget_select_title.gui"
[19:18:19][D][pdx_gui_assetfactory.cpp:689]: [LoadAssetsGUI] Loading of "gui/decision_view_widgets/decision_view_widget_select_title.gui" is complete
[19:18:19][D][pdx_gui_assetfactory.cpp:680]: [LoadAssetsGUI] Loading "gui/decision_view_widgets/decision_view_widget_unity_steer_house_direction.gui"
[19:18:19][D][pdx_gui_assetfactory.cpp:689]: [LoadAssetsGUI] Loading of "gui/decision_view_widgets/decision_view_widget_unity_steer_house_direction.gui" is complete
[19:18:19][D][pdx_gui_assetfactory.cpp:680]: [LoadAssetsGUI] Loading "gui/entity_editor/entity_editor.gui"
[19:18:19][D][pdx_gui_assetfactory.cpp:689]: [LoadAssetsGUI] Loading of "gui/entity_editor/entity_editor.gui" is complete
[19:18:19][D][pdx_gui_assetfactory.cpp:680]: [LoadAssetsGUI] Loading "gui/entity_editor/entity_editor_player.gui"
[19:18:19][D][pdx_gui_assetfactory.cpp:689]: [LoadAssetsGUI] Loading of "gui/entity_editor/entity_editor_player.gui" is complete
[19:18:19][D][pdx_gui_assetfactory.cpp:680]: [LoadAssetsGUI] Loading "gui/entity_editor/entity_editor_properties_tab.gui"
[19:18:19][D][pdx_gui_assetfactory.cpp:689]: [LoadAssetsGUI] Loading of "gui/entity_editor/entity_editor_properties_tab.gui" is complete
[19:18:19][D][pdx_gui_assetfactory.cpp:680]: [LoadAssetsGUI] Loading "gui/entity_editor/entity_event_editor.gui"
[19:18:19][D][pdx_gui_assetfactory.cpp:689]: [LoadAssetsGUI] Loading of "gui/entity_editor/entity_event_editor.gui" is complete
[19:18:19][D][pdx_gui_assetfactory.cpp:680]: [LoadAssetsGUI] Loading "gui/event_window_widgets/child_examination_success_chance.gui"
[19:18:19][D][pdx_gui_assetfactory.cpp:689]: [LoadAssetsGUI] Loading of "gui/event_window_widgets/child_examination_success_chance.gui" is complete
[19:18:19][D][pdx_gui_assetfactory.cpp:680]: [LoadAssetsGUI] Loading "gui/event_window_widgets/event_window_widget_activity_intent.gui"
[19:18:19][D][pdx_gui_assetfactory.cpp:689]: [LoadAssetsGUI] Loading of "gui/event_window_widgets/event_window_widget_activity_intent.gui" is complete
[19:18:19][D][pdx_gui_assetfactory.cpp:680]: [LoadAssetsGUI] Loading "gui/event_window_widgets/event_window_widget_enter_text.gui"
[19:18:19][D][pdx_gui_assetfactory.cpp:689]: [LoadAssetsGUI] Loading of "gui/event_window_widgets/event_window_widget_enter_text.gui" is complete
[19:18:19][D][pdx_gui_assetfactory.cpp:680]: [LoadAssetsGUI] Loading "gui/event_window_widgets/event_window_widget_event_chain_progress.gui"
[19:18:19][D][pdx_gui_assetfactory.cpp:689]: [LoadAssetsGUI] Loading of "gui/event_window_widgets/event_window_widget_event_chain_progress.gui" is complete
[19:18:19][D][pdx_gui_assetfactory.cpp:680]: [LoadAssetsGUI] Loading "gui/event_window_widgets/event_window_widget_harrying.gui"
[19:18:19][D][pdx_gui_assetfactory.cpp:689]: [LoadAssetsGUI] Loading of "gui/event_window_widgets/event_window_widget_harrying.gui" is complete
[19:18:19][D][pdx_gui_assetfactory.cpp:680]: [LoadAssetsGUI] Loading "gui/event_window_widgets/event_window_widget_name_child.gui"
[19:18:19][D][pdx_gui_assetfactory.cpp:689]: [LoadAssetsGUI] Loading of "gui/event_window_widgets/event_window_widget_name_child.gui" is complete
[19:18:19][D][pdx_gui_assetfactory.cpp:680]: [LoadAssetsGUI] Loading "gui/event_window_widgets/event_window_widget_name_pope.gui"
[19:18:19][D][pdx_gui_assetfactory.cpp:689]: [LoadAssetsGUI] Loading of "gui/event_window_widgets/event_window_widget_name_pope.gui" is complete
[19:18:19][D][pdx_gui_assetfactory.cpp:680]: [LoadAssetsGUI] Loading "gui/event_window_widgets/event_window_widget_peasant_leader.gui"
[19:18:19][D][pdx_gui_assetfactory.cpp:689]: [LoadAssetsGUI] Loading of "gui/event_window_widgets/event_window_widget_peasant_leader.gui" is complete
[19:18:19][D][pdx_gui_assetfactory.cpp:680]: [LoadAssetsGUI] Loading "gui/event_window_widgets/event_window_widget_rite.gui"
[19:18:19][D][pdx_gui_assetfactory.cpp:689]: [LoadAssetsGUI] Loading of "gui/event_window_widgets/event_window_widget_rite.gui" is complete
[19:18:19][D][pdx_gui_assetfactory.cpp:680]: [LoadAssetsGUI] Loading "gui/event_window_widgets/event_window_widget_rite_founder.gui"
[19:18:19][D][pdx_gui_assetfactory.cpp:689]: [LoadAssetsGUI] Loading of "gui/event_window_widgets/event_window_widget_rite_founder.gui" is complete
[19:18:19][D][pdx_gui_assetfactory.cpp:680]: [LoadAssetsGUI] Loading "gui/event_window_widgets/event_window_widget_rite_new_pope.gui"
[19:18:19][D][pdx_gui_assetfactory.cpp:689]: [LoadAssetsGUI] Loading of "gui/event_window_widgets/event_window_widget_rite_new_pope.gui" is complete
[19:18:19][D][pdx_gui_assetfactory.cpp:680]: [LoadAssetsGUI] Loading "gui/event_window_widgets/event_window_widget_scheme.gui"
[19:18:19][D][pdx_gui_assetfactory.cpp:689]: [LoadAssetsGUI] Loading of "gui/event_window_widgets/event_window_widget_scheme.gui" is complete
[19:18:19][D][pdx_gui_assetfactory.cpp:680]: [LoadAssetsGUI] Loading "gui/event_window_widgets/event_window_widget_scheme_preparations.gui"
[19:18:19][D][pdx_gui_assetfactory.cpp:689]: [LoadAssetsGUI] Loading of "gui/event_window_widgets/event_window_widget_scheme_preparations.gui" is complete
[19:18:19][D][pdx_gui_assetfactory.cpp:680]: [LoadAssetsGUI] Loading "gui/event_window_widgets/event_window_widget_situation_info.gui"
[19:18:19][D][pdx_gui_assetfactory.cpp:689]: [LoadAssetsGUI] Loading of "gui/event_window_widgets/event_window_widget_situation_info.gui" is complete
[19:18:19][D][pdx_gui_assetfactory.cpp:680]: [LoadAssetsGUI] Loading "gui/event_window_widgets/event_window_widget_situation_info_christian_church.gui"
[19:18:19][D][pdx_gui_assetfactory.cpp:689]: [LoadAssetsGUI] Loading of "gui/event_window_widgets/event_window_widget_situation_info_christian_church.gui" is complete
[19:18:19][D][pdx_gui_assetfactory.cpp:680]: [LoadAssetsGUI] Loading "gui/event_window_widgets/event_window_widget_situation_info_dynastic_cycle.gui"
[19:18:19][D][pdx_gui_assetfactory.cpp:689]: [LoadAssetsGUI] Loading of "gui/event_window_widgets/event_window_widget_situation_info_dynastic_cycle.gui" is complete
[19:18:19][D][pdx_gui_assetfactory.cpp:680]: [LoadAssetsGUI] Loading "gui/event_window_widgets/event_window_widget_situation_info_the_great_steppe.gui"
[19:18:19][D][pdx_gui_assetfactory.cpp:689]: [LoadAssetsGUI] Loading of "gui/event_window_widgets/event_window_widget_situation_info_the_great_steppe.gui" is complete
[19:18:19][D][pdx_gui_assetfactory.cpp:680]: [LoadAssetsGUI] Loading "gui/event_window_widgets/event_window_widget_stress.gui"
[19:18:19][D][pdx_gui_assetfactory.cpp:689]: [LoadAssetsGUI] Loading of "gui/event_window_widgets/event_window_widget_stress.gui" is complete
[19:18:19][D][pdx_gui_assetfactory.cpp:680]: [LoadAssetsGUI] Loading "gui/event_window_widgets/event_window_widget_struggle_info.gui"
[19:18:19][D][pdx_gui_assetfactory.cpp:689]: [LoadAssetsGUI] Loading of "gui/event_window_widgets/event_window_widget_struggle_info.gui" is complete
[19:18:19][D][pdx_gui_assetfactory.cpp:680]: [LoadAssetsGUI] Loading "gui/event_window_widgets/event_window_widget_vfx_background_double_vision_milder.gui"
[19:18:19][D][pdx_gui_assetfactory.cpp:689]: [LoadAssetsGUI] Loading of "gui/event_window_widgets/event_window_widget_vfx_background_double_vision_milder.gui" is complete
[19:18:19][D][pdx_gui_assetfactory.cpp:680]: [LoadAssetsGUI] Loading "gui/event_window_widgets/event_window_widget_vfx_background_double_vision_severe.gui"
[19:18:19][D][pdx_gui_assetfactory.cpp:689]: [LoadAssetsGUI] Loading of "gui/event_window_widgets/event_window_widget_vfx_background_double_vision_severe.gui" is complete
[19:18:19][D][pdx_gui_assetfactory.cpp:680]: [LoadAssetsGUI] Loading "gui/event_window_widgets/event_window_widget_vfx_background_flickering_candlelight.gui"
[19:18:19][D][pdx_gui_assetfactory.cpp:689]: [LoadAssetsGUI] Loading of "gui/event_window_widgets/event_window_widget_vfx_background_flickering_candlelight.gui" is complete
[19:18:19][D][pdx_gui_assetfactory.cpp:680]: [LoadAssetsGUI] Loading "gui/event_window_widgets/event_window_widget_vfx_background_flickering_candlelight_dark.gui"
[19:18:19][D][pdx_gui_assetfactory.cpp:689]: [LoadAssetsGUI] Loading of "gui/event_window_widgets/event_window_widget_vfx_background_flickering_candlelight_dark.gui" is complete
[19:18:19][D][pdx_gui_assetfactory.cpp:680]: [LoadAssetsGUI] Loading "gui/event_window_widgets/event_window_widget_vfx_background_night_scene.gui"
[19:18:19][D][pdx_gui_assetfactory.cpp:689]: [LoadAssetsGUI] Loading of "gui/event_window_widgets/event_window_widget_vfx_background_night_scene.gui" is complete
[19:18:19][D][pdx_gui_assetfactory.cpp:680]: [LoadAssetsGUI] Loading "gui/event_window_widgets/event_window_widget_vfx_conclusion_smoke.gui"
[19:18:19][D][pdx_gui_assetfactory.cpp:689]: [LoadAssetsGUI] Loading of "gui/event_window_widgets/event_window_widget_vfx_conclusion_smoke.gui" is complete
[19:18:19][D][pdx_gui_assetfactory.cpp:680]: [LoadAssetsGUI] Loading "gui/event_window_widgets/event_window_widget_vfx_earthquake.gui"
[19:18:19][D][pdx_gui_assetfactory.cpp:689]: [LoadAssetsGUI] Loading of "gui/event_window_widgets/event_window_widget_vfx_earthquake.gui" is complete
[19:18:19][D][pdx_gui_assetfactory.cpp:680]: [LoadAssetsGUI] Loading "gui/event_window_widgets/event_window_widget_vfx_fog.gui"
[19:18:19][D][pdx_gui_assetfactory.cpp:689]: [LoadAssetsGUI] Loading of "gui/event_window_widgets/event_window_widget_vfx_fog.gui" is complete
[19:18:19][D][pdx_gui_assetfactory.cpp:680]: [LoadAssetsGUI] Loading "gui/event_window_widgets/event_window_widget_vfx_godray.gui"
[19:18:19][D][pdx_gui_assetfactory.cpp:689]: [LoadAssetsGUI] Loading of "gui/event_window_widgets/event_window_widget_vfx_godray.gui" is complete
[19:18:19][D][pdx_gui_assetfactory.cpp:680]: [LoadAssetsGUI] Loading "gui/event_window_widgets/event_window_widget_vfx_heavy_smoke.gui"
[19:18:19][D][pdx_gui_assetfactory.cpp:689]: [LoadAssetsGUI] Loading of "gui/event_window_widgets/event_window_widget_vfx_heavy_smoke.gui" is complete
[19:18:19][D][pdx_gui_assetfactory.cpp:680]: [LoadAssetsGUI] Loading "gui/event_window_widgets/event_window_widget_vfx_left_character_double_vision_milder.gui"
[19:18:19][D][pdx_gui_assetfactory.cpp:689]: [LoadAssetsGUI] Loading of "gui/event_window_widgets/event_window_widget_vfx_left_character_double_vision_milder.gui" is complete
[19:18:19][D][pdx_gui_assetfactory.cpp:680]: [LoadAssetsGUI] Loading "gui/event_window_widgets/event_window_widget_vfx_left_character_double_vision_severe.gui"
[19:18:19][D][pdx_gui_assetfactory.cpp:689]: [LoadAssetsGUI] Loading of "gui/event_window_widgets/event_window_widget_vfx_left_character_double_vision_severe.gui" is complete
[19:18:19][D][pdx_gui_assetfactory.cpp:680]: [LoadAssetsGUI] Loading "gui/event_window_widgets/event_window_widget_vfx_left_character_flickering_candlelight.gui"
[19:18:19][D][pdx_gui_assetfactory.cpp:689]: [LoadAssetsGUI] Loading of "gui/event_window_widgets/event_window_widget_vfx_left_character_flickering_candlelight.gui" is complete
[19:18:19][D][pdx_gui_assetfactory.cpp:680]: [LoadAssetsGUI] Loading "gui/event_window_widgets/event_window_widget_vfx_left_character_flickering_candlelight_dark.gui"
[19:18:19][D][pdx_gui_assetfactory.cpp:689]: [LoadAssetsGUI] Loading of "gui/event_window_widgets/event_window_widget_vfx_left_character_flickering_candlelight_dark.gui" is complete
[19:18:19][D][pdx_gui_assetfactory.cpp:680]: [LoadAssetsGUI] Loading "gui/event_window_widgets/event_window_widget_vfx_left_character_night_scene.gui"
[19:18:19][D][pdx_gui_assetfactory.cpp:689]: [LoadAssetsGUI] Loading of "gui/event_window_widgets/event_window_widget_vfx_left_character_night_scene.gui" is complete
[19:18:19][D][pdx_gui_assetfactory.cpp:680]: [LoadAssetsGUI] Loading "gui/event_window_widgets/event_window_widget_vfx_lightning_storm.gui"
[19:18:19][D][pdx_gui_assetfactory.cpp:689]: [LoadAssetsGUI] Loading of "gui/event_window_widgets/event_window_widget_vfx_lightning_storm.gui" is complete
[19:18:19][D][pdx_gui_assetfactory.cpp:680]: [LoadAssetsGUI] Loading "gui/event_window_widgets/event_window_widget_vfx_rain_storm.gui"
[19:18:19][D][pdx_gui_assetfactory.cpp:689]: [LoadAssetsGUI] Loading of "gui/event_window_widgets/event_window_widget_vfx_rain_storm.gui" is complete
[19:18:19][D][pdx_gui_assetfactory.cpp:680]: [LoadAssetsGUI] Loading "gui/event_window_widgets/event_window_widget_vfx_rainy_fog.gui"
[19:18:19][D][pdx_gui_assetfactory.cpp:689]: [LoadAssetsGUI] Loading of "gui/event_window_widgets/event_window_widget_vfx_rainy_fog.gui" is complete
[19:18:19][D][pdx_gui_assetfactory.cpp:680]: [LoadAssetsGUI] Loading "gui/event_window_widgets/event_window_widget_vfx_right_character_double_vision_milder.gui"
[19:18:19][D][pdx_gui_assetfactory.cpp:689]: [LoadAssetsGUI] Loading of "gui/event_window_widgets/event_window_widget_vfx_right_character_double_vision_milder.gui" is complete
[19:18:19][D][pdx_gui_assetfactory.cpp:680]: [LoadAssetsGUI] Loading "gui/event_window_widgets/event_window_widget_vfx_right_character_double_vision_severe.gui"
[19:18:19][D][pdx_gui_assetfactory.cpp:689]: [LoadAssetsGUI] Loading of "gui/event_window_widgets/event_window_widget_vfx_right_character_double_vision_severe.gui" is complete
[19:18:19][D][pdx_gui_assetfactory.cpp:680]: [LoadAssetsGUI] Loading "gui/event_window_widgets/event_window_widget_vfx_right_character_flickering_candlelight.gui"
[19:18:19][D][pdx_gui_assetfactory.cpp:689]: [LoadAssetsGUI] Loading of "gui/event_window_widgets/event_window_widget_vfx_right_character_flickering_candlelight.gui" is complete
[19:18:19][D][pdx_gui_assetfactory.cpp:680]: [LoadAssetsGUI] Loading "gui/event_window_widgets/event_window_widget_vfx_right_character_flickering_candlelight_dark.gui"
[19:18:19][D][pdx_gui_assetfactory.cpp:689]: [LoadAssetsGUI] Loading of "gui/event_window_widgets/event_window_widget_vfx_right_character_flickering_candlelight_dark.gui" is complete
[19:18:19][D][pdx_gui_assetfactory.cpp:680]: [LoadAssetsGUI] Loading "gui/event_window_widgets/event_window_widget_vfx_right_character_night_scene.gui"
[19:18:19][D][pdx_gui_assetfactory.cpp:689]: [LoadAssetsGUI] Loading of "gui/event_window_widgets/event_window_widget_vfx_right_character_night_scene.gui" is complete
[19:18:19][D][pdx_gui_assetfactory.cpp:680]: [LoadAssetsGUI] Loading "gui/event_window_widgets/event_window_widget_vfx_sandstorm.gui"
[19:18:19][D][pdx_gui_assetfactory.cpp:689]: [LoadAssetsGUI] Loading of "gui/event_window_widgets/event_window_widget_vfx_sandstorm.gui" is complete
[19:18:19][D][pdx_gui_assetfactory.cpp:680]: [LoadAssetsGUI] Loading "gui/event_window_widgets/event_window_widget_vfx_snow.gui"
[19:18:19][D][pdx_gui_assetfactory.cpp:689]: [LoadAssetsGUI] Loading of "gui/event_window_widgets/event_window_widget_vfx_snow.gui" is complete
[19:18:19][D][pdx_gui_assetfactory.cpp:680]: [LoadAssetsGUI] Loading "gui/event_window_widgets/event_window_widget_vfx_snowstorm.gui"
[19:18:19][D][pdx_gui_assetfactory.cpp:689]: [LoadAssetsGUI] Loading of "gui/event_window_widgets/event_window_widget_vfx_snowstorm.gui" is complete
[19:18:19][D][pdx_gui_assetfactory.cpp:680]: [LoadAssetsGUI] Loading "gui/event_window_widgets/event_window_widget_vfx_stained_glass.gui"
[19:18:19][D][pdx_gui_assetfactory.cpp:689]: [LoadAssetsGUI] Loading of "gui/event_window_widgets/event_window_widget_vfx_stained_glass.gui" is complete
[19:18:19][D][pdx_gui_assetfactory.cpp:680]: [LoadAssetsGUI] Loading "gui/event_window_widgets/event_window_widget_vfx_stained_glass_foreground.gui"
[19:18:19][D][pdx_gui_assetfactory.cpp:689]: [LoadAssetsGUI] Loading of "gui/event_window_widgets/event_window_widget_vfx_stained_glass_foreground.gui" is complete
[19:18:19][D][pdx_gui_assetfactory.cpp:680]: [LoadAssetsGUI] Loading "gui/event_windows/anonymous_letter_event.gui"
[19:18:19][D][pdx_gui_assetfactory.cpp:689]: [LoadAssetsGUI] Loading of "gui/event_windows/anonymous_letter_event.gui" is complete
[19:18:19][D][pdx_gui_assetfactory.cpp:680]: [LoadAssetsGUI] Loading "gui/event_windows/big_event_window.gui"
[19:18:19][D][pdx_gui_assetfactory.cpp:689]: [LoadAssetsGUI] Loading of "gui/event_windows/big_event_window.gui" is complete
[19:18:19][D][pdx_gui_assetfactory.cpp:680]: [LoadAssetsGUI] Loading "gui/event_windows/character_event.gui"
[19:18:19][D][pdx_gui_assetfactory.cpp:689]: [LoadAssetsGUI] Loading of "gui/event_windows/character_event.gui" is complete
[19:18:19][D][pdx_gui_assetfactory.cpp:680]: [LoadAssetsGUI] Loading "gui/event_windows/duel_event.gui"
[19:18:19][D][pdx_gui_assetfactory.cpp:689]: [LoadAssetsGUI] Loading of "gui/event_windows/duel_event.gui" is complete
[19:18:19][D][pdx_gui_assetfactory.cpp:680]: [LoadAssetsGUI] Loading "gui/event_windows/fullscreen_event.gui"
[19:18:19][D][pdx_gui_assetfactory.cpp:689]: [LoadAssetsGUI] Loading of "gui/event_windows/fullscreen_event.gui" is complete
[19:18:19][D][pdx_gui_assetfactory.cpp:680]: [LoadAssetsGUI] Loading "gui/event_windows/letter_event.gui"
[19:18:19][D][pdx_gui_assetfactory.cpp:689]: [LoadAssetsGUI] Loading of "gui/event_windows/letter_event.gui" is complete
[19:18:19][D][pdx_gui_assetfactory.cpp:680]: [LoadAssetsGUI] Loading "gui/event_windows/scheme_conclusion_event_no_header.gui"
[19:18:19][D][pdx_gui_assetfactory.cpp:689]: [LoadAssetsGUI] Loading of "gui/event_windows/scheme_conclusion_event_no_header.gui" is complete
[19:18:19][D][pdx_gui_assetfactory.cpp:680]: [LoadAssetsGUI] Loading "gui/event_windows/scheme_failed_event.gui"
[19:18:19][D][pdx_gui_assetfactory.cpp:689]: [LoadAssetsGUI] Loading of "gui/event_windows/scheme_failed_event.gui" is complete
[19:18:19][D][pdx_gui_assetfactory.cpp:680]: [LoadAssetsGUI] Loading "gui/event_windows/scheme_preparations_event.gui"
[19:18:19][D][pdx_gui_assetfactory.cpp:689]: [LoadAssetsGUI] Loading of "gui/event_windows/scheme_preparations_event.gui" is complete
[19:18:19][D][pdx_gui_assetfactory.cpp:680]: [LoadAssetsGUI] Loading "gui/event_windows/scheme_successful_event.gui"
[19:18:19][D][pdx_gui_assetfactory.cpp:689]: [LoadAssetsGUI] Loading of "gui/event_windows/scheme_successful_event.gui" is complete
[19:18:19][D][pdx_gui_assetfactory.cpp:680]: [LoadAssetsGUI] Loading "gui/event_windows/visit_settlement_window.gui"
[19:18:19][D][pdx_gui_assetfactory.cpp:689]: [LoadAssetsGUI] Loading of "gui/event_windows/visit_settlement_window.gui" is complete
[19:18:19][D][pdx_gui_assetfactory.cpp:680]: [LoadAssetsGUI] Loading "gui/gui_animation_editor/gui_animation_curve_editor_dockable.gui"
[19:18:19][D][pdx_gui_assetfactory.cpp:689]: [LoadAssetsGUI] Loading of "gui/gui_animation_editor/gui_animation_curve_editor_dockable.gui" is complete
[19:18:19][D][pdx_gui_assetfactory.cpp:680]: [LoadAssetsGUI] Loading "gui/gui_animation_editor/gui_animation_editor_dockable.gui"
[19:18:19][D][pdx_gui_assetfactory.cpp:689]: [LoadAssetsGUI] Loading of "gui/gui_animation_editor/gui_animation_editor_dockable.gui" is complete
[19:18:19][D][pdx_gui_assetfactory.cpp:680]: [LoadAssetsGUI] Loading "gui/gui_animation_editor/gui_animation_editor_properties.gui"
[19:18:19][D][pdx_gui_assetfactory.cpp:689]: [LoadAssetsGUI] Loading of "gui/gui_animation_editor/gui_animation_editor_properties.gui" is complete
[19:18:19][D][pdx_gui_assetfactory.cpp:680]: [LoadAssetsGUI] Loading "gui/gui_editor/gui_editor.gui"
[19:18:19][D][pdx_gui_assetfactory.cpp:689]: [LoadAssetsGUI] Loading of "gui/gui_editor/gui_editor.gui" is complete
[19:18:19][D][pdx_gui_assetfactory.cpp:680]: [LoadAssetsGUI] Loading "gui/gui_editor/gui_editor_datatypes.gui"
[19:18:19][D][pdx_gui_assetfactory.cpp:689]: [LoadAssetsGUI] Loading of "gui/gui_editor/gui_editor_datatypes.gui" is complete
[19:18:19][D][pdx_gui_assetfactory.cpp:680]: [LoadAssetsGUI] Loading "gui/gui_editor/gui_editor_outliner.gui"
[19:18:19][D][pdx_gui_assetfactory.cpp:689]: [LoadAssetsGUI] Loading of "gui/gui_editor/gui_editor_outliner.gui" is complete
[19:18:19][D][pdx_gui_assetfactory.cpp:680]: [LoadAssetsGUI] Loading "gui/gui_editor/gui_editor_properties.gui"
[19:18:19][D][pdx_gui_assetfactory.cpp:689]: [LoadAssetsGUI] Loading of "gui/gui_editor/gui_editor_properties.gui" is complete
[19:18:19][D][pdx_gui_assetfactory.cpp:680]: [LoadAssetsGUI] Loading "gui/gui_editor/gui_editor_toolbar.gui"
[19:18:19][D][pdx_gui_assetfactory.cpp:689]: [LoadAssetsGUI] Loading of "gui/gui_editor/gui_editor_toolbar.gui" is complete
[19:18:19][D][pdx_gui_assetfactory.cpp:680]: [LoadAssetsGUI] Loading "gui/jomini/basetextformatting.gui"
[19:18:19][D][pdx_gui_assetfactory.cpp:689]: [LoadAssetsGUI] Loading of "gui/jomini/basetextformatting.gui" is complete
[19:18:19][D][pdx_gui_assetfactory.cpp:680]: [LoadAssetsGUI] Loading "gui/jomini/core.gui"
[19:18:19][D][pdx_gui_assetfactory.cpp:689]: [LoadAssetsGUI] Loading of "gui/jomini/core.gui" is complete
[19:18:19][D][pdx_gui_assetfactory.cpp:680]: [LoadAssetsGUI] Loading "gui/jomini/credits/credits_base.gui"
[19:18:19][D][pdx_gui_assetfactory.cpp:689]: [LoadAssetsGUI] Loading of "gui/jomini/credits/credits_base.gui" is complete
[19:18:19][D][pdx_gui_assetfactory.cpp:680]: [LoadAssetsGUI] Loading "gui/jomini/encyclopedia/jomini_encyclopedia.gui"
[19:18:19][D][pdx_gui_assetfactory.cpp:689]: [LoadAssetsGUI] Loading of "gui/jomini/encyclopedia/jomini_encyclopedia.gui" is complete
[19:18:19][D][pdx_gui_assetfactory.cpp:680]: [LoadAssetsGUI] Loading "gui/jomini/music_player/music_player_mini_controller.gui"
[19:18:19][D][pdx_gui_assetfactory.cpp:689]: [LoadAssetsGUI] Loading of "gui/jomini/music_player/music_player_mini_controller.gui" is complete
[19:18:19][D][pdx_gui_assetfactory.cpp:680]: [LoadAssetsGUI] Loading "gui/jomini/music_player/music_player_view.gui"
[19:18:19][D][pdx_gui_assetfactory.cpp:689]: [LoadAssetsGUI] Loading of "gui/jomini/music_player/music_player_view.gui" is complete
[19:18:19][D][pdx_gui_assetfactory.cpp:680]: [LoadAssetsGUI] Loading "gui/log_viewer/log_viewer.gui"
[19:18:19][D][pdx_gui_assetfactory.cpp:689]: [LoadAssetsGUI] Loading of "gui/log_viewer/log_viewer.gui" is complete
[19:18:19][D][pdx_gui_assetfactory.cpp:680]: [LoadAssetsGUI] Loading "gui/map_editor/brush_settings_widget.gui"
[19:18:19][D][pdx_gui_assetfactory.cpp:689]: [LoadAssetsGUI] Loading of "gui/map_editor/brush_settings_widget.gui" is complete
[19:18:19][D][pdx_gui_assetfactory.cpp:680]: [LoadAssetsGUI] Loading "gui/map_editor/custom_brushes.gui"
[19:18:19][D][pdx_gui_assetfactory.cpp:689]: [LoadAssetsGUI] Loading of "gui/map_editor/custom_brushes.gui" is complete
[19:18:19][D][pdx_gui_assetfactory.cpp:680]: [LoadAssetsGUI] Loading "gui/map_editor/detail_data_dockable.gui"
[19:18:19][D][pdx_gui_assetfactory.cpp:689]: [LoadAssetsGUI] Loading of "gui/map_editor/detail_data_dockable.gui" is complete
[19:18:19][D][pdx_gui_assetfactory.cpp:680]: [LoadAssetsGUI] Loading "gui/map_editor/dockable_map_mode_selector.gui"
[19:18:19][D][pdx_gui_assetfactory.cpp:689]: [LoadAssetsGUI] Loading of "gui/map_editor/dockable_map_mode_selector.gui" is complete
[19:18:19][D][pdx_gui_assetfactory.cpp:680]: [LoadAssetsGUI] Loading "gui/map_editor/export_tool.gui"
[19:18:19][D][pdx_gui_assetfactory.cpp:689]: [LoadAssetsGUI] Loading of "gui/map_editor/export_tool.gui" is complete
[19:18:19][D][pdx_gui_assetfactory.cpp:680]: [LoadAssetsGUI] Loading "gui/map_editor/eyedropper.gui"
[19:18:19][D][pdx_gui_assetfactory.cpp:689]: [LoadAssetsGUI] Loading of "gui/map_editor/eyedropper.gui" is complete
[19:18:19][D][pdx_gui_assetfactory.cpp:680]: [LoadAssetsGUI] Loading "gui/map_editor/heightmap_painter.gui"
[19:18:19][D][pdx_gui_assetfactory.cpp:689]: [LoadAssetsGUI] Loading of "gui/map_editor/heightmap_painter.gui" is complete
[19:18:19][D][pdx_gui_assetfactory.cpp:680]: [LoadAssetsGUI] Loading "gui/map_editor/heightmap_resolution.gui"
[19:18:19][D][pdx_gui_assetfactory.cpp:689]: [LoadAssetsGUI] Loading of "gui/map_editor/heightmap_resolution.gui" is complete
[19:18:19][D][pdx_gui_assetfactory.cpp:680]: [LoadAssetsGUI] Loading "gui/map_editor/import_tool.gui"
[19:18:19][D][pdx_gui_assetfactory.cpp:689]: [LoadAssetsGUI] Loading of "gui/map_editor/import_tool.gui" is complete
[19:18:19][D][pdx_gui_assetfactory.cpp:680]: [LoadAssetsGUI] Loading "gui/map_editor/map_content.gui"
[19:18:19][D][pdx_gui_assetfactory.cpp:689]: [LoadAssetsGUI] Loading of "gui/map_editor/map_content.gui" is complete
[19:18:19][D][pdx_gui_assetfactory.cpp:680]: [LoadAssetsGUI] Loading "gui/map_editor/map_editor_defaults.gui"
[19:18:19][D][pdx_gui_assetfactory.cpp:689]: [LoadAssetsGUI] Loading of "gui/map_editor/map_editor_defaults.gui" is complete
[19:18:19][D][pdx_gui_assetfactory.cpp:680]: [LoadAssetsGUI] Loading "gui/map_editor/map_object_painter.gui"
[19:18:19][D][pdx_gui_assetfactory.cpp:689]: [LoadAssetsGUI] Loading of "gui/map_editor/map_object_painter.gui" is complete
[19:18:19][D][pdx_gui_assetfactory.cpp:680]: [LoadAssetsGUI] Loading "gui/map_editor/mapcontent_editor.gui"
[19:18:19][D][pdx_gui_assetfactory.cpp:689]: [LoadAssetsGUI] Loading of "gui/map_editor/mapcontent_editor.gui" is complete
[19:18:19][D][pdx_gui_assetfactory.cpp:680]: [LoadAssetsGUI] Loading "gui/map_editor/mapeditor.gui"
[19:18:19][D][pdx_gui_assetfactory.cpp:689]: [LoadAssetsGUI] Loading of "gui/map_editor/mapeditor.gui" is complete
[19:18:19][D][pdx_gui_assetfactory.cpp:680]: [LoadAssetsGUI] Loading "gui/map_editor/mapobjects.gui"
[19:18:19][D][pdx_gui_assetfactory.cpp:689]: [LoadAssetsGUI] Loading of "gui/map_editor/mapobjects.gui" is complete
[19:18:19][D][pdx_gui_assetfactory.cpp:680]: [LoadAssetsGUI] Loading "gui/map_editor/mapobjects_mapcontent.gui"
[19:18:19][D][pdx_gui_assetfactory.cpp:689]: [LoadAssetsGUI] Loading of "gui/map_editor/mapobjects_mapcontent.gui" is complete
[19:18:19][D][pdx_gui_assetfactory.cpp:680]: [LoadAssetsGUI] Loading "gui/map_editor/mask_painter.gui"
[19:18:19][D][pdx_gui_assetfactory.cpp:689]: [LoadAssetsGUI] Loading of "gui/map_editor/mask_painter.gui" is complete
[19:18:19][D][pdx_gui_assetfactory.cpp:680]: [LoadAssetsGUI] Loading "gui/map_editor/mask_painter_map_content.gui"
[19:18:19][D][pdx_gui_assetfactory.cpp:689]: [LoadAssetsGUI] Loading of "gui/map_editor/mask_painter_map_content.gui" is complete
[19:18:19][D][pdx_gui_assetfactory.cpp:680]: [LoadAssetsGUI] Loading "gui/map_editor/material_browser.gui"
[19:18:19][D][pdx_gui_assetfactory.cpp:689]: [LoadAssetsGUI] Loading of "gui/map_editor/material_browser.gui" is complete
[19:18:19][D][pdx_gui_assetfactory.cpp:680]: [LoadAssetsGUI] Loading "gui/map_editor/material_brush.gui"
[19:18:19][D][pdx_gui_assetfactory.cpp:689]: [LoadAssetsGUI] Loading of "gui/map_editor/material_brush.gui" is complete
[19:18:19][D][pdx_gui_assetfactory.cpp:680]: [LoadAssetsGUI] Loading "gui/map_editor/materials_list.gui"
[19:18:19][D][pdx_gui_assetfactory.cpp:689]: [LoadAssetsGUI] Loading of "gui/map_editor/materials_list.gui" is complete
[19:18:19][D][pdx_gui_assetfactory.cpp:680]: [LoadAssetsGUI] Loading "gui/map_editor/materialsetter.gui"
[19:18:19][D][pdx_gui_assetfactory.cpp:689]: [LoadAssetsGUI] Loading of "gui/map_editor/materialsetter.gui" is complete
[19:18:19][D][pdx_gui_assetfactory.cpp:680]: [LoadAssetsGUI] Loading "gui/map_editor/preview_mask.gui"
[19:18:19][D][pdx_gui_assetfactory.cpp:689]: [LoadAssetsGUI] Loading of "gui/map_editor/preview_mask.gui" is complete
[19:18:19][D][pdx_gui_assetfactory.cpp:680]: [LoadAssetsGUI] Loading "gui/map_editor/smart_brush.gui"
[19:18:19][D][pdx_gui_assetfactory.cpp:689]: [LoadAssetsGUI] Loading of "gui/map_editor/smart_brush.gui" is complete
[19:18:19][D][pdx_gui_assetfactory.cpp:680]: [LoadAssetsGUI] Loading "gui/map_editor/spline_adjustment_tool.gui"
[19:18:19][D][pdx_gui_assetfactory.cpp:689]: [LoadAssetsGUI] Loading of "gui/map_editor/spline_adjustment_tool.gui" is complete
[19:18:19][D][pdx_gui_assetfactory.cpp:680]: [LoadAssetsGUI] Loading "gui/map_editor/spline_inspector_dockable.gui"
[19:18:19][D][pdx_gui_assetfactory.cpp:689]: [LoadAssetsGUI] Loading of "gui/map_editor/spline_inspector_dockable.gui" is complete
[19:18:19][D][pdx_gui_assetfactory.cpp:680]: [LoadAssetsGUI] Loading "gui/map_editor/spline_river_tool.gui"
[19:18:19][D][pdx_gui_assetfactory.cpp:689]: [LoadAssetsGUI] Loading of "gui/map_editor/spline_river_tool.gui" is complete
[19:18:19][D][pdx_gui_assetfactory.cpp:680]: [LoadAssetsGUI] Loading "gui/map_editor/spline_strip_tool.gui"
[19:18:19][D][pdx_gui_assetfactory.cpp:689]: [LoadAssetsGUI] Loading of "gui/map_editor/spline_strip_tool.gui" is complete
[19:18:19][D][pdx_gui_assetfactory.cpp:680]: [LoadAssetsGUI] Loading "gui/map_editor/spline_tools_map_content.gui"
[19:18:19][D][pdx_gui_assetfactory.cpp:689]: [LoadAssetsGUI] Loading of "gui/map_editor/spline_tools_map_content.gui" is complete
[19:18:19][D][pdx_gui_assetfactory.cpp:680]: [LoadAssetsGUI] Loading "gui/map_editor/spline_viewport.gui"
[19:18:19][D][pdx_gui_assetfactory.cpp:689]: [LoadAssetsGUI] Loading of "gui/map_editor/spline_viewport.gui" is complete
[19:18:19][D][pdx_gui_assetfactory.cpp:680]: [LoadAssetsGUI] Loading "gui/map_editor/spline_visibility_widget.gui"
[19:18:19][D][pdx_gui_assetfactory.cpp:689]: [LoadAssetsGUI] Loading of "gui/map_editor/spline_visibility_widget.gui" is complete
[19:18:19][D][pdx_gui_assetfactory.cpp:680]: [LoadAssetsGUI] Loading "gui/node_editor/graph_panel.gui"
[19:18:19][D][pdx_gui_assetfactory.cpp:689]: [LoadAssetsGUI] Loading of "gui/node_editor/graph_panel.gui" is complete
[19:18:19][D][pdx_gui_assetfactory.cpp:680]: [LoadAssetsGUI] Loading "gui/node_editor/infobox_node_window.gui"
[19:18:19][D][pdx_gui_assetfactory.cpp:689]: [LoadAssetsGUI] Loading of "gui/node_editor/infobox_node_window.gui" is complete
[19:18:19][D][pdx_gui_assetfactory.cpp:680]: [LoadAssetsGUI] Loading "gui/node_editor/node_editor.gui"
[19:18:19][D][pdx_gui_assetfactory.cpp:689]: [LoadAssetsGUI] Loading of "gui/node_editor/node_editor.gui" is complete
[19:18:19][D][pdx_gui_assetfactory.cpp:680]: [LoadAssetsGUI] Loading "gui/node_editor/search_list_window.gui"
[19:18:19][D][pdx_gui_assetfactory.cpp:689]: [LoadAssetsGUI] Loading of "gui/node_editor/search_list_window.gui" is complete
[19:18:19][D][pdx_gui_assetfactory.cpp:680]: [LoadAssetsGUI] Loading "gui/node_editor/viewport.gui"
[19:18:19][D][pdx_gui_assetfactory.cpp:689]: [LoadAssetsGUI] Loading of "gui/node_editor/viewport.gui" is complete
[19:18:19][D][pdx_gui_assetfactory.cpp:680]: [LoadAssetsGUI] Loading "gui/notifications/jomini_message.gui"
[19:18:19][D][pdx_gui_assetfactory.cpp:689]: [LoadAssetsGUI] Loading of "gui/notifications/jomini_message.gui" is complete
[19:18:19][D][pdx_gui_assetfactory.cpp:680]: [LoadAssetsGUI] Loading "gui/notifications/notification_overlay.gui"
[19:18:19][D][pdx_gui_assetfactory.cpp:689]: [LoadAssetsGUI] Loading of "gui/notifications/notification_overlay.gui" is complete
[19:18:19][D][pdx_gui_assetfactory.cpp:680]: [LoadAssetsGUI] Loading "gui/object_explorer/common.gui"
[19:18:19][D][pdx_gui_assetfactory.cpp:689]: [LoadAssetsGUI] Loading of "gui/object_explorer/common.gui" is complete
[19:18:19][D][pdx_gui_assetfactory.cpp:680]: [LoadAssetsGUI] Loading "gui/object_explorer/common_inspector.gui"
[19:18:19][D][pdx_gui_assetfactory.cpp:689]: [LoadAssetsGUI] Loading of "gui/object_explorer/common_inspector.gui" is complete
[19:18:19][D][pdx_gui_assetfactory.cpp:680]: [LoadAssetsGUI] Loading "gui/object_explorer/object_browser.gui"
[19:18:19][D][pdx_gui_assetfactory.cpp:689]: [LoadAssetsGUI] Loading of "gui/object_explorer/object_browser.gui" is complete
[19:18:19][D][pdx_gui_assetfactory.cpp:680]: [LoadAssetsGUI] Loading "gui/object_explorer/object_inspector.gui"
[19:18:19][D][pdx_gui_assetfactory.cpp:689]: [LoadAssetsGUI] Loading of "gui/object_explorer/object_inspector.gui" is complete
[19:18:19][D][pdx_gui_assetfactory.cpp:680]: [LoadAssetsGUI] Loading "gui/object_explorer/scope_debug_inspector.gui"
[19:18:19][D][pdx_gui_assetfactory.cpp:689]: [LoadAssetsGUI] Loading of "gui/object_explorer/scope_debug_inspector.gui" is complete
[19:18:19][D][pdx_gui_assetfactory.cpp:680]: [LoadAssetsGUI] Loading "gui/object_explorer/scope_object_provider.gui"
[19:18:19][D][pdx_gui_assetfactory.cpp:689]: [LoadAssetsGUI] Loading of "gui/object_explorer/scope_object_provider.gui" is complete
[19:18:19][D][pdx_gui_assetfactory.cpp:680]: [LoadAssetsGUI] Loading "gui/object_explorer/script_runner_inspector.gui"
[19:18:19][D][pdx_gui_assetfactory.cpp:689]: [LoadAssetsGUI] Loading of "gui/object_explorer/script_runner_inspector.gui" is complete
[19:18:19][D][pdx_gui_assetfactory.cpp:680]: [LoadAssetsGUI] Loading "gui/object_explorer/variable_inspector.gui"
[19:18:19][D][pdx_gui_assetfactory.cpp:689]: [LoadAssetsGUI] Loading of "gui/object_explorer/variable_inspector.gui" is complete
[19:18:19][D][pdx_gui_assetfactory.cpp:680]: [LoadAssetsGUI] Loading "gui/object_explorer/variable_list_inspector.gui"
[19:18:19][D][pdx_gui_assetfactory.cpp:689]: [LoadAssetsGUI] Loading of "gui/object_explorer/variable_list_inspector.gui" is complete
[19:18:19][D][pdx_gui_assetfactory.cpp:680]: [LoadAssetsGUI] Loading "gui/particle_editor/particle_editor_userdata_dialog.gui"
[19:18:19][D][pdx_gui_assetfactory.cpp:689]: [LoadAssetsGUI] Loading of "gui/particle_editor/particle_editor_userdata_dialog.gui" is complete
[19:18:19][D][pdx_gui_assetfactory.cpp:680]: [LoadAssetsGUI] Loading "gui/particle_editor/particle_nodes.gui"
[19:18:19][D][pdx_gui_assetfactory.cpp:689]: [LoadAssetsGUI] Loading of "gui/particle_editor/particle_nodes.gui" is complete
[19:18:19][D][pdx_gui_assetfactory.cpp:680]: [LoadAssetsGUI] Loading "gui/pdx_account/base_types.gui"
[19:18:19][D][pdx_gui_assetfactory.cpp:689]: [LoadAssetsGUI] Loading of "gui/pdx_account/base_types.gui" is complete
[19:18:19][D][pdx_gui_assetfactory.cpp:680]: [LoadAssetsGUI] Loading "gui/pdx_account/create_account_window.gui"
[19:18:19][D][pdx_gui_assetfactory.cpp:689]: [LoadAssetsGUI] Loading of "gui/pdx_account/create_account_window.gui" is complete
[19:18:19][D][pdx_gui_assetfactory.cpp:680]: [LoadAssetsGUI] Loading "gui/pdx_account/create_account_window_instanced.gui"
[19:18:19][D][pdx_gui_assetfactory.cpp:689]: [LoadAssetsGUI] Loading of "gui/pdx_account/create_account_window_instanced.gui" is complete
[19:18:19][D][pdx_gui_assetfactory.cpp:680]: [LoadAssetsGUI] Loading "gui/pdx_account/create_social_profile_window.gui"
[19:18:19][D][pdx_gui_assetfactory.cpp:689]: [LoadAssetsGUI] Loading of "gui/pdx_account/create_social_profile_window.gui" is complete
[19:18:19][D][pdx_gui_assetfactory.cpp:680]: [LoadAssetsGUI] Loading "gui/pdx_account/create_social_profile_window_base.gui"
[19:18:19][D][pdx_gui_assetfactory.cpp:689]: [LoadAssetsGUI] Loading of "gui/pdx_account/create_social_profile_window_base.gui" is complete
[19:18:19][D][pdx_gui_assetfactory.cpp:680]: [LoadAssetsGUI] Loading "gui/pdx_account/legal_docs_viewer.gui"
[19:18:19][D][pdx_gui_assetfactory.cpp:689]: [LoadAssetsGUI] Loading of "gui/pdx_account/legal_docs_viewer.gui" is complete
[19:18:19][D][pdx_gui_assetfactory.cpp:680]: [LoadAssetsGUI] Loading "gui/pdx_account/legal_docs_viewer_instanced.gui"
[19:18:19][D][pdx_gui_assetfactory.cpp:689]: [LoadAssetsGUI] Loading of "gui/pdx_account/legal_docs_viewer_instanced.gui" is complete
[19:18:19][D][pdx_gui_assetfactory.cpp:680]: [LoadAssetsGUI] Loading "gui/pdx_account/login_window.gui"
[19:18:19][D][pdx_gui_assetfactory.cpp:689]: [LoadAssetsGUI] Loading of "gui/pdx_account/login_window.gui" is complete
[19:18:19][D][pdx_gui_assetfactory.cpp:680]: [LoadAssetsGUI] Loading "gui/pdx_account/login_window_instanced.gui"
[19:18:19][D][pdx_gui_assetfactory.cpp:689]: [LoadAssetsGUI] Loading of "gui/pdx_account/login_window_instanced.gui" is complete
[19:18:19][D][pdx_gui_assetfactory.cpp:680]: [LoadAssetsGUI] Loading "gui/pdx_account/status_widget.gui"
[19:18:19][D][pdx_gui_assetfactory.cpp:689]: [LoadAssetsGUI] Loading of "gui/pdx_account/status_widget.gui" is complete
[19:18:19][D][pdx_gui_assetfactory.cpp:680]: [LoadAssetsGUI] Loading "gui/preload/defaults.gui"
[19:18:19][D][pdx_gui_assetfactory.cpp:689]: [LoadAssetsGUI] Loading of "gui/preload/defaults.gui" is complete
[19:18:19][D][pdx_gui_assetfactory.cpp:680]: [LoadAssetsGUI] Loading "gui/preload/fonts.gui"
[19:18:19][D][pdx_gui_assetfactory.cpp:689]: [LoadAssetsGUI] Loading of "gui/preload/fonts.gui" is complete
[19:18:19][D][pdx_gui_assetfactory.cpp:680]: [LoadAssetsGUI] Loading "gui/preload/frontend_loadingscreen.gui"
[19:18:19][D][pdx_gui_assetfactory.cpp:689]: [LoadAssetsGUI] Loading of "gui/preload/frontend_loadingscreen.gui" is complete
[19:18:19][D][pdx_gui_assetfactory.cpp:680]: [LoadAssetsGUI] Loading "gui/preload/labels.gui"
[19:18:19][D][pdx_gui_assetfactory.cpp:689]: [LoadAssetsGUI] Loading of "gui/preload/labels.gui" is complete
[19:18:19][D][pdx_gui_assetfactory.cpp:680]: [LoadAssetsGUI] Loading "gui/preload/textformatting.gui"
[19:18:19][D][pdx_gui_assetfactory.cpp:689]: [LoadAssetsGUI] Loading of "gui/preload/textformatting.gui" is complete
[19:18:19][D][pdx_gui_assetfactory.cpp:680]: [LoadAssetsGUI] Loading "gui/preload/tooltip.gui"
[19:18:19][D][pdx_gui_assetfactory.cpp:689]: [LoadAssetsGUI] Loading of "gui/preload/tooltip.gui" is complete
[19:18:19][D][pdx_gui_assetfactory.cpp:680]: [LoadAssetsGUI] Loading "gui/script_profiler/script_profiler.gui"
[19:18:19][D][pdx_gui_assetfactory.cpp:689]: [LoadAssetsGUI] Loading of "gui/script_profiler/script_profiler.gui" is complete
[19:18:19][D][pdx_gui_assetfactory.cpp:680]: [LoadAssetsGUI] Loading "gui/settings/setting_types.gui"
[19:18:19][D][pdx_gui_assetfactory.cpp:689]: [LoadAssetsGUI] Loading of "gui/settings/setting_types.gui" is complete
[19:18:19][D][pdx_gui_assetfactory.cpp:680]: [LoadAssetsGUI] Loading "gui/settings/settings.gui"
[19:18:19][D][pdx_gui_assetfactory.cpp:689]: [LoadAssetsGUI] Loading of "gui/settings/settings.gui" is complete
[19:18:19][D][pdx_gui_assetfactory.cpp:680]: [LoadAssetsGUI] Loading "gui/shared/animation.gui"
[19:18:19][D][pdx_gui_assetfactory.cpp:689]: [LoadAssetsGUI] Loading of "gui/shared/animation.gui" is complete
[19:18:19][D][pdx_gui_assetfactory.cpp:680]: [LoadAssetsGUI] Loading "gui/shared/backgrounds.gui"
[19:18:19][D][pdx_gui_assetfactory.cpp:689]: [LoadAssetsGUI] Loading of "gui/shared/backgrounds.gui" is complete
[19:18:19][D][pdx_gui_assetfactory.cpp:680]: [LoadAssetsGUI] Loading "gui/shared/buttons.gui"
[19:18:19][D][pdx_gui_assetfactory.cpp:689]: [LoadAssetsGUI] Loading of "gui/shared/buttons.gui" is complete
[19:18:19][D][pdx_gui_assetfactory.cpp:680]: [LoadAssetsGUI] Loading "gui/shared/buttons_icons.gui"
[19:18:19][D][pdx_gui_assetfactory.cpp:689]: [LoadAssetsGUI] Loading of "gui/shared/buttons_icons.gui" is complete
[19:18:19][D][pdx_gui_assetfactory.cpp:680]: [LoadAssetsGUI] Loading "gui/shared/cards.gui"
[19:18:19][D][pdx_gui_assetfactory.cpp:689]: [LoadAssetsGUI] Loading of "gui/shared/cards.gui" is complete
[19:18:19][D][pdx_gui_assetfactory.cpp:680]: [LoadAssetsGUI] Loading "gui/shared/coa_designer.gui"
[19:18:19][D][pdx_gui_assetfactory.cpp:689]: [LoadAssetsGUI] Loading of "gui/shared/coa_designer.gui" is complete
[19:18:19][D][pdx_gui_assetfactory.cpp:680]: [LoadAssetsGUI] Loading "gui/shared/coat_of_arms.gui"
[19:18:19][D][pdx_gui_assetfactory.cpp:689]: [LoadAssetsGUI] Loading of "gui/shared/coat_of_arms.gui" is complete
[19:18:19][D][pdx_gui_assetfactory.cpp:680]: [LoadAssetsGUI] Loading "gui/shared/color_picker.gui"
[19:18:19][D][pdx_gui_assetfactory.cpp:689]: [LoadAssetsGUI] Loading of "gui/shared/color_picker.gui" is complete
[19:18:19][D][pdx_gui_assetfactory.cpp:680]: [LoadAssetsGUI] Loading "gui/shared/colors.gui"
[19:18:19][D][pdx_gui_assetfactory.cpp:689]: [LoadAssetsGUI] Loading of "gui/shared/colors.gui" is complete
[19:18:19][D][pdx_gui_assetfactory.cpp:680]: [LoadAssetsGUI] Loading "gui/shared/cooltip.gui"
[19:18:19][D][pdx_gui_assetfactory.cpp:689]: [LoadAssetsGUI] Loading of "gui/shared/cooltip.gui" is complete
[19:18:19][D][pdx_gui_assetfactory.cpp:680]: [LoadAssetsGUI] Loading "gui/shared/court_positions.gui"
[19:18:19][D][pdx_gui_assetfactory.cpp:689]: [LoadAssetsGUI] Loading of "gui/shared/court_positions.gui" is complete
[19:18:19][D][pdx_gui_assetfactory.cpp:680]: [LoadAssetsGUI] Loading "gui/shared/dialogs.gui"
[19:18:19][D][pdx_gui_assetfactory.cpp:689]: [LoadAssetsGUI] Loading of "gui/shared/dialogs.gui" is complete
[19:18:19][D][pdx_gui_assetfactory.cpp:680]: [LoadAssetsGUI] Loading "gui/shared/edit_boxes.gui"
[19:18:19][D][pdx_gui_assetfactory.cpp:689]: [LoadAssetsGUI] Loading of "gui/shared/edit_boxes.gui" is complete
[19:18:19][D][pdx_gui_assetfactory.cpp:680]: [LoadAssetsGUI] Loading "gui/shared/event_windows.gui"
[19:18:19][D][pdx_gui_assetfactory.cpp:689]: [LoadAssetsGUI] Loading of "gui/shared/event_windows.gui" is complete
[19:18:19][D][pdx_gui_assetfactory.cpp:680]: [LoadAssetsGUI] Loading "gui/shared/icons.gui"
[19:18:19][D][pdx_gui_assetfactory.cpp:689]: [LoadAssetsGUI] Loading of "gui/shared/icons.gui" is complete
[19:18:19][D][pdx_gui_assetfactory.cpp:680]: [LoadAssetsGUI] Loading "gui/shared/lines.gui"
[19:18:19][D][pdx_gui_assetfactory.cpp:689]: [LoadAssetsGUI] Loading of "gui/shared/lines.gui" is complete
[19:18:19][D][pdx_gui_assetfactory.cpp:680]: [LoadAssetsGUI] Loading "gui/shared/lists.gui"
[19:18:19][D][pdx_gui_assetfactory.cpp:689]: [LoadAssetsGUI] Loading of "gui/shared/lists.gui" is complete
[19:18:19][D][pdx_gui_assetfactory.cpp:680]: [LoadAssetsGUI] Loading "gui/shared/mapmodes.gui"
[19:18:19][D][pdx_gui_assetfactory.cpp:689]: [LoadAssetsGUI] Loading of "gui/shared/mapmodes.gui" is complete
[19:18:19][D][pdx_gui_assetfactory.cpp:680]: [LoadAssetsGUI] Loading "gui/shared/misc_components.gui"
[19:18:19][D][pdx_gui_assetfactory.cpp:689]: [LoadAssetsGUI] Loading of "gui/shared/misc_components.gui" is complete
[19:18:19][D][pdx_gui_assetfactory.cpp:680]: [LoadAssetsGUI] Loading "gui/shared/popups.gui"
[19:18:19][D][pdx_gui_assetfactory.cpp:689]: [LoadAssetsGUI] Loading of "gui/shared/popups.gui" is complete
[19:18:19][D][pdx_gui_assetfactory.cpp:680]: [LoadAssetsGUI] Loading "gui/shared/portraits.gui"
[19:18:19][D][pdx_gui_assetfactory.cpp:689]: [LoadAssetsGUI] Loading of "gui/shared/portraits.gui" is complete
[19:18:19][D][pdx_gui_assetfactory.cpp:680]: [LoadAssetsGUI] Loading "gui/shared/progressbars.gui"
[19:18:19][D][pdx_gui_assetfactory.cpp:689]: [LoadAssetsGUI] Loading of "gui/shared/progressbars.gui" is complete
[19:18:19][D][pdx_gui_assetfactory.cpp:680]: [LoadAssetsGUI] Loading "gui/shared/sounds.gui"
[19:18:19][D][pdx_gui_assetfactory.cpp:689]: [LoadAssetsGUI] Loading of "gui/shared/sounds.gui" is complete
[19:18:19][D][pdx_gui_assetfactory.cpp:680]: [LoadAssetsGUI] Loading "gui/shared/succession_election_widgets.gui"
[19:18:19][D][pdx_gui_assetfactory.cpp:689]: [LoadAssetsGUI] Loading of "gui/shared/succession_election_widgets.gui" is complete
[19:18:19][D][pdx_gui_assetfactory.cpp:680]: [LoadAssetsGUI] Loading "gui/shared/texticons_religion.gui"
[19:18:20][D][pdx_gui_assetfactory.cpp:689]: [LoadAssetsGUI] Loading of "gui/shared/texticons_religion.gui" is complete
[19:18:20][D][pdx_gui_assetfactory.cpp:680]: [LoadAssetsGUI] Loading "gui/shared/texticons_trigger.gui"
[19:18:20][D][pdx_gui_assetfactory.cpp:689]: [LoadAssetsGUI] Loading of "gui/shared/texticons_trigger.gui" is complete
[19:18:20][D][pdx_gui_assetfactory.cpp:680]: [LoadAssetsGUI] Loading "gui/shared/texticons_ui.gui"
[19:18:20][D][pdx_gui_assetfactory.cpp:689]: [LoadAssetsGUI] Loading of "gui/shared/texticons_ui.gui" is complete
[19:18:20][D][pdx_gui_assetfactory.cpp:680]: [LoadAssetsGUI] Loading "gui/shared/value_breakdown.gui"
[19:18:20][D][pdx_gui_assetfactory.cpp:689]: [LoadAssetsGUI] Loading of "gui/shared/value_breakdown.gui" is complete
[19:18:20][D][pdx_gui_assetfactory.cpp:680]: [LoadAssetsGUI] Loading "gui/shared/vertical_progressbars.gui"
[19:18:20][D][pdx_gui_assetfactory.cpp:689]: [LoadAssetsGUI] Loading of "gui/shared/vertical_progressbars.gui" is complete
[19:18:20][D][pdx_gui_assetfactory.cpp:680]: [LoadAssetsGUI] Loading "gui/shared/windows.gui"
[19:18:20][D][pdx_gui_assetfactory.cpp:689]: [LoadAssetsGUI] Loading of "gui/shared/windows.gui" is complete
[19:18:20][D][pdx_gui_assetfactory.cpp:680]: [LoadAssetsGUI] Loading "gui/social/add_friend_window.gui"
[19:18:20][D][pdx_gui_assetfactory.cpp:689]: [LoadAssetsGUI] Loading of "gui/social/add_friend_window.gui" is complete
[19:18:20][D][pdx_gui_assetfactory.cpp:680]: [LoadAssetsGUI] Loading "gui/social/add_friend_window_base.gui"
[19:18:20][D][pdx_gui_assetfactory.cpp:689]: [LoadAssetsGUI] Loading of "gui/social/add_friend_window_base.gui" is complete
[19:18:20][D][pdx_gui_assetfactory.cpp:680]: [LoadAssetsGUI] Loading "gui/social/chat_window.gui"
[19:18:20][D][pdx_gui_assetfactory.cpp:689]: [LoadAssetsGUI] Loading of "gui/social/chat_window.gui" is complete
[19:18:20][D][pdx_gui_assetfactory.cpp:680]: [LoadAssetsGUI] Loading "gui/social/chat_window_base.gui"
[19:18:20][D][pdx_gui_assetfactory.cpp:689]: [LoadAssetsGUI] Loading of "gui/social/chat_window_base.gui" is complete
[19:18:20][D][pdx_gui_assetfactory.cpp:680]: [LoadAssetsGUI] Loading "gui/social/friend_list_window.gui"
[19:18:20][D][pdx_gui_assetfactory.cpp:689]: [LoadAssetsGUI] Loading of "gui/social/friend_list_window.gui" is complete
[19:18:20][D][pdx_gui_assetfactory.cpp:680]: [LoadAssetsGUI] Loading "gui/social/friend_list_window_base.gui"
[19:18:20][D][pdx_gui_assetfactory.cpp:689]: [LoadAssetsGUI] Loading of "gui/social/friend_list_window_base.gui" is complete
[19:18:20][D][pdx_gui_assetfactory.cpp:680]: [LoadAssetsGUI] Loading "gui/social/remove_friend_confirm_window.gui"
[19:18:20][D][pdx_gui_assetfactory.cpp:689]: [LoadAssetsGUI] Loading of "gui/social/remove_friend_confirm_window.gui" is complete
[19:18:20][D][pdx_gui_assetfactory.cpp:680]: [LoadAssetsGUI] Loading "gui/social/remove_friend_confirm_window_base.gui"
[19:18:20][D][pdx_gui_assetfactory.cpp:689]: [LoadAssetsGUI] Loading of "gui/social/remove_friend_confirm_window_base.gui" is complete
[19:18:20][D][pdx_gui_assetfactory.cpp:680]: [LoadAssetsGUI] Loading "gui/social/social_base_types.gui"
[19:18:20][D][pdx_gui_assetfactory.cpp:689]: [LoadAssetsGUI] Loading of "gui/social/social_base_types.gui" is complete
[19:18:20][D][pdx_gui_assetfactory.cpp:680]: [LoadAssetsGUI] Loading "gui/social/social_chat_notification_window.gui"
[19:18:20][D][pdx_gui_assetfactory.cpp:689]: [LoadAssetsGUI] Loading of "gui/social/social_chat_notification_window.gui" is complete
[19:18:20][D][pdx_gui_assetfactory.cpp:680]: [LoadAssetsGUI] Loading "gui/social/social_chat_notification_window_base.gui"
[19:18:20][D][pdx_gui_assetfactory.cpp:689]: [LoadAssetsGUI] Loading of "gui/social/social_chat_notification_window_base.gui" is complete
[19:18:20][D][pdx_gui_assetfactory.cpp:680]: [LoadAssetsGUI] Loading "gui/social/social_widget.gui"
[19:18:20][D][pdx_gui_assetfactory.cpp:689]: [LoadAssetsGUI] Loading of "gui/social/social_widget.gui" is complete
[19:18:20][D][pdx_gui_assetfactory.cpp:680]: [LoadAssetsGUI] Loading "gui/tools/backgrounds.gui"
[19:18:20][D][pdx_gui_assetfactory.cpp:689]: [LoadAssetsGUI] Loading of "gui/tools/backgrounds.gui" is complete
[19:18:20][D][pdx_gui_assetfactory.cpp:680]: [LoadAssetsGUI] Loading "gui/tools/dockable_layout_manager.gui"
[19:18:20][D][pdx_gui_assetfactory.cpp:689]: [LoadAssetsGUI] Loading of "gui/tools/dockable_layout_manager.gui" is complete
[19:18:20][D][pdx_gui_assetfactory.cpp:680]: [LoadAssetsGUI] Loading "gui/tools/dropdown.gui"
[19:18:20][D][pdx_gui_assetfactory.cpp:689]: [LoadAssetsGUI] Loading of "gui/tools/dropdown.gui" is complete
[19:18:20][D][pdx_gui_assetfactory.cpp:680]: [LoadAssetsGUI] Loading "gui/tools/foldouts.gui"
[19:18:20][D][pdx_gui_assetfactory.cpp:689]: [LoadAssetsGUI] Loading of "gui/tools/foldouts.gui" is complete
[19:18:20][D][pdx_gui_assetfactory.cpp:680]: [LoadAssetsGUI] Loading "gui/tools/gfx_skin_editor.gui"
[19:18:20][D][pdx_gui_assetfactory.cpp:689]: [LoadAssetsGUI] Loading of "gui/tools/gfx_skin_editor.gui" is complete
[19:18:20][D][pdx_gui_assetfactory.cpp:680]: [LoadAssetsGUI] Loading "gui/tools/gruvbox_colors.gui"
[19:18:20][D][pdx_gui_assetfactory.cpp:689]: [LoadAssetsGUI] Loading of "gui/tools/gruvbox_colors.gui" is complete
[19:18:20][D][pdx_gui_assetfactory.cpp:680]: [LoadAssetsGUI] Loading "gui/tools/helper.gui"
[19:18:20][D][pdx_gui_assetfactory.cpp:689]: [LoadAssetsGUI] Loading of "gui/tools/helper.gui" is complete
[19:18:20][D][pdx_gui_assetfactory.cpp:680]: [LoadAssetsGUI] Loading "gui/tools/indents.gui"
[19:18:20][D][pdx_gui_assetfactory.cpp:689]: [LoadAssetsGUI] Loading of "gui/tools/indents.gui" is complete
[19:18:20][D][pdx_gui_assetfactory.cpp:680]: [LoadAssetsGUI] Loading "gui/tools/notifications.gui"
[19:18:20][D][pdx_gui_assetfactory.cpp:689]: [LoadAssetsGUI] Loading of "gui/tools/notifications.gui" is complete
[19:18:20][D][pdx_gui_assetfactory.cpp:680]: [LoadAssetsGUI] Loading "gui/tools/save_dialog.gui"
[19:18:20][D][pdx_gui_assetfactory.cpp:689]: [LoadAssetsGUI] Loading of "gui/tools/save_dialog.gui" is complete
[19:18:20][D][pdx_gui_assetfactory.cpp:680]: [LoadAssetsGUI] Loading "gui/tools/slider.gui"
[19:18:20][D][pdx_gui_assetfactory.cpp:689]: [LoadAssetsGUI] Loading of "gui/tools/slider.gui" is complete
[19:18:20][D][pdx_gui_assetfactory.cpp:680]: [LoadAssetsGUI] Loading "gui/tools/table.gui"
[19:18:20][D][pdx_gui_assetfactory.cpp:689]: [LoadAssetsGUI] Loading of "gui/tools/table.gui" is complete
[19:18:20][D][pdx_gui_assetfactory.cpp:680]: [LoadAssetsGUI] Loading "gui/tools/tool_options.gui"
[19:18:20][D][pdx_gui_assetfactory.cpp:689]: [LoadAssetsGUI] Loading of "gui/tools/tool_options.gui" is complete
[19:18:20][D][pdx_gui_assetfactory.cpp:680]: [LoadAssetsGUI] Loading "gui/tools/toolbox.gui"
[19:18:20][D][pdx_gui_assetfactory.cpp:689]: [LoadAssetsGUI] Loading of "gui/tools/toolbox.gui" is complete
[19:18:20][D][pdx_gui_assetfactory.cpp:680]: [LoadAssetsGUI] Loading "gui/tools/tools_style.gui"
[19:18:20][D][pdx_gui_assetfactory.cpp:689]: [LoadAssetsGUI] Loading of "gui/tools/tools_style.gui" is complete
[19:18:20][D][pdx_gui_assetfactory.cpp:680]: [LoadAssetsGUI] Loading "gui/tweaker/tweaker.gui"
[19:18:20][D][pdx_gui_assetfactory.cpp:689]: [LoadAssetsGUI] Loading of "gui/tweaker/tweaker.gui" is complete
[19:18:20][D][pdx_gui_assetfactory.cpp:680]: [LoadAssetsGUI] Loading "gui/undo_history_viewer/undo_history_viewer.gui"
[19:18:20][D][pdx_gui_assetfactory.cpp:689]: [LoadAssetsGUI] Loading of "gui/undo_history_viewer/undo_history_viewer.gui" is complete
[19:18:49][D][gfx_texture_on_demand.cpp:292]: Texture on demand will silently skip missing texture 'gfx/interface/illustrations/dlc_event_decorations/dlc_001.dds'
[19:18:49][D][gfx_texture_on_demand.cpp:292]: Texture on demand will silently skip missing texture 'gfx/interface/illustrations/dlc_event_decorations/dlc_002.dds'
[19:18:49][D][gfx_texture_on_demand.cpp:292]: Texture on demand will silently skip missing texture 'gfx/interface/illustrations/dlc_event_decorations/dlc_003.dds'
[19:18:49][D][gfx_texture_on_demand.cpp:292]: Texture on demand will silently skip missing texture 'gfx/interface/illustrations/dlc_event_decorations/dlc_004.dds'
[19:18:49][D][gfx_texture_on_demand.cpp:292]: Texture on demand will silently skip missing texture 'gfx/interface/illustrations/dlc_event_decorations/dlc_005.dds'
[19:18:49][D][gfx_texture_on_demand.cpp:292]: Texture on demand will silently skip missing texture 'gfx/interface/illustrations/dlc_event_decorations/dlc_007.dds'
[19:18:49][D][pdx_mesh_streamer.cpp:249]: Requesting mesh elephant_mesh
[19:18:49][D][pdx_mesh_streamer.cpp:249]: Requesting mesh unit_horse_01_mesh
[19:18:49][D][pdx_mesh_streamer.cpp:249]: Requesting mesh mpo_map_sheep_male_01_mesh
[19:18:49][D][pdx_mesh_streamer.cpp:249]: Requesting mesh mpo_map_sheep_female_01_mesh
[19:18:49][D][pdx_mesh_streamer.cpp:249]: Requesting mesh mpo_sheep_female_01_mesh
[19:18:49][D][gfx_texture_on_demand.cpp:292]: Texture on demand will silently skip missing texture 'gfx/interface/illustrations/dlc_event_decorations/dlc_008.dds'
[19:18:49][D][pdx_mesh_streamer.cpp:249]: Requesting mesh bridge_01_mesh
[19:18:49][D][pdx_mesh_streamer.cpp:249]: Requesting mesh bridge_indian_mesh
[19:18:49][D][pdx_mesh_streamer.cpp:249]: Requesting mesh bridge_mediterranean_mesh
[19:18:49][D][pdx_mesh_streamer.cpp:249]: Requesting mesh bridge_mena_mesh
[19:18:49][D][pdx_mesh_streamer.cpp:249]: Requesting mesh bridge_western_mesh
[19:18:49][D][gfx_texture_on_demand.cpp:292]: Texture on demand will silently skip missing texture 'gfx/interface/illustrations/dlc_event_decorations/dlc_010.dds'
[19:18:49][D][gfx_texture_on_demand.cpp:292]: Texture on demand will silently skip missing texture 'gfx/interface/illustrations/dlc_event_decorations/dlc_011.dds'
[19:18:49][D][gfx_texture_on_demand.cpp:292]: Texture on demand will silently skip missing texture 'gfx/interface/illustrations/dlc_event_decorations/dlc_012.dds'
[19:18:49][D][gfx_texture_on_demand.cpp:292]: Texture on demand will silently skip missing texture 'gfx/interface/illustrations/dlc_event_decorations/dlc_013.dds'
[19:18:49][D][gfx_texture_on_demand.cpp:292]: Texture on demand will silently skip missing texture 'gfx/interface/illustrations/dlc_event_decorations/dlc_014.dds'
[19:18:49][D][gfx_texture_on_demand.cpp:292]: Texture on demand will silently skip missing texture 'gfx/interface/illustrations/dlc_event_decorations/dlc_016.dds'
[19:18:49][D][gfx_texture_on_demand.cpp:292]: Texture on demand will silently skip missing texture 'gfx/interface/illustrations/dlc_event_decorations/dlc_017.dds'
[19:18:49][D][gfx_texture_on_demand.cpp:292]: Texture on demand will silently skip missing texture 'gfx/interface/illustrations/dlc/dlc_007.dds'
[19:18:49][D][gfx_texture_on_demand.cpp:292]: Texture on demand will silently skip missing texture 'gfx/interface/illustrations/dlc/dlc_008.dds'
[19:18:49][D][gfx_texture_on_demand.cpp:292]: Texture on demand will silently skip missing texture 'gfx/interface/illustrations/dlc_event_decorations/dlc_018.dds'
[19:18:49][D][gfx_texture_on_demand.cpp:292]: Texture on demand will silently skip missing texture 'gfx/interface/illustrations/dlc/dlc_009.dds'
[19:18:49][D][gfx_texture_on_demand.cpp:292]: Texture on demand will silently skip missing texture 'gfx/interface/illustrations/dlc_event_decorations/dlc_019.dds'
[19:18:49][D][gfx_texture_on_demand.cpp:292]: Texture on demand will silently skip missing texture 'gfx/interface/illustrations/dlc/dlc_010.dds'
[19:18:49][D][gfx_texture_on_demand.cpp:292]: Texture on demand will silently skip missing texture 'gfx/interface/illustrations/dlc_event_decorations/dlc_020.dds'
[19:18:49][D][gfx_texture_on_demand.cpp:292]: Texture on demand will silently skip missing texture 'gfx/interface/illustrations/dlc/dlc_011.dds'
[19:18:49][D][gfx_texture_on_demand.cpp:292]: Texture on demand will silently skip missing texture 'gfx/interface/illustrations/dlc_event_decorations/dlc_021.dds'
[19:18:49][D][gfx_texture_on_demand.cpp:292]: Texture on demand will silently skip missing texture 'gfx/interface/illustrations/dlc/dlc_012.dds'
[19:18:49][D][gfx_texture_on_demand.cpp:292]: Texture on demand will silently skip missing texture 'gfx/interface/illustrations/dlc_event_decorations/dlc_022.dds'
[19:18:49][D][gfx_texture_on_demand.cpp:292]: Texture on demand will silently skip missing texture 'gfx/interface/illustrations/dlc_event_decorations/dlc_023.dds'
[19:18:49][D][gfx_texture_on_demand.cpp:292]: Texture on demand will silently skip missing texture 'gfx/interface/illustrations/dlc/dlc_013.dds'
[19:18:49][D][pdx_mesh_streamer.cpp:249]: Requesting mesh tgp_building_special_changan_mesh
[19:18:49][D][gfx_texture_on_demand.cpp:292]: Texture on demand will silently skip missing texture 'gfx/interface/illustrations/dlc_event_decorations/dlc_024.dds'
[19:18:49][D][gfx_texture_on_demand.cpp:292]: Texture on demand will silently skip missing texture 'gfx/interface/illustrations/dlc/dlc_014.dds'
[19:18:49][D][gfx_texture_on_demand.cpp:292]: Texture on demand will silently skip missing texture 'gfx/interface/illustrations/dlc_event_decorations/dlc_025.dds'
[19:18:49][D][gfx_texture_on_demand.cpp:292]: Texture on demand will silently skip missing texture 'gfx/interface/illustrations/dlc/dlc_015.dds'
[19:18:49][D][pdx_mesh_streamer.cpp:249]: Requesting mesh cliff_coastline_01_mesh
[19:18:49][D][pdx_mesh_streamer.cpp:249]: Requesting mesh cliff_coastline_02_mesh
[19:18:49][D][pdx_mesh_streamer.cpp:249]: Requesting mesh cliff_coastline_03_mesh
[19:18:49][D][pdx_mesh_streamer.cpp:249]: Requesting mesh cliff_coastline_04_mesh
[19:18:49][D][pdx_mesh_streamer.cpp:249]: Requesting mesh cliff_big_01_mesh
[19:18:49][D][pdx_mesh_streamer.cpp:249]: Requesting mesh cliff_big_02_mesh
[19:18:49][D][gfx_texture_on_demand.cpp:292]: Texture on demand will silently skip missing texture 'gfx/interface/illustrations/dlc_event_decorations/dlc_026.dds'
[19:18:49][D][pdx_mesh_streamer.cpp:249]: Requesting mesh cliff_end_01_mesh
[19:18:49][D][pdx_mesh_streamer.cpp:249]: Requesting mesh cliff_end_02_mesh
[19:18:49][D][pdx_mesh_streamer.cpp:249]: Requesting mesh cliff_rock_01_mesh
[19:18:49][D][pdx_mesh_streamer.cpp:249]: Requesting mesh cliff_rock_02_mesh
[19:18:49][D][pdx_mesh_streamer.cpp:249]: Requesting mesh cliff_rock_03_mesh
[19:18:49][D][pdx_mesh_streamer.cpp:249]: Requesting mesh cliff_small_01_mesh
[19:18:49][D][gfx_texture_on_demand.cpp:292]: Texture on demand will silently skip missing texture 'gfx/interface/illustrations/dlc/dlc_016.dds'
[19:18:49][D][gfx_texture_on_demand.cpp:292]: Texture on demand will silently skip missing texture 'gfx/interface/illustrations/dlc/dlc_017.dds'
[19:18:49][D][gfx_texture_on_demand.cpp:292]: Texture on demand will silently skip missing texture 'gfx/interface/illustrations/dlc_event_decorations/dlc_027.dds'
[19:18:49][D][gfx_texture_on_demand.cpp:292]: Texture on demand will silently skip missing texture 'gfx/interface/illustrations/dlc/dlc_018.dds'
[19:18:49][D][gfx_texture_on_demand.cpp:292]: Texture on demand will silently skip missing texture 'gfx/interface/illustrations/dlc_event_decorations/dlc_028.dds'
[19:18:49][D][pdx_mesh_streamer.cpp:249]: Requesting mesh tgp_great_wall_01_mesh
[19:18:49][D][pdx_mesh_streamer.cpp:249]: Requesting mesh tgp_great_wall_02_mesh
[19:18:49][D][pdx_mesh_streamer.cpp:249]: Requesting mesh tgp_great_wall_03_mesh
[19:18:49][D][pdx_mesh_streamer.cpp:249]: Requesting mesh tgp_great_wall_gate_01_mesh
[19:18:49][D][gfx_texture_on_demand.cpp:292]: Texture on demand will silently skip missing texture 'gfx/interface/illustrations/dlc/dlc_019.dds'
[19:18:49][D][gfx_texture_on_demand.cpp:292]: Texture on demand will silently skip missing texture 'gfx/interface/illustrations/dlc_event_decorations/dlc_029.dds'
[19:18:49][D][pdx_mesh_streamer.cpp:249]: Requesting mesh lake_mesh
[19:18:49][D][pdx_mesh_streamer.cpp:249]: Requesting mesh ce1_tabletop_mesh
[19:18:49][D][pdx_mesh_streamer.cpp:249]: Requesting mesh ce1_tabletop_candles_mesh
[19:18:49][D][pdx_mesh_streamer.cpp:249]: Requesting mesh ce1_tabletop_tablecloth_mesh
[19:18:49][D][pdx_mesh_streamer.cpp:249]: Requesting mesh ce1_tabletop_floor_mesh
[19:18:49][D][pdx_mesh_streamer.cpp:249]: Requesting mesh ce1_tabletop_groundprops_mesh
[19:18:49][D][pdx_mesh_streamer.cpp:249]: Requesting mesh ce1_tabletop_props_mesh
[19:18:49][D][pdx_mesh_streamer.cpp:249]: Requesting mesh tgp_tabletop_01_a_mesh
[19:18:49][D][pdx_mesh_streamer.cpp:249]: Requesting mesh tgp_tabletop_floor_01_a_mesh
[19:18:49][D][gfx_texture_on_demand.cpp:292]: Texture on demand will silently skip missing texture 'gfx/interface/illustrations/dlc/dlc_020.dds'
[19:18:49][D][gfx_texture_on_demand.cpp:292]: Texture on demand will silently skip missing texture 'gfx/interface/illustrations/dlc_event_decorations/dlc_030.dds'
[19:18:49][D][pdx_mesh_streamer.cpp:249]: Requesting mesh ep3_tabletop_mesh
[19:18:49][D][pdx_mesh_streamer.cpp:249]: Requesting mesh ep3_tabletop_floor_mesh
[19:18:49][D][pdx_mesh_streamer.cpp:249]: Requesting mesh tabletop_props_mesh
[19:18:49][D][gfx_texture_on_demand.cpp:292]: Texture on demand will silently skip missing texture 'gfx/interface/illustrations/dlc/dlc_021.dds'
[19:18:49][D][pdx_mesh_streamer.cpp:249]: Requesting mesh tabletop_west_basic_mesh
[19:18:49][D][pdx_mesh_streamer.cpp:249]: Requesting mesh tabletop_west_basic_candles_mesh
[19:18:49][D][pdx_mesh_streamer.cpp:249]: Requesting mesh tabletop_west_basic_tablecloth_mesh
[19:18:49][D][pdx_mesh_streamer.cpp:249]: Requesting mesh ep3_constantinople_sprawl_mesh
[19:18:49][D][pdx_mesh_streamer.cpp:249]: Requesting mesh tabletop_west_basic_props_mesh
[19:18:49][D][pdx_mesh_streamer.cpp:249]: Requesting mesh hadrians_wall_01_a_mesh
[19:18:49][D][gfx_texture_on_demand.cpp:292]: Texture on demand will silently skip missing texture 'gfx/interface/illustrations/dlc/dlc_022.dds'
[19:18:49][D][pdx_mesh_streamer.cpp:249]: Requesting mesh hadrians_wall_01_b_mesh
[19:18:49][D][pdx_mesh_streamer.cpp:249]: Requesting mesh hadrians_wall_01_c_mesh
[19:18:49][D][pdx_mesh_streamer.cpp:249]: Requesting mesh hadrians_wall_01_d_mesh
[19:18:49][D][pdx_mesh_streamer.cpp:249]: Requesting mesh building_special_mines_mesh
[19:18:49][D][pdx_mesh_streamer.cpp:249]: Requesting mesh building_special_brihadeeswarar_temple_mesh
[19:18:49][D][pdx_mesh_streamer.cpp:249]: Requesting mesh building_special_petra_mesh
[19:18:49][D][pdx_mesh_streamer.cpp:249]: Requesting mesh building_special_cathedral_generic_mesh
[19:18:49][D][pdx_mesh_streamer.cpp:249]: Requesting mesh building_special_cathedral_pagan_mesh
[19:18:49][D][pdx_mesh_streamer.cpp:249]: Requesting mesh building_special_colosseum_mesh
[19:18:49][D][pdx_mesh_streamer.cpp:249]: Requesting mesh building_special_great_mosque_of_djenne_mesh
[19:18:49][D][pdx_mesh_streamer.cpp:249]: Requesting mesh building_special_great_mosque_of_mecca_mesh
[19:18:49][D][pdx_mesh_streamer.cpp:249]: Requesting mesh building_special_notre_dame_mesh
[19:18:49][D][pdx_mesh_streamer.cpp:249]: Requesting mesh building_special_palace_of_aachen_mesh
[19:18:49][D][pdx_mesh_streamer.cpp:249]: Requesting mesh building_special_pyramids_giza_mesh
[19:18:49][D][pdx_mesh_streamer.cpp:249]: Requesting mesh building_special_stonehenge_mesh
[19:18:49][D][pdx_mesh_streamer.cpp:249]: Requesting mesh building_special_tower_of_london_mesh
[19:18:49][D][pdx_mesh_streamer.cpp:249]: Requesting mesh fp3_building_special_great_wall_of_gorgan_01_a_mesh
[19:18:49][D][gfx_texture_on_demand.cpp:292]: Texture on demand will silently skip missing texture 'gfx/interface/illustrations/dlc/dlc_023.dds'
[19:18:49][D][gfx_texture_on_demand.cpp:292]: Texture on demand will silently skip missing texture 'gfx/interface/illustrations/dlc/dlc_024.dds'
[19:18:49][D][pdx_mesh_streamer.cpp:249]: Requesting mesh tree_jungle_01_c_mesh
[19:18:49][D][pdx_mesh_streamer.cpp:249]: Requesting mesh steppe_bush_01_mesh
[19:18:49][D][pdx_mesh_streamer.cpp:249]: Requesting mesh tree_cypress_01_a_mesh
[19:18:49][D][gfx_texture_on_demand.cpp:292]: Texture on demand will silently skip missing texture 'gfx/interface/illustrations/dlc/dlc_025.dds'
[19:18:49][D][pdx_mesh_streamer.cpp:249]: Requesting mesh reeds_06_grass_mesh
[19:18:49][D][pdx_mesh_streamer.cpp:249]: Requesting mesh tree_leaf_01_single_a_mesh
[19:18:49][D][gfx_texture_on_demand.cpp:292]: Texture on demand will silently skip missing texture 'gfx/interface/illustrations/dlc/dlc_026.dds'
[19:18:49][D][pdx_mesh_streamer.cpp:249]: Requesting mesh tree_cypress_01_b_mesh
[19:18:49][D][pdx_mesh_streamer.cpp:249]: Requesting mesh tree_leaf_01_a_mesh
[19:18:49][D][pdx_mesh_streamer.cpp:249]: Requesting mesh tree_jungle_01_d_mesh
[19:18:49][D][gfx_texture_on_demand.cpp:292]: Texture on demand will silently skip missing texture 'gfx/interface/illustrations/dlc/dlc_027.dds'
[19:18:49][D][pdx_mesh_streamer.cpp:249]: Requesting mesh tree_cypress_01_c_mesh
[19:18:49][D][gfx_texture_on_demand.cpp:292]: Texture on demand will silently skip missing texture 'gfx/interface/illustrations/dlc/dlc_028.dds'
[19:18:49][D][gfx_texture_on_demand.cpp:292]: Texture on demand will silently skip missing texture 'gfx/interface/illustrations/dlc/dlc_029.dds'
[19:18:49][D][gfx_texture_on_demand.cpp:292]: Texture on demand will silently skip missing texture 'gfx/interface/illustrations/dlc/dlc_030.dds'
[19:18:49][D][pdx_mesh_streamer.cpp:249]: Requesting mesh tree_leaf_01_b_mesh
[19:18:49][D][pdx_mesh_streamer.cpp:249]: Requesting mesh tree_palm_01_a_mesh
[19:18:49][D][gfx_texture_on_demand.cpp:292]: Texture on demand will silently skip missing texture 'gfx/interface/illustrations/dlc/_default_debug.dds'
[19:18:49][D][pdx_mesh_streamer.cpp:249]: Requesting mesh tree_leaf_01_c_mesh
[19:18:49][D][pdx_mesh_streamer.cpp:249]: Requesting mesh reeds_07_grass_mesh
[19:18:49][D][pdx_mesh_streamer.cpp:249]: Requesting mesh tree_pine_single_01_a_mesh
[19:18:49][D][pdx_mesh_streamer.cpp:249]: Requesting mesh tree_pine_01_b_mesh
[19:18:49][D][pdx_mesh_streamer.cpp:249]: Requesting mesh tree_pine_impassable_01_a_mesh
[19:18:49][D][pdx_mesh_streamer.cpp:249]: Requesting mesh tree_sakura_01_mesh
[19:18:49][D][pdx_mesh_streamer.cpp:249]: Requesting mesh reeds_01_tall_grass_mesh
[19:18:49][D][pdx_mesh_streamer.cpp:249]: Requesting mesh tree_sakura_02_mesh
[19:18:49][D][pdx_mesh_streamer.cpp:249]: Requesting mesh tree_sakura_03_mesh
[19:18:49][D][pdx_mesh_streamer.cpp:249]: Requesting mesh tree_pine_single_01_b_mesh
[19:18:49][D][pdx_mesh_streamer.cpp:249]: Requesting mesh tree_pine_single_01_c_mesh
[19:18:51][D][gfx_texture_on_demand.cpp:292]: Texture on demand will silently skip missing texture 'gfx/interface/illustrations/lifestyles_background/_default.dds'
[19:18:51][D][gfx_texture_on_demand.cpp:292]: Texture on demand will silently skip missing texture 'gfx/interface/illustrations/lifestyles_background/_default_debug.dds'
[19:18:51][D][gfx_texture_on_demand.cpp:292]: Texture on demand will silently skip missing texture 'gfx/interface/illustrations/lifestyles_background/_default.dds'
[19:18:51][D][gfx_texture_on_demand.cpp:292]: Texture on demand will silently skip missing texture 'gfx/interface/illustrations/lifestyles_background/_invalid.dds'
[19:18:51][D][gfx_texture_on_demand.cpp:292]: Texture on demand will silently skip missing texture 'gfx/interface/illustrations/lifestyles_background/_invalid_debug.dds'
[19:18:51][D][gfx_texture_on_demand.cpp:292]: Texture on demand will silently skip missing texture 'gfx/interface/illustrations/legacy_tracks/_default.dds'
[19:18:51][D][gfx_texture_on_demand.cpp:292]: Texture on demand will silently skip missing texture 'gfx/interface/illustrations/legacy_tracks/_default_debug.dds'
[19:18:51][D][gfx_texture_on_demand.cpp:292]: Texture on demand will silently skip missing texture 'gfx/interface/illustrations/legacy_tracks/_default.dds'
[19:18:56][D][jomini_eventmanager.cpp:666]: >=== NAMESPACE > 'blackmail' is set to #1000000
[19:18:56][D][jomini_eventmanager.cpp:666]: >=== NAMESPACE > 'bookmark' is set to #1010000
[19:18:56][D][jomini_eventmanager.cpp:666]: >=== NAMESPACE > 'accolade' is set to #1020000
[19:18:56][D][jomini_eventmanager.cpp:666]: >=== NAMESPACE > 'elder_events' is set to #1030000
[19:18:56][D][jomini_eventmanager.cpp:666]: >=== NAMESPACE > 'birth' is set to #1040000
[19:18:56][D][jomini_eventmanager.cpp:666]: >=== NAMESPACE > 'board_games' is set to #1050000
[19:18:56][D][jomini_eventmanager.cpp:666]: >=== NAMESPACE > 'bp1_yearly' is set to #1060000
[19:18:56][D][jomini_eventmanager.cpp:666]: >=== NAMESPACE > 'error_suppression' is set to #1070000
[19:18:56][D][jomini_eventmanager.cpp:666]: >=== NAMESPACE > 'court_maintenance' is set to #1080000
[19:18:56][D][jomini_eventmanager.cpp:666]: >=== NAMESPACE > 'court_position_management_event' is set to #1090000
[19:18:56][D][jomini_eventmanager.cpp:666]: >=== NAMESPACE > 'easteregg_event' is set to #1100000
[19:18:56][D][jomini_eventmanager.cpp:666]: >=== NAMESPACE > 'clerical_chastity_vow' is set to #1110000
[19:18:56][D][jomini_eventmanager.cpp:666]: >=== NAMESPACE > 'global_religion' is set to #1120000
[19:18:56][D][jomini_eventmanager.cpp:666]: >=== NAMESPACE > 'global_culture' is set to #1130000
[19:18:56][D][jomini_eventmanager.cpp:619]: Loaded [1] events from 'events/clerical_chastity_vow_events.txt' 
[19:18:56][D][jomini_eventmanager.cpp:666]: >=== NAMESPACE > 'empire_faith_gate' is set to #1140000
[19:18:56][D][jomini_eventmanager.cpp:619]: Loaded [3] events from 'events/blackmail_events.txt' 
[19:18:56][D][jomini_eventmanager.cpp:619]: Loaded [2] events from 'events/easteregg_events.txt' 
[19:18:56][D][jomini_eventmanager.cpp:666]: >=== NAMESPACE > 'game_rule' is set to #1150000
[19:18:56][D][jomini_eventmanager.cpp:619]: Loaded [2] events from 'events/court_position_management_events.txt' 
[19:18:56][D][jomini_eventmanager.cpp:619]: Loaded [4] events from 'events/accolade_events.txt' 
[19:18:56][D][jomini_eventmanager.cpp:619]: Loaded [2] events from 'events/empire_faith_gate_events.txt' 
[19:18:56][D][jomini_eventmanager.cpp:619]: Loaded [7] events from 'events/error_suppression_events.txt' 
[19:18:56][D][jomini_eventmanager.cpp:619]: Loaded [7] events from 'events/elder_events.txt' 
[19:18:56][D][jomini_eventmanager.cpp:619]: Loaded [6] events from 'events/court_maintenance_events.txt' 
[19:18:56][D][jomini_eventmanager.cpp:666]: >=== NAMESPACE > 'bishop' is set to #1160000
[19:18:56][D][jomini_eventmanager.cpp:666]: >=== NAMESPACE > 'prison_notification' is set to #1170000
[19:18:56][D][jomini_eventmanager.cpp:666]: >=== NAMESPACE > 'adultery' is set to #1180000
[19:18:56][D][jomini_eventmanager.cpp:666]: >=== NAMESPACE > 'prison' is set to #1190000
[19:18:56][D][jomini_eventmanager.cpp:666]: >=== NAMESPACE > 'house_arrest_ongoing' is set to #1200000
[19:18:56][D][jomini_eventmanager.cpp:666]: >=== NAMESPACE > 'dungeon_ongoing' is set to #1210000
[19:18:56][D][jomini_eventmanager.cpp:619]: Loaded [8] events from 'events/prison_events/prison_notification_events.txt' 
[19:18:56][D][jomini_eventmanager.cpp:666]: >=== NAMESPACE > 'poetry' is set to #1220000
[19:18:56][D][jomini_eventmanager.cpp:619]: Loaded [16] events from 'events/global_culture_events.txt' 
[19:18:56][D][jomini_eventmanager.cpp:666]: >=== NAMESPACE > 'feast_default_jason' is set to #1230000
[19:18:56][D][jomini_eventmanager.cpp:666]: >=== NAMESPACE > 'feast_default_axel' is set to #1240000
[19:18:56][D][jomini_eventmanager.cpp:619]: Loaded [3] events from 'events/test_events/poetry_events.txt' 
[19:18:56][D][jomini_eventmanager.cpp:619]: Loaded [2] events from 'events/global_religion_events.txt' 
[19:18:57][D][jomini_eventmanager.cpp:619]: Loaded [1] events from 'events/activities/feast_activity/feast_default_events_axel.txt' 
[19:18:57][D][jomini_eventmanager.cpp:666]: >=== NAMESPACE > 'travel_events_mpo' is set to #1250000
[19:18:57][D][jomini_eventmanager.cpp:619]: Loaded [5] events from 'events/prison_events/house_arrest_ongoing_events.txt' 
[19:18:57][D][jomini_eventmanager.cpp:666]: >=== NAMESPACE > 'martial_strategy' is set to #1260000
[19:18:57][D][jomini_eventmanager.cpp:619]: Loaded [1] events from 'events/activities/feast_activity/feast_default_events_jason.txt' 
[19:18:57][D][jomini_eventmanager.cpp:666]: >=== NAMESPACE > 'martial_chivalry' is set to #1270000
[19:18:57][D][jomini_eventmanager.cpp:619]: Loaded [18] events from 'events/bookmark_events.txt' 
[19:18:57][D][jomini_eventmanager.cpp:666]: >=== NAMESPACE > 'martial_authority' is set to #1280000
[19:18:57][D][jomini_eventmanager.cpp:619]: Loaded [2] events from 'events/travel_events/travel_events_mpo.txt' 
[19:18:57][D][jomini_eventmanager.cpp:666]: >=== NAMESPACE > 'travel_danger_events' is set to #1290000
[19:18:57][D][jomini_eventmanager.cpp:619]: Loaded [7] events from 'events/relations_events/bishop_events.txt' 
[19:18:57][D][jomini_eventmanager.cpp:619]: Loaded [19] events from 'events/prison_events/dungeon_ongoing_events.txt' 
[19:18:57][D][jomini_eventmanager.cpp:666]: >=== NAMESPACE > 'feast_mkc' is set to #1300000
[19:18:57][D][jomini_eventmanager.cpp:619]: Loaded [1] events from 'events/activities/feast_activity/feast_events_mkc.txt' 
[19:18:57][D][jomini_eventmanager.cpp:619]: Loaded [3] events from 'events/lifestyles/warfare_lifestyle/martial_strategy_events_2.txt' 
[19:18:57][D][jomini_eventmanager.cpp:666]: >=== NAMESPACE > 'feast_events_tova' is set to #1310000
[19:18:57][D][jomini_eventmanager.cpp:619]: Loaded [1] events from 'events/activities/feast_activity/feast_events_tova.txt' 
[19:18:57][D][jomini_eventmanager.cpp:619]: Loaded [25] events from 'events/prison_events/prison_events.txt' 
[19:18:57][D][jomini_eventmanager.cpp:666]: >=== NAMESPACE > 'feast_default' is set to #1320000
[19:18:57][D][jomini_eventmanager.cpp:666]: >=== NAMESPACE > 'feast' is set to #1330000
[19:18:57][D][jomini_eventmanager.cpp:619]: Loaded [3] events from 'events/lifestyles/warfare_lifestyle/martial_authority_events_2.txt' 
[19:18:57][D][jomini_eventmanager.cpp:666]: >=== NAMESPACE > 'travel_completion_event' is set to #1340000
[19:18:57][D][jomini_eventmanager.cpp:666]: >=== NAMESPACE > 'wanderer_lifestyle_events' is set to #1350000
[19:18:57][D][jomini_eventmanager.cpp:666]: >=== NAMESPACE > 'destination_events' is set to #1360000
[19:18:57][D][jomini_eventmanager.cpp:619]: Loaded [1] events from 'events/travel_events/travel_completion_events.txt' 
[19:18:57][D][jomini_eventmanager.cpp:619]: Loaded [18] events from 'events/bp1_dan_events.txt' 
[19:18:57][D][jomini_eventmanager.cpp:666]: >=== NAMESPACE > 'diplomacy_majesty' is set to #1370000
[19:18:57][D][jomini_eventmanager.cpp:619]: Loaded [4] events from 'events/lifestyles/wanderer_lifestyle/wanderer_destination_events.txt' 
[19:18:57][D][jomini_eventmanager.cpp:666]: >=== NAMESPACE > 'diplomacy_generic' is set to #1380000
[19:18:57][D][jomini_eventmanager.cpp:666]: >=== NAMESPACE > 'diplomacy_foreign' is set to #1390000
[19:18:57][D][jomini_eventmanager.cpp:619]: Loaded [24] events from 'events/relations_events/adultery_events.txt' 
[19:18:57][D][jomini_eventmanager.cpp:619]: Loaded [6] events from 'events/travel_events/travel_danger_events_klank.txt' 
[19:18:57][D][jomini_eventmanager.cpp:666]: >=== NAMESPACE > 'court_yearly' is set to #1400000
[19:18:57][D][jomini_eventmanager.cpp:666]: >=== NAMESPACE > 'martial_strategy_special' is set to #1410000
[19:18:57][D][jomini_eventmanager.cpp:619]: Loaded [6] events from 'events/lifestyles/wanderer_lifestyle/wanderer_generic_events.txt' 
[19:18:57][D][jomini_eventmanager.cpp:666]: >=== NAMESPACE > 'feast_tsagaan_sar_events' is set to #1420000
[19:18:57][D][jomini_eventmanager.cpp:666]: >=== NAMESPACE > 'stress_threshold' is set to #1430000
[19:18:57][D][jomini_eventmanager.cpp:619]: Loaded [9] events from 'events/activities/feast_activity/murder_feast_events.txt' 
[19:18:57][D][jomini_eventmanager.cpp:666]: >=== NAMESPACE > 'peasant_affair' is set to #1440000
[19:18:57][D][jomini_eventmanager.cpp:666]: >=== NAMESPACE > 'murders_at_court' is set to #1450000
[19:18:57][D][jomini_eventmanager.cpp:666]: >=== NAMESPACE > 'tax_rivalry' is set to #1460000
[19:18:57][D][jomini_eventmanager.cpp:666]: >=== NAMESPACE > 'pet_animal' is set to #1470000
[19:18:57][D][jomini_eventmanager.cpp:666]: >=== NAMESPACE > 'party_baron' is set to #1480000
[19:18:57][D][jomini_eventmanager.cpp:619]: Loaded [4] events from 'events/lifestyles/statecraft_lifestyle/diplomacy_generic_events.txt' 
[19:18:57][D][jomini_eventmanager.cpp:619]: Loaded [33] events from 'events/birth_events.txt' 
[19:18:57][D][jomini_eventmanager.cpp:666]: >=== NAMESPACE > 'diplomacy_foreign_special' is set to #1490000
[19:18:57][D][jomini_eventmanager.cpp:666]: >=== NAMESPACE > 'diplomacy_majesty_special' is set to #1500000
[19:18:57][D][jomini_eventmanager.cpp:666]: >=== NAMESPACE > 'infidelity_confrontation' is set to #1510000
[19:18:57][D][jomini_eventmanager.cpp:666]: >=== NAMESPACE > 'mongol_invasion' is set to #1520000
[19:18:57][D][jomini_eventmanager.cpp:619]: Loaded [27] events from 'events/lifestyles/warfare_lifestyle/martial_strategy_events.txt' 
[19:18:57][D][jomini_eventmanager.cpp:666]: >=== NAMESPACE > 'martial_chivalry_special' is set to #1530000
[19:18:57][D][jomini_eventmanager.cpp:666]: >=== NAMESPACE > 'hunt_mystical_animal' is set to #1540000
[19:18:57][D][jomini_eventmanager.cpp:619]: Loaded [18] events from 'events/story_cycles/story_cycle_tax_rivalry_events.txt' 
[19:18:57][D][jomini_eventmanager.cpp:619]: Loaded [21] events from 'events/story_cycles/story_cycle_party_baron_events.txt' 
[19:18:57][D][jomini_eventmanager.cpp:619]: Loaded [8] events from 'events/board_game_events.txt' 
[19:18:57][D][jomini_eventmanager.cpp:619]: Loaded [18] events from 'events/story_cycles/story_cycle_mongol_invasion_events.txt' 
[19:18:57][D][jomini_eventmanager.cpp:666]: >=== NAMESPACE > 'extra_martial_chivalry' is set to #1550000
[19:18:57][D][jomini_eventmanager.cpp:619]: Loaded [40] events from 'events/lifestyles/warfare_lifestyle/martial_chivalry_events.txt' 
[19:18:57][D][jomini_eventmanager.cpp:666]: >=== NAMESPACE > 'conqueror' is set to #1560000
[19:18:57][D][jomini_eventmanager.cpp:619]: Loaded [10] events from 'events/story_cycles/peasant_affair/story_cycle_peasant_affair_events.txt' 
[19:18:57][D][jomini_eventmanager.cpp:666]: >=== NAMESPACE > 'slavic_rite' is set to #1570000
[19:18:57][D][jomini_eventmanager.cpp:666]: >=== NAMESPACE > 'almohad' is set to #1580000
[19:18:57][D][jomini_eventmanager.cpp:619]: Loaded [11] events from 'events/story_cycles/story_cycle_hunt_mystical_animal_events.txt' 
[19:18:57][D][jomini_eventmanager.cpp:666]: >=== NAMESPACE > 'hasan_sabbah' is set to #1590000
[19:18:57][D][jomini_eventmanager.cpp:666]: >=== NAMESPACE > 'bell_special_yearly' is set to #1600000
[19:18:57][D][jomini_eventmanager.cpp:619]: Loaded [20] events from 'events/story_cycles/murders_at_court/story_cycle_murders_at_court_events.txt' 
[19:18:57][D][jomini_eventmanager.cpp:619]: Loaded [9] events from 'events/story_cycles/story_cycle_infidelity_confrontation_events.txt' 
[19:18:57][D][jomini_eventmanager.cpp:619]: Loaded [8] events from 'events/story_cycles/story_cycle_almohad_events.txt' 
[19:18:57][D][jomini_eventmanager.cpp:666]: >=== NAMESPACE > 'cid' is set to #1610000
[19:18:57][D][jomini_eventmanager.cpp:666]: >=== NAMESPACE > 'debug_story_test_event' is set to #1620000
[19:18:57][D][jomini_eventmanager.cpp:619]: Loaded [22] events from 'events/lifestyles/statecraft_lifestyle/diplomacy_majesty_events.txt' 
[19:18:57][D][jomini_eventmanager.cpp:619]: Loaded [1] events from 'events/story_cycles/debug_story_cycle_test_events.txt' 
[19:18:57][D][jomini_eventmanager.cpp:666]: >=== NAMESPACE > 'natural_disaster' is set to #1630000
[19:18:57][D][jomini_eventmanager.cpp:619]: Loaded [7] events from 'events/story_cycles/fp2_story_cycle_bell_of_huesca.txt' 
[19:18:57][D][jomini_eventmanager.cpp:666]: >=== NAMESPACE > 'mpo_the_great_steppe' is set to #1640000
[19:18:57][D][jomini_eventmanager.cpp:666]: >=== NAMESPACE > 'secrets' is set to #1650000
[19:18:57][D][jomini_eventmanager.cpp:666]: >=== NAMESPACE > 'debug_situation' is set to #1660000
[19:18:57][D][jomini_eventmanager.cpp:619]: Loaded [11] events from 'events/story_cycles/pam_story_cycle_slavic_rite_events.txt' 
[19:18:57][D][jomini_eventmanager.cpp:619]: Loaded [4] events from 'events/situation_events/debug.txt' 
[19:18:57][D][jomini_eventmanager.cpp:619]: Loaded [11] events from 'events/story_cycles/story_cycle_conqueror_events.txt' 
[19:18:57][D][jomini_eventmanager.cpp:619]: Loaded [8] events from 'events/story_cycles/ep3_story_cycle_hasan.txt' 
[19:18:57][D][jomini_eventmanager.cpp:666]: >=== NAMESPACE > 'secret_bastard' is set to #1670000
[19:18:57][D][jomini_eventmanager.cpp:619]: Loaded [39] events from 'events/game_rule_events.txt' 
[19:18:57][D][jomini_eventmanager.cpp:619]: Loaded [3] events from 'events/situation_events/mpo_the_great_steppe_events.txt' 
[19:18:57][D][jomini_eventmanager.cpp:666]: >=== NAMESPACE > 'sway_outcome' is set to #1680000
[19:18:57][D][jomini_eventmanager.cpp:666]: >=== NAMESPACE > 'sway_ongoing' is set to #1690000
[19:18:57][D][jomini_eventmanager.cpp:666]: >=== NAMESPACE > 'study_faith_outcome' is set to #1700000
[19:18:57][D][jomini_eventmanager.cpp:666]: >=== NAMESPACE > 'study_scripture_outcome' is set to #1710000
[19:18:57][D][jomini_eventmanager.cpp:666]: >=== NAMESPACE > 'study_faith_ongoing' is set to #1720000
[19:18:57][D][jomini_eventmanager.cpp:666]: >=== NAMESPACE > 'study_confucian_classics_outcome' is set to #1730000
[19:18:57][D][jomini_eventmanager.cpp:666]: >=== NAMESPACE > 'steal_herd_outcome' is set to #1740000
[19:18:57][D][jomini_eventmanager.cpp:666]: >=== NAMESPACE > 'steal_herd_ongoing' is set to #1750000
[19:18:57][D][jomini_eventmanager.cpp:619]: Loaded [18] events from 'events/secret_events/secret_bastard_events.txt' 
[19:18:57][D][jomini_eventmanager.cpp:619]: Loaded [13] events from 'events/story_cycles/ep3_story_cycle_el_cid.txt' 
[19:18:57][D][jomini_eventmanager.cpp:619]: Loaded [8] events from 'events/scheme_events/sway_scheme/sway_outcome_events.txt' 
[19:18:57][D][jomini_eventmanager.cpp:619]: Loaded [34] events from 'events/lifestyles/statecraft_lifestyle/diplomacy_foreign_events.txt' 
[19:18:57][D][jomini_eventmanager.cpp:619]: Loaded [2] events from 'events/scheme_events/steal_herd_scheme/steal_herd_ongoing_events.txt' 
[19:18:57][D][jomini_eventmanager.cpp:619]: Loaded [23] events from 'events/activities/feast_activity/main_events/feast_tsagaan_sar_events.txt' 
[19:18:57][D][jomini_eventmanager.cpp:619]: Loaded [6] events from 'events/scheme_events/steal_herd_scheme/steal_herd_outcome_events.txt' 
[19:18:57][D][jomini_eventmanager.cpp:666]: >=== NAMESPACE > 'steal_back_artifact_ongoing' is set to #1760000
[19:18:57][D][jomini_eventmanager.cpp:666]: >=== NAMESPACE > 'steal_back_artifact_outcome' is set to #1770000
[19:18:57][D][jomini_eventmanager.cpp:666]: >=== NAMESPACE > 'seduce_outcome' is set to #1780000
[19:18:57][D][jomini_eventmanager.cpp:619]: Loaded [12] events from 'events/scheme_events/study_faith_scheme/study_faith_outcome_events.txt' 
[19:18:57][D][jomini_eventmanager.cpp:619]: Loaded [35] events from 'events/situation_events/tgp_natural_disaster_events.txt' 
[19:18:57][D][jomini_eventmanager.cpp:619]: Loaded [8] events from 'events/scheme_events/sway_scheme/sway_ongoing_events.txt' 
[19:18:57][D][jomini_eventmanager.cpp:619]: Loaded [3] events from 'events/scheme_events/steal_back_artifact_scheme/steal_back_artifact_outcome_events.txt' 
[19:18:57][D][jomini_eventmanager.cpp:619]: Loaded [26] events from 'events/yearly_events/court_yearly_events.txt' 
[19:18:57][D][jomini_eventmanager.cpp:666]: >=== NAMESPACE > 'seduce_ongoing' is set to #1790000
[19:18:57][D][jomini_eventmanager.cpp:619]: Loaded [1] events from 'events/scheme_events/steal_back_artifact_scheme/steal_back_artifact_ongoing_events.txt' 
[19:18:57][D][jomini_eventmanager.cpp:666]: >=== NAMESPACE > 'murder_scheme_maintenance' is set to #1800000
[19:18:57][D][jomini_eventmanager.cpp:666]: >=== NAMESPACE > 'murder_save' is set to #1810000
[19:18:57][D][jomini_eventmanager.cpp:666]: >=== NAMESPACE > 'murder_outcome_reworked' is set to #1820000
[19:18:57][D][jomini_eventmanager.cpp:619]: Loaded [1] events from 'events/scheme_events/murder_scheme/murder_scheme_maintenance_events.txt' 
[19:18:57][D][jomini_eventmanager.cpp:666]: >=== NAMESPACE > 'murder_outcome' is set to #1830000
[19:18:57][D][jomini_eventmanager.cpp:619]: Loaded [69] events from 'events/story_cycles/story_cycle_pet_animal_events.txt' 
[19:18:57][D][jomini_eventmanager.cpp:619]: Loaded [22] events from 'events/scheme_events/study_confucian_classics_scheme/study_confucian_classics_events.txt' 
[19:18:57][D][jomini_eventmanager.cpp:666]: >=== NAMESPACE > 'assassination_ongoing' is set to #1840000
[19:18:57][D][jomini_eventmanager.cpp:666]: >=== NAMESPACE > 'test_activity_events' is set to #1850000
[19:18:57][D][jomini_eventmanager.cpp:666]: >=== NAMESPACE > 'murder_ongoing' is set to #1860000
[19:18:57][D][jomini_eventmanager.cpp:666]: >=== NAMESPACE > 'disbelieve_mandala_ongoing' is set to #1870000
[19:18:57][D][jomini_eventmanager.cpp:619]: Loaded [2] events from 'events/scheme_events/murder_scheme/murder_outcome_events.txt' 
[19:18:57][D][jomini_eventmanager.cpp:666]: >=== NAMESPACE > 'tournament_events' is set to #1880000
[19:18:57][D][jomini_eventmanager.cpp:619]: Loaded [6] events from 'events/test_events/test_activity_events.txt' 
[19:18:57][D][jomini_eventmanager.cpp:619]: Loaded [3] events from 'events/scheme_events/murder_scheme/murder_ongoing_events.txt' 
[19:18:57][D][jomini_eventmanager.cpp:619]: Loaded [2] events from 'events/scheme_events/mandala_schemes/disbelieve_mandala_scheme_events.txt' 
[19:18:57][D][jomini_eventmanager.cpp:666]: >=== NAMESPACE > 'travel_events_oltner_2' is set to #1890000
[19:18:57][D][jomini_eventmanager.cpp:666]: >=== NAMESPACE > 'learn_language_ongoing' is set to #1900000
[19:18:57][D][jomini_eventmanager.cpp:666]: >=== NAMESPACE > 'fabricate_hook_outcome' is set to #1910000
[19:18:57][D][jomini_eventmanager.cpp:666]: >=== NAMESPACE > 'fabricate_hook_ongoing' is set to #1920000
[19:18:57][D][jomini_eventmanager.cpp:666]: >=== NAMESPACE > 'elope' is set to #1930000
[19:18:57][D][jomini_eventmanager.cpp:666]: >=== NAMESPACE > 'court_outcome' is set to #1940000
[19:18:57][D][jomini_eventmanager.cpp:666]: >=== NAMESPACE > 'court_chaplain_task' is set to #1950000
[19:18:57][D][jomini_eventmanager.cpp:619]: Loaded [7] events from 'events/scheme_events/murder_scheme/assassination_ongoing_events.txt' 
[19:18:57][D][jomini_eventmanager.cpp:619]: Loaded [8] events from 'events/scheme_events/fabricate_hook_scheme/fabricate_hook_outcome_events.txt' 
[19:18:57][D][jomini_eventmanager.cpp:619]: Loaded [5] events from 'events/scheme_events/fabricate_hook_scheme/fabricate_hook_ongoing_events.txt' 
[19:18:57][D][jomini_eventmanager.cpp:619]: Loaded [30] events from 'events/scheme_events/murder_scheme/murder_save_events.txt' 
[19:18:57][D][jomini_eventmanager.cpp:619]: Loaded [34] events from 'events/scheme_events/study_scripture_scheme/study_scripture_events.txt' 
[19:18:57][D][jomini_eventmanager.cpp:619]: Loaded [24] events from 'events/scheme_events/study_faith_scheme/study_faith_ongoing_events.txt' 
[19:18:57][D][jomini_eventmanager.cpp:619]: Loaded [9] events from 'events/scheme_events/elope_scheme/elope_scheme_events.txt' 
[19:18:57][D][jomini_eventmanager.cpp:666]: >=== NAMESPACE > 'kurultai_task' is set to #1960000
[19:18:57][D][jomini_eventmanager.cpp:666]: >=== NAMESPACE > 'befriend_ongoing_rival' is set to #1970000
[19:18:57][D][jomini_eventmanager.cpp:666]: >=== NAMESPACE > 'befriend_ongoing' is set to #1980000
[19:18:57][D][jomini_eventmanager.cpp:619]: Loaded [11] events from 'events/scheme_events/court_scheme/court_scheme_outcome_events.txt' 
[19:18:57][D][jomini_eventmanager.cpp:619]: Loaded [53] events from 'events/secret_events/secrets_events.txt' 
[19:18:57][D][jomini_eventmanager.cpp:666]: >=== NAMESPACE > 'befriend_ongoing_dislike' is set to #1990000
[19:18:57][D][jomini_eventmanager.cpp:666]: >=== NAMESPACE > 'governor_contract_events_tova' is set to #2000000
[19:18:57][D][jomini_eventmanager.cpp:619]: Loaded [7] events from 'events/travel_events/travel_danger_events_oltner.txt' 
[19:18:57][D][jomini_eventmanager.cpp:666]: >=== NAMESPACE > 'abduct_outcome' is set to #2010000
[19:18:57][D][jomini_eventmanager.cpp:619]: Loaded [9] events from 'events/scheme_events/befriend_scheme/befriend_ongoing_rival_events.txt' 
[19:18:57][D][jomini_eventmanager.cpp:619]: Loaded [9] events from 'events/activities/tournaments/passive_tournament_events_oltner.txt' 
[19:18:57][D][jomini_eventmanager.cpp:666]: >=== NAMESPACE > 'scheme_critical_moments' is set to #2020000
[19:18:57][D][jomini_eventmanager.cpp:619]: Loaded [25] events from 'events/councillor_task_events/court_chaplain_task_events.txt' 
[19:18:57][D][jomini_eventmanager.cpp:666]: >=== NAMESPACE > 'yearly' is set to #2030000
[19:18:57][D][jomini_eventmanager.cpp:666]: >=== NAMESPACE > 'stress_threshold_prison' is set to #2040000
[19:18:57][D][jomini_eventmanager.cpp:619]: Loaded [12] events from 'events/scheme_events/befriend_scheme/befriend_ongoing_dislike_events.txt' 
[19:18:57][D][jomini_eventmanager.cpp:619]: Loaded [12] events from 'events/scheme_events/adbuct_scheme/abduct_outcome_events.txt' 
[19:18:57][D][jomini_eventmanager.cpp:666]: >=== NAMESPACE > 'lyd' is set to #2050000
[19:18:57][D][jomini_eventmanager.cpp:619]: Loaded [48] events from 'events/councillor_task_events/kurultai_task_events.txt' 
[19:18:57][D][jomini_eventmanager.cpp:666]: >=== NAMESPACE > 'harm' is set to #2060000
[19:18:57][D][jomini_eventmanager.cpp:666]: >=== NAMESPACE > 'health' is set to #2070000
[19:18:57][D][jomini_eventmanager.cpp:619]: Loaded [5] events from 'events/lyd_c3_leadership_events.txt' 
[19:18:57][D][jomini_eventmanager.cpp:666]: >=== NAMESPACE > 'historical_char_creation_events' is set to #2080000
[19:18:57][D][jomini_eventmanager.cpp:619]: Loaded [48] events from 'events/scheme_events/seduce_scheme/seduce_scheme_outcome_events.txt' 
[19:18:57][D][jomini_eventmanager.cpp:666]: >=== NAMESPACE > 'lyd_r3_fixture' is set to #2090000
[19:18:57][D][jomini_eventmanager.cpp:619]: Loaded [2] events from 'events/lyd_r3_fixture_events.txt' 
[19:18:57][D][jomini_eventmanager.cpp:619]: Loaded [12] events from 'events/lyd_c2_consent_events.txt' 
[19:18:57][D][jomini_eventmanager.cpp:666]: >=== NAMESPACE > 'lyd_r4_fixture' is set to #2100000
[19:18:57][D][jomini_eventmanager.cpp:666]: >=== NAMESPACE > 'jester' is set to #2110000
[19:18:57][D][jomini_eventmanager.cpp:619]: Loaded [10] events from 'events/travel_events/travel_danger_events.txt' 
[19:18:57][D][jomini_eventmanager.cpp:619]: Loaded [5] events from 'events/lyd_r4_fixture_events.txt' 
[19:18:57][D][jomini_eventmanager.cpp:619]: Loaded [14] events from 'events/scheme_events/tgp_governor_contract_events_tova.txt' 
[19:18:57][D][jomini_eventmanager.cpp:619]: Loaded [2] events from 'events/historical_character_events.txt' 
[19:18:57][D][jomini_eventmanager.cpp:619]: Loaded [21] events from 'events/scheme_events/learn_language_scheme/learn_language_ongoing_events.txt' 
[19:18:57][D][jomini_eventmanager.cpp:666]: >=== NAMESPACE > 'marriage_effect' is set to #2120000
[19:18:57][D][jomini_eventmanager.cpp:666]: >=== NAMESPACE > 'mpo_chaotic_kurultai_succession' is set to #2130000
[19:18:57][D][jomini_eventmanager.cpp:666]: >=== NAMESPACE > 'mpo_special_flavor_events' is set to #2140000
[19:18:57][D][jomini_eventmanager.cpp:619]: Loaded [12] events from 'events/stress_events/stress_threshold_prison_events.txt' 
[19:18:57][D][jomini_eventmanager.cpp:666]: >=== NAMESPACE > 'misc' is set to #2150000
[19:18:57][D][jomini_eventmanager.cpp:619]: Loaded [1] events from 'events/misc_events.txt' 
[19:18:57][D][jomini_eventmanager.cpp:619]: Loaded [1] events from 'events/mpo_flavor_events.txt' 
[19:18:57][D][jomini_eventmanager.cpp:666]: >=== NAMESPACE > 'mpo_misc' is set to #2160000
[19:18:57][D][jomini_eventmanager.cpp:666]: >=== NAMESPACE > 'pregnancy' is set to #2170000
[19:18:57][D][jomini_eventmanager.cpp:666]: >=== NAMESPACE > 'siege' is set to #2180000
[19:18:57][D][jomini_eventmanager.cpp:666]: >=== NAMESPACE > 'secret_faith' is set to #2190000
[19:18:57][D][jomini_eventmanager.cpp:619]: Loaded [64] events from 'events/scheme_events/murder_scheme/murder_outcome_reworked_events.txt' 
[19:18:57][D][jomini_eventmanager.cpp:666]: >=== NAMESPACE > 'realm_maintenance' is set to #2200000
[19:18:57][D][jomini_eventmanager.cpp:619]: Loaded [2] events from 'events/mpo_misc.txt' 
[19:18:57][D][jomini_eventmanager.cpp:619]: Loaded [3] events from 'events/secret_faith_events.txt' 
[19:18:57][D][jomini_eventmanager.cpp:619]: Loaded [10] events from 'events/marriage_effect_events.txt' 
[19:18:57][D][jomini_eventmanager.cpp:619]: Loaded [9] events from 'events/yearly_events/yearly_events.txt' 
[19:18:57][D][jomini_eventmanager.cpp:619]: Loaded [6] events from 'events/realm_maintenance_events.txt' 
[19:18:57][D][jomini_eventmanager.cpp:619]: Loaded [15] events from 'events/jester_stress_relief_events.txt' 
[19:18:57][D][jomini_eventmanager.cpp:666]: >=== NAMESPACE > 'tutorial' is set to #2210000
[19:18:57][D][jomini_eventmanager.cpp:666]: >=== NAMESPACE > 'title_event' is set to #2220000
[19:18:57][D][jomini_eventmanager.cpp:666]: >=== NAMESPACE > 'single_combat' is set to #2230000
[19:18:57][D][jomini_eventmanager.cpp:666]: >=== NAMESPACE > 'varangian' is set to #2240000
[19:18:57][D][jomini_eventmanager.cpp:619]: Loaded [4] events from 'events/tutorial_events.txt' 
[19:18:57][D][jomini_eventmanager.cpp:666]: >=== NAMESPACE > 'witch' is set to #2250000
[19:18:57][D][jomini_eventmanager.cpp:619]: Loaded [43] events from 'events/lyd_events.txt' 
[19:18:57][D][jomini_eventmanager.cpp:666]: >=== NAMESPACE > 'activity_system' is set to #2260000
[19:18:57][D][jomini_eventmanager.cpp:666]: >=== NAMESPACE > 'chariot_race' is set to #2270000
[19:18:57][D][jomini_eventmanager.cpp:666]: >=== NAMESPACE > 'chariot_race_ongoing_jp' is set to #2280000
[19:18:57][D][jomini_eventmanager.cpp:619]: Loaded [29] events from 'events/pregnancy_events.txt' 
[19:18:57][D][jomini_eventmanager.cpp:619]: Loaded [15] events from 'events/siege_events.txt' 
[19:18:57][D][jomini_eventmanager.cpp:619]: Loaded [11] events from 'events/title_events.txt' 
[19:18:57][D][jomini_eventmanager.cpp:666]: >=== NAMESPACE > 'coronation_events' is set to #2290000
[19:18:57][D][jomini_eventmanager.cpp:619]: Loaded [1] events from 'events/activities/coronation_activity/coronation_events_02.txt' 
[19:18:57][D][jomini_eventmanager.cpp:619]: Loaded [20] events from 'events/varangian_events.txt' 
[19:18:57][D][jomini_eventmanager.cpp:619]: Loaded [26] events from 'events/activities/activity_system_events.txt' 
[19:18:57][D][jomini_eventmanager.cpp:619]: Loaded [25] events from 'events/travel_events/travel_events_oltner_2.txt' 
[19:18:57][D][jomini_eventmanager.cpp:619]: Loaded [21] events from 'events/mpo_chaotic_kurultai_succession.txt' 
[19:18:57][D][jomini_eventmanager.cpp:666]: >=== NAMESPACE > 'coronation_events_klank' is set to #2300000
[19:18:57][D][jomini_eventmanager.cpp:666]: >=== NAMESPACE > 'prelude_events' is set to #2310000
[19:18:57][D][jomini_eventmanager.cpp:666]: >=== NAMESPACE > 'guest_intent_coronation_events' is set to #2320000
[19:18:57][D][jomini_eventmanager.cpp:666]: >=== NAMESPACE > 'az_debate' is set to #2330000
[19:18:57][D][jomini_eventmanager.cpp:666]: >=== NAMESPACE > 'debate_event' is set to #2340000
[19:18:57][D][jomini_eventmanager.cpp:619]: Loaded [151] events from 'events/scheme_events/seduce_scheme/seduce_ongoing_events.txt' 
[19:18:57][D][jomini_eventmanager.cpp:666]: >=== NAMESPACE > 'ecumenical_council_summons_events' is set to #2350000
[19:18:57][D][jomini_eventmanager.cpp:666]: >=== NAMESPACE > 'ecumenical_council_events' is set to #2360000
[19:18:57][D][jomini_eventmanager.cpp:619]: Loaded [9] events from 'events/activities/chariot_race_activity/chariot_ongoing_events_jp.txt' 
[19:18:57][D][jomini_eventmanager.cpp:619]: Loaded [89] events from 'events/scheme_events/befriend_scheme/befriend_ongoing_events.txt' 
[19:18:57][D][jomini_eventmanager.cpp:619]: Loaded [35] events from 'events/stress_events/stress_threshold_events.txt' 
[19:18:57][D][jomini_eventmanager.cpp:666]: >=== NAMESPACE > 'ecumenical_council_events_josh' is set to #2370000
[19:18:57][D][jomini_eventmanager.cpp:666]: >=== NAMESPACE > 'pam_investiture_council_events' is set to #2380000
[19:18:57][D][jomini_eventmanager.cpp:619]: Loaded [34] events from 'events/witch_events.txt' 
[19:18:57][D][jomini_eventmanager.cpp:666]: >=== NAMESPACE > 'test_court_events' is set to #2390000
[19:18:57][D][jomini_eventmanager.cpp:619]: Loaded [11] events from 'events/activities/debate_activity/az_debate_events.txt' 
[19:18:57][D][jomini_eventmanager.cpp:619]: Loaded [3] events from 'events/test_events/test_court_events.txt' 
[19:18:57][D][jomini_eventmanager.cpp:619]: Loaded [14] events from 'events/activities/ecumenical_council_activity/pam_investiture_council_events.txt' 
[19:18:57][D][jomini_eventmanager.cpp:666]: >=== NAMESPACE > 'travel_events' is set to #2400000
[19:18:57][D][jomini_eventmanager.cpp:666]: >=== NAMESPACE > 'feast_default_joe' is set to #2410000
[19:18:57][D][jomini_eventmanager.cpp:666]: >=== NAMESPACE > 'feast_default_laurence' is set to #2420000
[19:18:57][D][jomini_eventmanager.cpp:619]: Loaded [13] events from 'events/activities/chariot_race_activity/chariot_race_events.txt' 
[19:18:57][D][jomini_eventmanager.cpp:619]: Loaded [1] events from 'events/activities/feast_activity/feast_default_events_joe.txt' 
[19:18:57][D][jomini_eventmanager.cpp:619]: Loaded [68] events from 'events/harm_events.txt' 
[19:18:57][D][jomini_eventmanager.cpp:619]: Loaded [3] events from 'events/activities/feast_activity/feast_default_events_laurence.txt' 
[19:18:57][D][jomini_eventmanager.cpp:619]: Loaded [10] events from 'events/activities/ecumenical_council_activity/pam_ecumemincal_council_summons_events.txt' 
[19:18:57][D][jomini_eventmanager.cpp:666]: >=== NAMESPACE > 'feast_events_ewan' is set to #2430000
[19:18:57][D][jomini_eventmanager.cpp:666]: >=== NAMESPACE > 'feast_events_flavor' is set to #2440000
[19:18:57][D][jomini_eventmanager.cpp:619]: Loaded [7] events from 'events/activities/coronation_activity/guest_intent_coronation_events.txt' 
[19:18:57][D][jomini_eventmanager.cpp:619]: Loaded [16] events from 'events/activities/coronation_activity/coronation_events.txt' 
[19:18:57][D][jomini_eventmanager.cpp:666]: >=== NAMESPACE > 'feast_events_klank' is set to #2450000
[19:18:57][D][jomini_eventmanager.cpp:619]: Loaded [153] events from 'events/scheme_events/scheme_critical_moments_events.txt' 
[19:18:57][D][jomini_eventmanager.cpp:619]: Loaded [18] events from 'events/activities/debate_activity/debate_events.txt' 
[19:18:57][D][jomini_eventmanager.cpp:619]: Loaded [1] events from 'events/activities/feast_activity/feast_events_klank.txt' 
[19:18:57][D][jomini_eventmanager.cpp:619]: Loaded [16] events from 'events/activities/coronation_activity/coronation_events_klank.txt' 
[19:18:57][D][jomini_eventmanager.cpp:619]: Loaded [11] events from 'events/activities/ecumenical_council_activity/pam_ecumenical_council_events_josh.txt' 
[19:18:57][D][jomini_eventmanager.cpp:666]: >=== NAMESPACE > 'destiny_child' is set to #2460000
[19:18:57][D][jomini_eventmanager.cpp:619]: Loaded [2] events from 'events/activities/feast_activity/feast_events_flavor.txt' 
[19:18:57][D][jomini_eventmanager.cpp:666]: >=== NAMESPACE > 'feast_default_alex' is set to #2470000
[19:18:57][D][jomini_eventmanager.cpp:666]: >=== NAMESPACE > 'feast_lifestyle' is set to #2480000
[19:18:57][D][jomini_eventmanager.cpp:666]: >=== NAMESPACE > 'feast_main_befriend' is set to #2490000
[19:18:57][D][jomini_eventmanager.cpp:666]: >=== NAMESPACE > 'feast_main_live_fowl' is set to #2500000
[19:18:57][D][jomini_eventmanager.cpp:666]: >=== NAMESPACE > 'feast_main_stable_breakin' is set to #2510000
[19:18:57][D][jomini_eventmanager.cpp:666]: >=== NAMESPACE > 'feast_main_stew_flood' is set to #2520000
[19:18:57][D][jomini_eventmanager.cpp:619]: Loaded [14] events from 'events/activities/chariot_race_activity/chariot_race_ongoing_events.txt' 
[19:18:57][D][jomini_eventmanager.cpp:619]: Loaded [2] events from 'events/activities/feast_activity/main_events/feast_default_events_alex.txt' 
[19:18:57][D][jomini_eventmanager.cpp:619]: Loaded [1] events from 'events/travel_events/travel_danger_events_ariana.txt' 
[19:18:57][D][jomini_eventmanager.cpp:619]: Loaded [20] events from 'events/activities/coronation_activity/prelude_events.txt' 
[19:18:57][D][jomini_eventmanager.cpp:619]: Loaded [13] events from 'events/activities/feast_activity/main_events/feast_main_live_fowl_events.txt' 
[19:18:57][D][jomini_eventmanager.cpp:619]: Loaded [11] events from 'events/activities/feast_activity/main_events/feast_main_befriend_events.txt' 
[19:18:57][D][jomini_eventmanager.cpp:666]: >=== NAMESPACE > 'festival' is set to #2530000
[19:18:57][D][jomini_eventmanager.cpp:619]: Loaded [12] events from 'events/activities/feast_activity/main_events/feast_main_stable_breakin_events.txt' 
[19:18:57][D][jomini_eventmanager.cpp:619]: Loaded [9] events from 'events/activities/feast_activity/main_events/feast_lifestyle_events.txt' 
[19:18:57][D][jomini_eventmanager.cpp:619]: Loaded [11] events from 'events/activities/feast_activity/main_events/feast_main_stew_flood_events.txt' 
[19:18:57][D][jomini_eventmanager.cpp:619]: Loaded [5] events from 'events/activities/feast_activity/feast_events_ewan.txt' 
[19:18:57][D][jomini_eventmanager.cpp:619]: Loaded [10] events from 'events/dlc/bp2/bp2_child_of_destiny_events.txt' 
[19:18:57][D][jomini_eventmanager.cpp:666]: >=== NAMESPACE > 'funeral' is set to #2540000
[19:18:57][D][jomini_eventmanager.cpp:666]: >=== NAMESPACE > 'hold_court' is set to #2550000
[19:18:57][D][jomini_eventmanager.cpp:619]: Loaded [26] events from 'events/activities/feast_activity/feast_events.txt' 
[19:18:57][D][jomini_eventmanager.cpp:666]: >=== NAMESPACE > 'hunt_events_anna' is set to #2560000
[19:18:57][D][jomini_eventmanager.cpp:666]: >=== NAMESPACE > 'hunt' is set to #2570000
[19:18:57][D][jomini_eventmanager.cpp:666]: >=== NAMESPACE > 'mpo_hunt' is set to #2580000
[19:18:57][D][jomini_eventmanager.cpp:666]: >=== NAMESPACE > 'mpo_nerge' is set to #2590000
[19:18:57][D][jomini_eventmanager.cpp:666]: >=== NAMESPACE > 'tgp_hunt' is set to #2600000
[19:18:57][D][jomini_eventmanager.cpp:619]: Loaded [3] events from 'events/activities/hold_court_activity/hold_court_events_james.txt' 
[19:18:57][D][jomini_eventmanager.cpp:619]: Loaded [14] events from 'events/travel_events/travel_events.txt' 
[19:18:57][D][jomini_eventmanager.cpp:619]: Loaded [4] events from 'events/activities/hunt_activity/hunt_events_anna.txt' 
[19:18:57][D][jomini_eventmanager.cpp:666]: >=== NAMESPACE > 'az_examination' is set to #2610000
[19:18:57][D][jomini_eventmanager.cpp:666]: >=== NAMESPACE > 'emperor_imperial_examination' is set to #2620000
[19:18:57][D][jomini_eventmanager.cpp:666]: >=== NAMESPACE > 'imperial_examination' is set to #2630000
[19:18:57][D][jomini_eventmanager.cpp:619]: Loaded [104] events from 'events/health_events.txt' 
[19:18:57][D][jomini_eventmanager.cpp:619]: Loaded [7] events from 'events/activities/hunt_activity/mpo_hunt_events.txt' 
[19:18:57][D][jomini_eventmanager.cpp:619]: Loaded [9] events from 'events/activities/hunt_activity/tgp_hunt_events.txt' 
[19:18:57][D][jomini_eventmanager.cpp:666]: >=== NAMESPACE > 'imperial_examination_jay' is set to #2640000
[19:18:57][D][jomini_eventmanager.cpp:666]: >=== NAMESPACE > 'hajj' is set to #2650000
[19:18:57][D][jomini_eventmanager.cpp:666]: >=== NAMESPACE > 'petition_liege' is set to #2660000
[19:18:57][D][jomini_eventmanager.cpp:619]: Loaded [6] events from 'events/activities/hold_court_activity/hold_court_events_joe.txt' 
[19:18:57][D][jomini_eventmanager.cpp:619]: Loaded [23] events from 'events/travel_events/travel_events_veronica.txt' 
[19:18:57][D][jomini_eventmanager.cpp:619]: Loaded [10] events from 'events/activities/imperial_examination_activity/emperor_prep_phase_imperial_examination_events.txt' 
[19:18:57][D][jomini_eventmanager.cpp:666]: >=== NAMESPACE > 'pilgrimage' is set to #2670000
[19:18:57][D][jomini_eventmanager.cpp:619]: Loaded [34] events from 'events/activities/coronation_activity/coronation_events_1.txt' 
[19:18:57][D][jomini_eventmanager.cpp:666]: >=== NAMESPACE > 'pilgrimage_seasia' is set to #2680000
[19:18:57][D][jomini_eventmanager.cpp:666]: >=== NAMESPACE > 'pilgrimage_intent' is set to #2690000
[19:18:57][D][jomini_eventmanager.cpp:619]: Loaded [9] events from 'events/single_combat_events.txt' 
[19:18:57][D][jomini_eventmanager.cpp:619]: Loaded [23] events from 'events/activities/funeral_activity/funeral_events.txt' 
[19:18:57][D][jomini_eventmanager.cpp:619]: Loaded [9] events from 'events/activities/pilgrimage_activity/hajj_events.txt' 
[19:18:57][D][jomini_eventmanager.cpp:619]: Loaded [22] events from 'events/activities/hunt_activity/mpo_nerge_events.txt' 
[19:18:57][D][jomini_eventmanager.cpp:666]: >=== NAMESPACE > 'playdate' is set to #2700000
[19:18:57][D][jomini_eventmanager.cpp:619]: Loaded [22] events from 'events/activities/hunt_activity/jb_hunt_events.txt' 
[19:18:57][D][jomini_eventmanager.cpp:619]: Loaded [6] events from 'events/activities/imperial_examination_activity/imperial_examination_events_jay.txt' 
[19:18:57][D][jomini_eventmanager.cpp:666]: >=== NAMESPACE > 'az_tour' is set to #2710000
[19:18:57][D][jomini_eventmanager.cpp:619]: Loaded [20] events from 'events/activities/imperial_examination_activity/az_examination_events.txt' 
[19:18:57][D][jomini_eventmanager.cpp:666]: >=== NAMESPACE > 'tour_grounds_events' is set to #2720000
[19:18:57][D][jomini_eventmanager.cpp:666]: >=== NAMESPACE > 'tour_general' is set to #2730000
[19:18:57][D][jomini_eventmanager.cpp:619]: Loaded [2] events from 'events/activities/tour_activity/claudia_tour_grounds_events.txt' 
[19:18:57][D][jomini_eventmanager.cpp:619]: Loaded [7] events from 'events/activities/tour_activity/tour_general_events_james.txt' 
[19:18:57][D][jomini_eventmanager.cpp:619]: Loaded [15] events from 'events/activities/pilgrimage_activity/pilgrimage_intent_events.txt' 
[19:18:57][D][jomini_eventmanager.cpp:666]: >=== NAMESPACE > 'cultural_festival' is set to #2740000
[19:18:57][D][jomini_eventmanager.cpp:619]: Loaded [34] events from 'events/activities/festival_activity/festival_events.txt' 
[19:18:57][D][jomini_eventmanager.cpp:619]: Loaded [15] events from 'events/activities/pilgrimage_activity/pilgrimage_events_seasia.txt' 
[19:18:57][D][jomini_eventmanager.cpp:619]: Loaded [31] events from 'events/yearly_events/yearly_events_2.txt' 
[19:18:57][D][jomini_eventmanager.cpp:619]: Loaded [15] events from 'events/activities/tour_activity/az_tour_events.txt' 
[19:18:57][D][jomini_eventmanager.cpp:619]: Loaded [19] events from 'events/activities/coronation_activity/coronation_events_6.txt' 
[19:18:57][D][jomini_eventmanager.cpp:666]: >=== NAMESPACE > 'host_dinner_events' is set to #2750000
[19:18:57][D][jomini_eventmanager.cpp:619]: Loaded [9] events from 'events/activities/tour_activity/tour_grounds_events_chad.txt' 
[19:18:57][D][jomini_eventmanager.cpp:619]: Loaded [13] events from 'events/activities/tour_activity/tour_general_events.txt' 
[19:18:57][D][jomini_eventmanager.cpp:666]: >=== NAMESPACE > 'tour_travel' is set to #2760000
[19:18:57][D][jomini_eventmanager.cpp:619]: Loaded [13] events from 'events/activities/tour_activity/filippa_tour_general_events.txt' 
[19:18:57][D][jomini_eventmanager.cpp:619]: Loaded [13] events from 'events/activities/tour_activity/tour_phase_cultural_festival_james.txt' 
[19:18:57][D][jomini_eventmanager.cpp:619]: Loaded [24] events from 'events/activities/petition_liege_activity/petition_liege_events.txt' 
[19:18:57][D][jomini_eventmanager.cpp:619]: Loaded [4] events from 'events/activities/tour_activity/tour_travel_events_james.txt' 
[19:18:57][D][jomini_eventmanager.cpp:619]: Loaded [14] events from 'events/activities/tour_activity/tour_travel_events.txt' 
[19:18:57][D][jomini_eventmanager.cpp:619]: Loaded [37] events from 'events/activities/playdate_activity/playdate_events.txt' 
[19:18:57][D][jomini_eventmanager.cpp:619]: Loaded [12] events from 'events/activities/tour_activity/tour_travel_events_dan.txt' 
[19:18:57][D][jomini_eventmanager.cpp:666]: >=== NAMESPACE > 'contest_events' is set to #2770000
[19:18:57][D][jomini_eventmanager.cpp:619]: Loaded [53] events from 'events/activities/imperial_examination_activity/imperial_examination_events.txt' 
[19:18:57][D][jomini_eventmanager.cpp:619]: Loaded [67] events from 'events/activities/feast_activity/main_events/feast_default_events.txt' 
[19:18:57][D][jomini_eventmanager.cpp:666]: >=== NAMESPACE > 'ep2_locale_events' is set to #2780000
[19:18:57][D][jomini_eventmanager.cpp:666]: >=== NAMESPACE > 'jason_first_race_event' is set to #2790000
[19:18:57][D][jomini_eventmanager.cpp:619]: Loaded [1] events from 'events/activities/tournaments/james_tournament_events.txt' 
[19:18:57][D][jomini_eventmanager.cpp:666]: >=== NAMESPACE > 'jason_locale_events' is set to #2800000
[19:18:57][D][jomini_eventmanager.cpp:619]: Loaded [59] events from 'events/activities/ecumenical_council_activity/pam_ecumenical_council_events.txt' 
[19:18:57][D][jomini_eventmanager.cpp:619]: Loaded [1] events from 'events/activities/tournaments/jason_first_race_event.txt' 
[19:18:57][D][jomini_eventmanager.cpp:666]: >=== NAMESPACE > 'jason_race_events' is set to #2810000
[19:18:57][D][jomini_eventmanager.cpp:666]: >=== NAMESPACE > 'travel_start_event' is set to #2820000
[19:18:57][D][jomini_eventmanager.cpp:619]: Loaded [2] events from 'events/activities/tournaments/jason_race_events.txt' 
[19:18:57][D][jomini_eventmanager.cpp:619]: Loaded [4] events from 'events/activities/tournaments/jb_recital_contest_events.txt' 
[19:18:57][D][jomini_eventmanager.cpp:619]: Loaded [47] events from 'events/activities/tour_activity/tour_phase_tour_grounds.txt' 
[19:18:57][D][jomini_eventmanager.cpp:666]: >=== NAMESPACE > 'artifact' is set to #2830000
[19:18:57][D][jomini_eventmanager.cpp:619]: Loaded [46] events from 'events/activities/tour_activity/tour_phase_cultural_festival.txt' 
[19:18:57][D][jomini_eventmanager.cpp:619]: Loaded [5] events from 'events/activities/tournaments/jason_locale_events.txt' 
[19:18:57][D][jomini_eventmanager.cpp:619]: Loaded [16] events from 'events/travel_events/travel_start_events.txt' 
[19:18:57][D][jomini_eventmanager.cpp:619]: Loaded [8] events from 'events/activities/tournaments/veronica_local_events_2.txt' 
[19:18:57][D][jomini_eventmanager.cpp:666]: >=== NAMESPACE > 'historical_artifacts' is set to #2840000
[19:18:57][D][jomini_eventmanager.cpp:619]: Loaded [70] events from 'events/activities/tour_activity/tour_phase_host_a_dinner.txt' 
[19:18:57][D][jomini_eventmanager.cpp:666]: >=== NAMESPACE > 'chancellor_task' is set to #2850000
[19:18:57][D][jomini_eventmanager.cpp:619]: Loaded [3] events from 'events/artifacts/historical_artifacts_events.txt' 
[19:18:57][D][jomini_eventmanager.cpp:666]: >=== NAMESPACE > 'councillor_spouse_background' is set to #2860000
[19:18:57][D][jomini_eventmanager.cpp:619]: Loaded [11] events from 'events/activities/tournaments/veronica_locale_events.txt' 
[19:18:57][D][jomini_eventmanager.cpp:619]: Loaded [105] events from 'events/activities/pilgrimage_activity/pilgrimage_events.txt' 
[19:18:57][D][jomini_eventmanager.cpp:619]: Loaded [1] events from 'events/councillor_task_events/councillor_spouse_background_events.txt' 
[19:18:57][D][jomini_eventmanager.cpp:619]: Loaded [1] events from 'events/travel_events/travel_events_bjorn.txt' 
[19:18:58][D][jomini_eventmanager.cpp:666]: >=== NAMESPACE > 'marshal_task' is set to #2870000
[19:18:58][D][jomini_eventmanager.cpp:619]: Loaded [31] events from 'events/artifacts/artifact_events.txt' 
[19:18:58][D][jomini_eventmanager.cpp:666]: >=== NAMESPACE > 'spymaster_task' is set to #2880000
[19:18:58][D][jomini_eventmanager.cpp:666]: >=== NAMESPACE > 'steward_task' is set to #2890000
[19:18:58][D][jomini_eventmanager.cpp:666]: >=== NAMESPACE > 'councillor_spouse_intrigue' is set to #2900000
[19:18:58][D][jomini_eventmanager.cpp:666]: >=== NAMESPACE > 'councillor_spouse_diplomacy' is set to #2910000
[19:18:58][D][jomini_eventmanager.cpp:619]: Loaded [43] events from 'events/activities/tournaments/ep2_locale_events.txt' 
[19:18:58][D][jomini_eventmanager.cpp:619]: Loaded [21] events from 'events/councillor_task_events/chancellor_task_events.txt' 
[19:18:58][D][gfx_texture_on_demand.cpp:292]: Texture on demand will silently skip missing texture 'gfx/interface/illustrations/terrain_types/_default.dds'
[19:18:58][D][jomini_eventmanager.cpp:619]: Loaded [3] events from 'events/travel_events/travel_danger_events_arky.txt' 
[19:18:58][D][jomini_eventmanager.cpp:666]: >=== NAMESPACE > 'councillor_spouse_learning' is set to #2920000
[19:18:58][D][jomini_eventmanager.cpp:666]: >=== NAMESPACE > 'councillor_spouse_martial' is set to #2930000
[19:18:58][D][gfx_texture_on_demand.cpp:292]: Texture on demand will silently skip missing texture 'gfx/interface/illustrations/terrain_types/_default_debug.dds'
[19:18:58][D][jomini_eventmanager.cpp:666]: >=== NAMESPACE > 'councillor_spouse_stewardship' is set to #2940000
[19:18:58][D][gfx_texture_on_demand.cpp:292]: Texture on demand will silently skip missing texture 'gfx/interface/illustrations/terrain_types/_default.dds'
[19:18:58][D][jomini_eventmanager.cpp:619]: Loaded [13] events from 'events/councillor_task_events/councillor_spouse_events/councillor_spouse_intrigue_events.txt' 
[19:18:58][D][jomini_eventmanager.cpp:619]: Loaded [33] events from 'events/councillor_task_events/steward_task_events.txt' 
[19:18:58][D][jomini_eventmanager.cpp:619]: Loaded [28] events from 'events/councillor_task_events/marshal_task_events.txt' 
[19:18:58][D][jomini_eventmanager.cpp:666]: >=== NAMESPACE > 'court_events' is set to #2950000
[19:18:58][D][jomini_eventmanager.cpp:619]: Loaded [13] events from 'events/councillor_task_events/councillor_spouse_events/councillor_spouse_diplomacy_events.txt' 
[19:18:58][D][jomini_eventmanager.cpp:619]: Loaded [45] events from 'events/councillor_task_events/spymaster_task_events.txt' 
[19:18:58][D][jomini_eventmanager.cpp:666]: >=== NAMESPACE > 'court_ceremonial' is set to #2960000
[19:18:58][D][jomini_eventmanager.cpp:619]: Loaded [14] events from 'events/councillor_task_events/councillor_spouse_events/councillor_spouse_martial_events.txt' 
[19:18:58][D][jomini_eventmanager.cpp:666]: >=== NAMESPACE > 'court' is set to #2970000
[19:18:58][D][jomini_eventmanager.cpp:666]: >=== NAMESPACE > 'court_new' is set to #2980000
[19:18:58][D][jomini_eventmanager.cpp:666]: >=== NAMESPACE > 'court_amenities_interactions' is set to #2990000
[19:18:58][D][jomini_eventmanager.cpp:619]: Loaded [4] events from 'events/court_events/court_events_ceremonial.txt' 
[19:18:58][D][jomini_eventmanager.cpp:619]: Loaded [1] events from 'events/court_events/court_events_new.txt' 
[19:18:58][D][jomini_eventmanager.cpp:619]: Loaded [16] events from 'events/councillor_task_events/councillor_spouse_events/councillor_spouse_stewardship_events.txt' 
[19:18:58][D][jomini_eventmanager.cpp:619]: Loaded [16] events from 'events/yearly_events/yearly_events_3.txt' 
[19:18:58][D][jomini_eventmanager.cpp:619]: Loaded [4] events from 'events/court_events/introduce_court_fashion_events.txt' 
[19:18:58][D][jomini_eventmanager.cpp:619]: Loaded [4] events from 'events/court_events/court_events_general_1.txt' 
[19:18:58][D][jomini_eventmanager.cpp:619]: Loaded [16] events from 'events/councillor_task_events/councillor_spouse_events/councillor_spouse_learning_events.txt' 
[19:18:58][D][jomini_eventmanager.cpp:619]: Loaded [4] events from 'events/court_events/sumptuary_debate_events.txt' 
[19:18:58][D][jomini_eventmanager.cpp:666]: >=== NAMESPACE > 'culture_emergence_events' is set to #3000000
[19:18:58][D][jomini_eventmanager.cpp:619]: Loaded [71] events from 'events/activities/tournaments/contest_events.txt' 
[19:18:58][D][jomini_eventmanager.cpp:666]: >=== NAMESPACE > 'courtier_guest_management' is set to #3010000
[19:18:58][D][jomini_eventmanager.cpp:666]: >=== NAMESPACE > 'culture_notification' is set to #3020000
[19:18:58][D][jomini_eventmanager.cpp:666]: >=== NAMESPACE > 'culture_tradition_events' is set to #3030000
[19:18:58][D][jomini_eventmanager.cpp:666]: >=== NAMESPACE > 'language_events' is set to #3040000
[19:18:58][D][jomini_eventmanager.cpp:619]: Loaded [6] events from 'events/culture_events/culture_notification_events.txt' 
[19:18:58][D][jomini_eventmanager.cpp:666]: >=== NAMESPACE > 'bp3_decisions' is set to #3050000
[19:18:58][D][jomini_eventmanager.cpp:666]: >=== NAMESPACE > 'death_management' is set to #3060000
[19:18:58][D][jomini_eventmanager.cpp:619]: Loaded [1] events from 'events/decisions_events/bp3_decisions_events.txt' 
[19:18:58][D][jomini_eventmanager.cpp:619]: Loaded [17] events from 'events/court_events/01_ep3_court_events_3.txt' 
[19:18:58][D][jomini_eventmanager.cpp:619]: Loaded [3] events from 'events/culture_events/language_events.txt' 
[19:18:58][D][jomini_eventmanager.cpp:666]: >=== NAMESPACE > 'british_isles' is set to #3070000
[19:18:58][D][jomini_eventmanager.cpp:666]: >=== NAMESPACE > 'ce1_decision_events' is set to #3080000
[19:18:58][D][jomini_eventmanager.cpp:666]: >=== NAMESPACE > 'culture_conversion' is set to #3090000
[19:18:58][D][jomini_eventmanager.cpp:619]: Loaded [10] events from 'events/courtier_guest_management_events/courtier_guest_management_events.txt' 
[19:18:58][D][jomini_eventmanager.cpp:619]: Loaded [1] events from 'events/decisions_events/culture_conversion_events.txt' 
[19:18:58][D][jomini_eventmanager.cpp:666]: >=== NAMESPACE > 'east_europe' is set to #3100000
[19:18:58][D][jomini_eventmanager.cpp:619]: Loaded [5] events from 'events/culture_events/culture_emergence_events.txt' 
[19:18:58][D][jomini_eventmanager.cpp:666]: >=== NAMESPACE > 'ep2_decision_events' is set to #3110000
[19:18:58][D][jomini_eventmanager.cpp:666]: >=== NAMESPACE > 'central_asia' is set to #3120000
[19:18:58][D][jomini_eventmanager.cpp:619]: Loaded [1] events from 'events/decisions_events/ep2_decision_events.txt' 
[19:18:58][D][jomini_eventmanager.cpp:619]: Loaded [6] events from 'events/decisions_events/central_asia_events.txt' 
[19:18:58][D][jomini_eventmanager.cpp:619]: Loaded [6] events from 'events/decisions_events/ce1_decision_events.txt' 
[19:18:58][D][jomini_eventmanager.cpp:619]: Loaded [23] events from 'events/decisions_events/british_isles_events.txt' 
[19:18:58][D][jomini_eventmanager.cpp:619]: Loaded [80] events from 'events/activities/hold_court_activity/hold_court_events_general.txt' 
[19:18:58][D][jomini_eventmanager.cpp:666]: >=== NAMESPACE > 'major_decisions' is set to #3130000
[19:18:58][D][jomini_eventmanager.cpp:666]: >=== NAMESPACE > 'iberia_north_africa' is set to #3140000
[19:18:58][D][jomini_eventmanager.cpp:666]: >=== NAMESPACE > 'middle_east_decisions' is set to #3150000
[19:18:58][D][jomini_eventmanager.cpp:666]: >=== NAMESPACE > 'middle_europe_decisions' is set to #3160000
[19:18:58][D][jomini_eventmanager.cpp:666]: >=== NAMESPACE > 'minor_decisions' is set to #3170000
[19:18:58][D][jomini_eventmanager.cpp:666]: >=== NAMESPACE > 'mpo_greatest_of_khans' is set to #3180000
[19:18:58][D][jomini_eventmanager.cpp:666]: >=== NAMESPACE > 'pay_homage' is set to #3190000
[19:18:58][D][jomini_eventmanager.cpp:619]: Loaded [12] events from 'events/decisions_events/ep4_decision_events.txt' 
[19:18:58][D][jomini_eventmanager.cpp:619]: Loaded [4] events from 'events/decisions_events/minor_decision_events.txt' 
[19:18:58][D][jomini_eventmanager.cpp:619]: Loaded [14] events from 'events/culture_events/culture_tradition_events.txt' 
[19:18:58][D][jomini_eventmanager.cpp:619]: Loaded [16] events from 'events/decisions_events/middle_europe_decisions_events.txt' 
[19:18:58][D][jomini_eventmanager.cpp:619]: Loaded [34] events from 'events/decisions_events/east_europe_events.txt' 
[19:18:58][D][jomini_eventmanager.cpp:619]: Loaded [27] events from 'events/decisions_events/major_decisions_events.txt' 
[19:18:58][D][jomini_eventmanager.cpp:666]: >=== NAMESPACE > 'pledge_loyalty_to_liege' is set to #3200000
[19:18:58][D][jomini_eventmanager.cpp:619]: Loaded [21] events from 'events/decisions_events/middle_east_decisions_events.txt' 
[19:18:58][D][jomini_eventmanager.cpp:666]: >=== NAMESPACE > 'roman_restoration' is set to #3210000
[19:18:58][D][jomini_eventmanager.cpp:619]: Loaded [6] events from 'events/decisions_events/pay_homage_events.txt' 
[19:18:58][D][jomini_eventmanager.cpp:666]: >=== NAMESPACE > 'south_asia' is set to #3220000
[19:18:58][D][jomini_eventmanager.cpp:619]: Loaded [76] events from 'events/activities/tournaments/tournament_events.txt' 
[19:18:58][D][jomini_eventmanager.cpp:666]: >=== NAMESPACE > 'pledge_loyalty_to_liege_overdue' is set to #3230000
[19:18:58][D][jomini_eventmanager.cpp:619]: Loaded [22] events from 'events/decisions_events/iberia_north_africa_events.txt' 
[19:18:58][D][jomini_eventmanager.cpp:666]: >=== NAMESPACE > 'tgp_decision_events' is set to #3240000
[19:18:58][D][jomini_eventmanager.cpp:619]: Loaded [17] events from 'events/decisions_events/mpo_greatest_of_khans_events.txt' 
[19:18:58][D][jomini_eventmanager.cpp:619]: Loaded [10] events from 'events/decisions_events/pledge_loyalty_to_liege_events.txt' 
[19:18:58][D][jomini_eventmanager.cpp:666]: >=== NAMESPACE > 'diarchy' is set to #3250000
[19:18:58][D][jomini_eventmanager.cpp:619]: Loaded [46] events from 'events/death_events/death_management_events.txt' 
[19:18:58][D][jomini_eventmanager.cpp:619]: Loaded [113] events from 'events/activities/hunt_activity/hunt_events.txt' 
[19:18:58][D][jomini_eventmanager.cpp:666]: >=== NAMESPACE > 'vizierate' is set to #3260000
[19:18:58][D][jomini_eventmanager.cpp:666]: >=== NAMESPACE > 'ach_coronation' is set to #3270000
[19:18:58][D][jomini_eventmanager.cpp:619]: Loaded [23] events from 'events/decisions_events/south_asia_events.txt' 
[19:18:58][D][jomini_eventmanager.cpp:619]: Loaded [6] events from 'events/decisions_events/tgp_decision_events.txt' 
[19:18:58][D][jomini_eventmanager.cpp:666]: >=== NAMESPACE > 'ach_maintenance_events' is set to #3280000
[19:18:58][D][jomini_eventmanager.cpp:619]: Loaded [9] events from 'events/dlc/ach/ach_maintenance_events.txt' 
[19:18:58][D][jomini_eventmanager.cpp:666]: >=== NAMESPACE > 'ach_yearly_events' is set to #3290000
[19:18:58][D][jomini_eventmanager.cpp:666]: >=== NAMESPACE > 'bp1_house_feud' is set to #3300000
[19:18:58][D][jomini_eventmanager.cpp:666]: >=== NAMESPACE > 'blotsven' is set to #3310000
[19:18:58][D][jomini_eventmanager.cpp:619]: Loaded [60] events from 'events/decisions_events/roman_restoration_events.txt' 
[19:18:58][D][jomini_eventmanager.cpp:619]: Loaded [6] events from 'events/diarchy_events/vizierate_events.txt' 
[19:18:58][D][jomini_eventmanager.cpp:619]: Loaded [4] events from 'events/uprising_events/emelie_events.txt' 
[19:18:58][D][jomini_eventmanager.cpp:619]: Loaded [4] events from 'events/dlc/bp1/bp1_yearly_develop.txt' 
[19:18:58][D][jomini_eventmanager.cpp:666]: >=== NAMESPACE > 'bp2_adult_education' is set to #3320000
[19:18:58][D][jomini_eventmanager.cpp:619]: Loaded [8] events from 'events/dlc/bp1/bp1_henrik_events.txt' 
[19:18:58][D][jomini_eventmanager.cpp:619]: Loaded [6] events from 'events/dlc/ach/ach_yearly_events.txt' 
[19:18:58][D][jomini_eventmanager.cpp:666]: >=== NAMESPACE > 'bp2_character_interaction' is set to #3330000
[19:18:58][D][jomini_eventmanager.cpp:666]: >=== NAMESPACE > 'travel_events_bp3' is set to #3340000
[19:18:58][D][jomini_eventmanager.cpp:666]: >=== NAMESPACE > 'bp2_decision' is set to #3350000
[19:18:58][D][jomini_eventmanager.cpp:619]: Loaded [2] events from 'events/dlc/bp2/bp2_character_interaction_events.txt' 
[19:18:58][D][jomini_eventmanager.cpp:619]: Loaded [5] events from 'events/dlc/bp2/bp2_adult_education_activity_events_oltner.txt' 
[19:18:58][D][jomini_eventmanager.cpp:619]: Loaded [6] events from 'events/dlc/bp1/bp1_yearly_oltner.txt' 
[19:18:58][D][jomini_eventmanager.cpp:619]: Loaded [15] events from 'events/dlc/bp1/bp1_yearly_events_chad.txt' 
[19:18:58][D][jomini_eventmanager.cpp:619]: Loaded [2] events from 'events/dlc/bp2/bp2_decision_events.txt' 
[19:18:58][D][jomini_eventmanager.cpp:619]: Loaded [20] events from 'events/dlc/bp1/bp1_yearly_events_nick.txt' 
[19:18:58][D][jomini_eventmanager.cpp:666]: >=== NAMESPACE > 'bp2_hostage_system' is set to #3360000
[19:18:58][D][jomini_eventmanager.cpp:666]: >=== NAMESPACE > 'bp2_yearly' is set to #3370000
[19:18:58][D][jomini_eventmanager.cpp:619]: Loaded [9] events from 'events/dlc/bp1/bp1_filippa_yearly_events.txt' 
[19:18:58][D][jomini_eventmanager.cpp:619]: Loaded [60] events from 'events/court_events/court_events_general.txt' 
[19:18:58][D][jomini_eventmanager.cpp:619]: Loaded [36] events from 'events/dlc/bp1/bp1_house_feud.txt' 
[19:18:58][D][jomini_eventmanager.cpp:619]: Loaded [15] events from 'events/dlc/bp2/bp2_adult_education_activity_events.txt' 
[19:18:58][D][jomini_eventmanager.cpp:619]: Loaded [3] events from 'events/dlc/bp2/bp2_yearly_3.txt' 
[19:18:58][D][jomini_eventmanager.cpp:666]: >=== NAMESPACE > 'stress_threshold_special' is set to #3380000
[19:18:58][D][jomini_eventmanager.cpp:619]: Loaded [14] events from 'events/dlc/bp1/bp1_yearly_events_claudia.txt' 
[19:18:58][D][jomini_eventmanager.cpp:666]: >=== NAMESPACE > 'bp2_yearly_extra' is set to #3390000
[19:18:58][D][jomini_eventmanager.cpp:619]: Loaded [1] events from 'events/dlc/bp2/bp2_yearly_extra.txt' 
[19:18:58][D][jomini_eventmanager.cpp:619]: Loaded [2] events from 'events/stress_events/stress_threshold_special_events.txt' 
[19:18:58][D][jomini_eventmanager.cpp:619]: Loaded [22] events from 'events/dlc/bp2/bp2_hostage_system.txt' 
[19:18:58][D][jomini_eventmanager.cpp:666]: >=== NAMESPACE > 'pet_rock' is set to #3400000
[19:18:58][D][jomini_eventmanager.cpp:666]: >=== NAMESPACE > 'bp3_court_position' is set to #3410000
[19:18:58][D][jomini_eventmanager.cpp:619]: Loaded [15] events from 'events/dlc/bp2/bp2_yearly_4.txt' 
[19:18:58][D][jomini_eventmanager.cpp:619]: Loaded [1] events from 'events/dlc/bp3/bp3_court_position_events.txt' 
[19:18:58][D][jomini_eventmanager.cpp:666]: >=== NAMESPACE > 'bp3_journey' is set to #3420000
[19:18:58][D][gfx_texture_on_demand.cpp:292]: Texture on demand will silently skip missing texture 'gfx/interface/illustrations/decisions/fp3/_default.dds'
[19:18:58][D][jomini_eventmanager.cpp:619]: Loaded [11] events from 'events/dlc/bp2/story_cycles/story_cycle_pet_rock_events.txt' 
[19:18:58][D][jomini_eventmanager.cpp:666]: >=== NAMESPACE > 'mapmaking' is set to #3430000
[19:18:58][D][jomini_eventmanager.cpp:619]: Loaded [25] events from 'events/travel_events/travel_events_bp3.txt' 
[19:18:58][D][jomini_eventmanager.cpp:666]: >=== NAMESPACE > 'bp3_roaming' is set to #3440000
[19:18:58][D][gfx_texture_on_demand.cpp:292]: Texture on demand will silently skip missing texture 'gfx/interface/illustrations/decisions/fp3/_default_debug.dds'
[19:18:58][D][jomini_eventmanager.cpp:619]: Loaded [13] events from 'events/yearly_events/yearly_events_4.txt' 
[19:18:58][D][jomini_eventmanager.cpp:619]: Loaded [7] events from 'events/dlc/bp2/bp2_yearly_0_5.txt' 
[19:18:58][D][jomini_eventmanager.cpp:619]: Loaded [19] events from 'events/dlc/ach/ach_coronation_events.txt' 
[19:18:58][D][gfx_texture_on_demand.cpp:292]: Texture on demand will silently skip missing texture 'gfx/interface/icons/culture_pillars/head_determination_domain.dds'
[19:18:58][D][gfx_texture_on_demand.cpp:292]: Texture on demand will silently skip missing texture 'gfx/interface/illustrations/decisions/fp3/_default.dds'
[19:18:58][D][jomini_eventmanager.cpp:666]: >=== NAMESPACE > 'bp3_survey' is set to #3450000
[19:18:58][D][jomini_eventmanager.cpp:619]: Loaded [29] events from 'events/dlc/bp2/bp2_yearly_2.txt' 
[19:18:58][D][jomini_eventmanager.cpp:666]: >=== NAMESPACE > 'epidemic_events' is set to #3460000
[19:18:58][D][gfx_texture_on_demand.cpp:292]: Texture on demand will silently skip missing texture 'gfx/interface/illustrations/decisions/fp3/_invalid.dds'
[19:18:58][D][gfx_texture_on_demand.cpp:292]: Texture on demand will silently skip missing texture 'gfx/interface/icons/culture_pillars/head_determination_herd.dds'
[19:18:58][D][jomini_eventmanager.cpp:619]: Loaded [34] events from 'events/dlc/bp2/bp2_yearly.txt' 
[19:18:58][D][jomini_eventmanager.cpp:666]: >=== NAMESPACE > 'story_event_legends' is set to #3470000
[19:18:58][D][jomini_eventmanager.cpp:619]: Loaded [3] events from 'events/dlc/ce1/legend_ending_events.txt' 
[19:18:58][D][jomini_eventmanager.cpp:666]: >=== NAMESPACE > 'legend_events' is set to #3480000
[19:18:58][D][gfx_texture_on_demand.cpp:292]: Texture on demand will silently skip missing texture 'gfx/interface/illustrations/decisions/fp3/_invalid_debug.dds'
[19:18:58][D][gfx_texture_on_demand.cpp:292]: Texture on demand will silently skip missing texture 'gfx/interface/icons/culture_pillars/heritage_akan.dds'
[19:18:58][D][jomini_eventmanager.cpp:666]: >=== NAMESPACE > 'legend_spread_events' is set to #3490000
[19:18:58][D][gfx_texture_on_demand.cpp:292]: Texture on demand will silently skip missing texture 'gfx/interface/icons/culture_pillars/heritage_arabic.dds'
[19:18:58][D][jomini_eventmanager.cpp:619]: Loaded [6] events from 'events/dlc/ce1/epidemic_events_2.txt' 
[19:18:58][D][jomini_eventmanager.cpp:666]: >=== NAMESPACE > 'legitimacy_events' is set to #3500000
[19:18:58][D][jomini_eventmanager.cpp:619]: Loaded [1] events from 'events/dlc/ce1/legitimacy_events.txt' 
[19:18:58][D][jomini_eventmanager.cpp:666]: >=== NAMESPACE > 'legend_debug' is set to #3510000
[19:18:58][D][jomini_eventmanager.cpp:619]: Loaded [4] events from 'events/dlc/ce1/legend_events.txt' 
[19:18:58][D][gfx_texture_on_demand.cpp:292]: Texture on demand will silently skip missing texture 'gfx/interface/icons/culture_pillars/heritage_austronesian.dds'
[19:18:58][D][jomini_eventmanager.cpp:666]: >=== NAMESPACE > 'court_position' is set to #3520000
[19:18:58][D][jomini_eventmanager.cpp:666]: >=== NAMESPACE > 'physician_epidemic_events' is set to #3530000
[19:18:58][D][jomini_eventmanager.cpp:666]: >=== NAMESPACE > 'ep1_character_interaction' is set to #3540000
[19:18:58][D][gfx_texture_on_demand.cpp:292]: Texture on demand will silently skip missing texture 'gfx/interface/icons/culture_pillars/heritage_baltic.dds'
[19:18:58][D][jomini_eventmanager.cpp:666]: >=== NAMESPACE > 'ep1_decision' is set to #3550000
[19:18:58][D][jomini_eventmanager.cpp:619]: Loaded [7] events from 'events/dlc/bp3/bp3_mapmaking.txt' 
[19:18:58][D][gfx_texture_on_demand.cpp:292]: Texture on demand will silently skip missing texture 'gfx/interface/icons/culture_pillars/heritage_balto_finnic.dds'
[19:18:58][D][jomini_eventmanager.cpp:619]: Loaded [6] events from 'events/dlc/ep1/ep1_court_position_events.txt' 
[19:18:58][D][jomini_eventmanager.cpp:619]: Loaded [75] events from 'events/diarchy_events/diarchy_events.txt' 
[19:18:58][D][jomini_eventmanager.cpp:619]: Loaded [23] events from 'events/dlc/bp3/bp3_roaming_events.txt' 
[19:18:58][D][gfx_texture_on_demand.cpp:292]: Texture on demand will silently skip missing texture 'gfx/interface/icons/culture_pillars/heritage_berber.dds'
[19:18:58][D][jomini_eventmanager.cpp:619]: Loaded [1] events from 'events/dlc/ep1/ep1_character_interaction_events.txt' 
[19:18:58][D][jomini_eventmanager.cpp:619]: Loaded [3] events from 'events/dlc/ep1/ep1_decision_events.txt' 
[19:18:58][D][jomini_eventmanager.cpp:666]: >=== NAMESPACE > 'ep1_flavor' is set to #3560000
[19:18:58][D][gfx_texture_on_demand.cpp:292]: Texture on demand will silently skip missing texture 'gfx/interface/icons/culture_pillars/heritage_brythonic.dds'
[19:18:58][D][jomini_eventmanager.cpp:666]: >=== NAMESPACE > 'fund_inspiration' is set to #3570000
[19:18:58][D][jomini_eventmanager.cpp:619]: Loaded [20] events from 'events/dlc/bp2/bp2_yearly_1_events.txt' 
[19:18:58][D][jomini_eventmanager.cpp:619]: Loaded [13] events from 'events/dlc/ce1/physician_epidemic_events.txt' 
[19:18:58][D][jomini_eventmanager.cpp:666]: >=== NAMESPACE > 'inspiration_system' is set to #3580000
[19:18:58][D][jomini_eventmanager.cpp:666]: >=== NAMESPACE > 'ep2_accolade_events' is set to #3590000
[19:18:58][D][gfx_texture_on_demand.cpp:292]: Texture on demand will silently skip missing texture 'gfx/interface/icons/culture_pillars/heritage_burman.dds'
[19:18:58][D][jomini_eventmanager.cpp:666]: >=== NAMESPACE > 'ep2_tournament_events' is set to #3600000
[19:18:58][D][jomini_eventmanager.cpp:619]: Loaded [4] events from 'events/dlc/ep1/ep1_inspiration_system_events.txt' 
[19:18:58][D][jomini_eventmanager.cpp:619]: Loaded [2] events from 'events/dlc/ep1/ep1_fund_inspiration_events_oltner.txt' 
[19:18:58][D][gfx_texture_on_demand.cpp:292]: Texture on demand will silently skip missing texture 'gfx/interface/icons/culture_pillars/heritage_byzantine.dds'
[19:18:58][D][jomini_eventmanager.cpp:666]: >=== NAMESPACE > 'ep2_wedding' is set to #3610000
[19:18:58][D][jomini_eventmanager.cpp:666]: >=== NAMESPACE > 'ep2_wedding_ewan' is set to #3620000
[19:18:58][D][gfx_texture_on_demand.cpp:292]: Texture on demand will silently skip missing texture 'gfx/interface/icons/culture_pillars/heritage_central_african.dds'
[19:18:58][D][jomini_eventmanager.cpp:666]: >=== NAMESPACE > 'ep3_admin_events' is set to #3630000
[19:18:58][D][jomini_eventmanager.cpp:619]: Loaded [13] events from 'events/dlc/ce1/legend_spread_events_veronica.txt' 
[19:18:58][D][jomini_eventmanager.cpp:666]: >=== NAMESPACE > 'ep3_akolouthos_events' is set to #3640000
[19:18:58][D][gfx_texture_on_demand.cpp:292]: Texture on demand will silently skip missing texture 'gfx/interface/icons/culture_pillars/heritage_central_germanic.dds'
[19:18:58][D][jomini_eventmanager.cpp:666]: >=== NAMESPACE > 'ep3_camp_party' is set to #3650000
[19:18:58][D][gfx_texture_on_demand.cpp:292]: Texture on demand will silently skip missing texture 'gfx/interface/icons/culture_pillars/heritage_chinese.dds'
[19:18:58][D][jomini_eventmanager.cpp:619]: Loaded [2] events from 'events/dlc/ep3/ep3_akolouthos_events.txt' 
[19:18:58][D][jomini_eventmanager.cpp:619]: Loaded [3] events from 'events/dlc/ep2/ep2_accolade_events.txt' 
[19:18:58][D][jomini_eventmanager.cpp:666]: >=== NAMESPACE > 'ep3_camp_temperament' is set to #3660000
[19:18:58][D][gfx_texture_on_demand.cpp:292]: Texture on demand will silently skip missing texture 'gfx/interface/icons/culture_pillars/heritage_korean.dds'
[19:18:58][D][jomini_eventmanager.cpp:619]: Loaded [20] events from 'events/dlc/bp3/bp3_survey_events.txt' 
[19:18:58][D][jomini_eventmanager.cpp:619]: Loaded [6] events from 'events/dlc/ep3/ep3_admin_events.txt' 
[19:18:58][D][gfx_texture_on_demand.cpp:292]: Texture on demand will silently skip missing texture 'gfx/interface/icons/culture_pillars/heritage_buyeo.dds'
[19:18:58][D][jomini_eventmanager.cpp:619]: Loaded [36] events from 'events/dlc/ce1/legend_spread_events_8.txt' 
[19:18:58][D][jomini_eventmanager.cpp:666]: >=== NAMESPACE > 'ep3_contract_event' is set to #3670000
[19:18:58][D][jomini_eventmanager.cpp:666]: >=== NAMESPACE > 'ep3_councillor_event' is set to #3680000
[19:18:58][D][jomini_eventmanager.cpp:619]: Loaded [17] events from 'events/dlc/bp3/bp3_journey_events.txt' 
[19:18:58][D][jomini_eventmanager.cpp:666]: >=== NAMESPACE > 'ep3_decisions_event' is set to #3690000
[19:18:58][D][gfx_texture_on_demand.cpp:292]: Texture on demand will silently skip missing texture 'gfx/interface/icons/culture_pillars/heritage_tai.dds'
[19:18:58][D][jomini_eventmanager.cpp:619]: Loaded [2] events from 'events/dlc/ep3/ep3_councillor_events.txt' 
[19:18:58][D][jomini_eventmanager.cpp:666]: >=== NAMESPACE > 'ep3_emperor_yearly' is set to #3700000
[19:18:58][D][gfx_texture_on_demand.cpp:292]: Texture on demand will silently skip missing texture 'gfx/interface/icons/culture_pillars/heritage_hmongic.dds'
[19:18:58][D][jomini_eventmanager.cpp:619]: Loaded [11] events from 'events/dlc/ep2/wedding_events/ep2_bloody_wedding_events.txt' 
[19:18:58][D][jomini_eventmanager.cpp:619]: Loaded [5] events from 'events/dlc/ep3/ep3_camp_temperament_events.txt' 
[19:18:58][D][gfx_texture_on_demand.cpp:292]: Texture on demand will silently skip missing texture 'gfx/interface/icons/culture_pillars/heritage_dravidian.dds'
[19:18:58][D][jomini_eventmanager.cpp:666]: >=== NAMESPACE > 'combat_event' is set to #3710000
[19:18:58][D][gfx_texture_on_demand.cpp:292]: Texture on demand will silently skip missing texture 'gfx/interface/icons/culture_pillars/heritage_east_african.dds'
[19:18:58][D][jomini_eventmanager.cpp:666]: >=== NAMESPACE > 'trait_specific' is set to #3720000
[19:18:58][D][jomini_eventmanager.cpp:666]: >=== NAMESPACE > 'ep3_governor_yearly' is set to #3730000
[19:18:58][D][gfx_texture_on_demand.cpp:292]: Texture on demand will silently skip missing texture 'gfx/interface/icons/culture_pillars/heritage_east_slavic.dds'
[19:18:58][D][gfx_texture_on_demand.cpp:292]: Texture on demand will silently skip missing texture 'gfx/interface/icons/culture_pillars/heritage_frankish.dds'
[19:18:58][D][gfx_texture_on_demand.cpp:292]: Texture on demand will silently skip missing texture 'gfx/interface/icons/culture_pillars/heritage_goidelic.dds'
[19:18:58][D][gfx_texture_on_demand.cpp:292]: Texture on demand will silently skip missing texture 'gfx/interface/icons/culture_pillars/heritage_iberian.dds'
[19:18:58][D][jomini_eventmanager.cpp:619]: Loaded [4] events from 'events/dlc/ep3/ep3_emperor_yearly_3.txt' 
[19:18:58][D][jomini_eventmanager.cpp:619]: Loaded [15] events from 'events/dlc/ep3/ep3_camp_party_events.txt' 
[19:18:58][D][gfx_texture_on_demand.cpp:292]: Texture on demand will silently skip missing texture 'gfx/interface/icons/culture_pillars/heritage_indo_aryan.dds'
[19:18:58][D][jomini_eventmanager.cpp:619]: Loaded [21] events from 'events/trait_specific_events/trait_specific_events.txt' 
[19:18:58][D][jomini_eventmanager.cpp:619]: Loaded [44] events from 'events/dlc/ce1/legend_spread_events_nick.txt' 
[19:18:58][D][gfx_texture_on_demand.cpp:292]: Texture on demand will silently skip missing texture 'gfx/interface/icons/culture_pillars/heritage_iranian.dds'
[19:18:58][D][jomini_eventmanager.cpp:619]: Loaded [7] events from 'events/dlc/ep3/ep3_emperor_yearly_8.txt' 
[19:18:58][D][jomini_eventmanager.cpp:666]: >=== NAMESPACE > 'ep3_laamp_decision_event' is set to #3740000
[19:18:58][D][jomini_eventmanager.cpp:619]: Loaded [20] events from 'events/war_events/combat_events.txt' 
[19:18:58][D][jomini_eventmanager.cpp:666]: >=== NAMESPACE > 'ep3_interactions_events' is set to #3750000
[19:18:58][D][gfx_texture_on_demand.cpp:292]: Texture on demand will silently skip missing texture 'gfx/interface/icons/culture_pillars/heritage_israelite.dds'
[19:18:58][D][jomini_eventmanager.cpp:666]: >=== NAMESPACE > 'ep3_laamps' is set to #3760000
[19:18:58][D][gfx_texture_on_demand.cpp:292]: Texture on demand will silently skip missing texture 'gfx/interface/icons/culture_pillars/heritage_latin.dds'
[19:18:58][D][jomini_eventmanager.cpp:619]: Loaded [14] events from 'events/dlc/ep1/ep1_flavor_events.txt' 
[19:18:58][D][jomini_eventmanager.cpp:666]: >=== NAMESPACE > 'ep3_laamp_flavor' is set to #3770000
[19:18:58][D][gfx_texture_on_demand.cpp:292]: Texture on demand will silently skip missing texture 'gfx/interface/icons/culture_pillars/heritage_magyar.dds'
[19:18:58][D][jomini_eventmanager.cpp:666]: >=== NAMESPACE > 'ep3_laamp_flavor_oltner' is set to #3780000
[19:18:58][D][jomini_eventmanager.cpp:619]: Loaded [50] events from 'events/dlc/ce1/epidemic_events.txt' 
[19:18:58][D][jomini_eventmanager.cpp:666]: >=== NAMESPACE > 'travel_events_cities' is set to #3790000
[19:18:58][D][jomini_eventmanager.cpp:619]: Loaded [1] events from 'events/dlc/ep3/ep3_laamp_flavor_oltner.txt' 
[19:18:58][D][gfx_texture_on_demand.cpp:292]: Texture on demand will silently skip missing texture 'gfx/interface/icons/culture_pillars/heritage_mongolic.dds'
[19:18:58][D][jomini_eventmanager.cpp:619]: Loaded [10] events from 'events/dlc/ep2/wedding_events/ep2_wedding_events_ewan.txt' 
[19:18:58][D][gfx_texture_on_demand.cpp:292]: Texture on demand will silently skip missing texture 'gfx/interface/icons/culture_pillars/heritage_north_germanic.dds'
[19:18:58][D][jomini_eventmanager.cpp:666]: >=== NAMESPACE > 'ep3_laamps_provisions' is set to #3800000
[19:18:58][D][jomini_eventmanager.cpp:666]: >=== NAMESPACE > 'ep3_landless_admin' is set to #3810000
[19:18:58][D][jomini_eventmanager.cpp:619]: Loaded [6] events from 'events/dlc/ep3/ep3_laamp_flavor.txt' 
[19:18:58][D][gfx_texture_on_demand.cpp:292]: Texture on demand will silently skip missing texture 'gfx/interface/icons/culture_pillars/heritage_qiangic.dds'
[19:18:58][D][jomini_eventmanager.cpp:666]: >=== NAMESPACE > 'ep3_powerful_families' is set to #3820000
[19:18:58][D][gfx_texture_on_demand.cpp:292]: Texture on demand will silently skip missing texture 'gfx/interface/icons/culture_pillars/heritage_sahelian.dds'
[19:18:58][D][jomini_eventmanager.cpp:666]: >=== NAMESPACE > 'ep3_roman_restoration' is set to #3830000
[19:18:58][D][gfx_texture_on_demand.cpp:292]: Texture on demand will silently skip missing texture 'gfx/interface/icons/culture_pillars/heritage_senegambian.dds'
[19:18:58][D][jomini_eventmanager.cpp:619]: Loaded [10] events from 'events/dlc/ep3/ep3_laamps_provisions.txt' 
[19:18:58][D][jomini_eventmanager.cpp:619]: Loaded [19] events from 'events/dlc/ep3/ep3_governor_yearly_8.txt' 
[19:18:58][D][jomini_eventmanager.cpp:619]: Loaded [57] events from 'events/dlc/bp2/bp2_yearly_events_6.txt' 
[19:18:58][D][jomini_eventmanager.cpp:619]: Loaded [6] events from 'events/dlc/ep3/ep3_roman_restoration_events.txt' 
[19:18:58][D][gfx_texture_on_demand.cpp:292]: Texture on demand will silently skip missing texture 'gfx/interface/icons/culture_pillars/heritage_somalian.dds'
[19:18:58][D][gfx_texture_on_demand.cpp:292]: Texture on demand will silently skip missing texture 'gfx/interface/icons/culture_pillars/heritage_bantu.dds'
[19:18:58][D][jomini_eventmanager.cpp:666]: >=== NAMESPACE > 'ep3_story_cycle_admin_eunuch' is set to #3840000
[19:18:58][D][jomini_eventmanager.cpp:666]: >=== NAMESPACE > 'grand_ambitions' is set to #3850000
[19:18:58][D][jomini_eventmanager.cpp:666]: >=== NAMESPACE > 'ep3_story_cycle_harrying' is set to #3860000
[19:18:58][D][jomini_eventmanager.cpp:666]: >=== NAMESPACE > 'stress_trait_coping_decisions' is set to #3870000
[19:18:58][D][gfx_texture_on_demand.cpp:292]: Texture on demand will silently skip missing texture 'gfx/interface/icons/culture_pillars/heritage_south_slavic.dds'
[19:18:58][D][gfx_texture_on_demand.cpp:292]: Texture on demand will silently skip missing texture 'gfx/interface/icons/culture_pillars/heritage_tibetan.dds'
[19:18:58][D][jomini_eventmanager.cpp:619]: Loaded [6] events from 'events/dlc/ep3/ep3_landless_admin_events.txt' 
[19:18:58][D][jomini_eventmanager.cpp:619]: Loaded [12] events from 'events/dlc/ep3/ep3_powerful_families_8.txt' 
[19:18:58][D][jomini_eventmanager.cpp:619]: Loaded [21] events from 'events/dlc/ep3/ep3_laamp_events_8.txt' 
[19:18:58][D][gfx_texture_on_demand.cpp:292]: Texture on demand will silently skip missing texture 'gfx/interface/icons/culture_pillars/heritage_turkic.dds'
[19:18:58][D][jomini_eventmanager.cpp:619]: Loaded [39] events from 'events/dlc/ep3/ep3_emperor_yearly_2.txt' 
[19:18:58][D][jomini_eventmanager.cpp:619]: Loaded [3] events from 'events/travel_events/travel_events_cities.txt' 
[19:18:58][D][gfx_texture_on_demand.cpp:292]: Texture on demand will silently skip missing texture 'gfx/interface/icons/culture_pillars/heritage_ugro_permian.dds'
[19:18:58][D][jomini_eventmanager.cpp:619]: Loaded [56] events from 'events/dlc/ep3/ep3_decisions_events.txt' 
[19:18:58][D][jomini_eventmanager.cpp:666]: >=== NAMESPACE > 'ep3_travel_option_events' is set to #3880000
[19:18:58][D][jomini_eventmanager.cpp:666]: >=== NAMESPACE > 'ep3_wedding' is set to #3890000
[19:18:58][D][gfx_texture_on_demand.cpp:292]: Texture on demand will silently skip missing texture 'gfx/interface/icons/culture_pillars/heritage_volga_finnic.dds'
[19:18:58][D][jomini_eventmanager.cpp:666]: >=== NAMESPACE > 'ep3_yearly' is set to #3900000
[19:18:58][D][jomini_eventmanager.cpp:619]: Loaded [39] events from 'events/dlc/ep3/ep3_interactions_events.txt' 
[19:18:58][D][gfx_texture_on_demand.cpp:292]: Texture on demand will silently skip missing texture 'gfx/interface/icons/culture_pillars/heritage_west_african.dds'
[19:18:58][D][jomini_eventmanager.cpp:619]: Loaded [1] events from 'events/dlc/ep3/ep3_yearly_3.txt' 
[19:18:58][D][jomini_eventmanager.cpp:619]: Loaded [1] events from 'events/dlc/ep3/ep3_yearly_1.txt' 
[19:18:58][D][gfx_texture_on_demand.cpp:292]: Texture on demand will silently skip missing texture 'gfx/interface/icons/culture_pillars/heritage_west_germanic.dds'
[19:18:58][D][jomini_eventmanager.cpp:666]: >=== NAMESPACE > 'fp1_jomsvikings' is set to #3910000
[19:18:58][D][jomini_eventmanager.cpp:666]: >=== NAMESPACE > 'fp1_other_decisions' is set to #3920000
[19:18:58][D][jomini_eventmanager.cpp:619]: Loaded [26] events from 'events/stress_events/stress_trait_coping_decisions_events.txt' 
[19:18:58][D][jomini_eventmanager.cpp:666]: >=== NAMESPACE > 'fp1_major_decisions' is set to #3930000
[19:18:58][D][gfx_texture_on_demand.cpp:292]: Texture on demand will silently skip missing texture 'gfx/interface/icons/culture_pillars/heritage_west_slavic.dds'
[19:18:59][D][gfx_texture_on_demand.cpp:292]: Texture on demand will silently skip missing texture 'gfx/interface/icons/culture_pillars/heritage_yoruba.dds'
[19:18:59][D][jomini_eventmanager.cpp:666]: >=== NAMESPACE > 'fp1_scandinavian_adventurers' is set to #3940000
[19:18:59][D][gfx_texture_on_demand.cpp:292]: Texture on demand will silently skip missing texture 'gfx/interface/icons/culture_pillars/heritage_tocharian.dds'
[19:18:59][D][jomini_eventmanager.cpp:619]: Loaded [3] events from 'events/dlc/ep3/ep3_wedding_events.txt' 
[19:18:59][D][gfx_texture_on_demand.cpp:292]: Texture on demand will silently skip missing texture 'gfx/interface/icons/culture_pillars/heritage_vlach.dds'
[19:18:59][D][jomini_eventmanager.cpp:619]: Loaded [16] events from 'events/dlc/fp1/fp1_major_decision_events.txt' 
[19:18:59][D][jomini_eventmanager.cpp:619]: Loaded [16] events from 'events/dlc/ep3/ep3_governor_yearly_3.txt' 
[19:18:59][D][jomini_eventmanager.cpp:619]: Loaded [51] events from 'events/dlc/ep3/ep3_contract_events.txt' 
[19:18:59][D][jomini_eventmanager.cpp:619]: Loaded [24] events from 'events/dlc/ep3/ep3_story_cycle_grand_ambitions_events.txt' 
[19:18:59][D][gfx_texture_on_demand.cpp:292]: Texture on demand will silently skip missing texture 'gfx/interface/icons/culture_pillars/heritage_caucasian.dds'
[19:18:59][D][jomini_eventmanager.cpp:619]: Loaded [30] events from 'events/dlc/ep3/ep3_story_cycle_harrying_of_the_north_events.txt' 
[19:18:59][D][jomini_eventmanager.cpp:619]: Loaded [9] events from 'events/dlc/fp1/fp1_jomsvikings_events.txt' 
[19:18:59][D][jomini_eventmanager.cpp:619]: Loaded [8] events from 'events/dlc/fp1/fp1_scandinavian_adventurer_events.txt' 
[19:18:59][D][jomini_eventmanager.cpp:619]: Loaded [64] events from 'events/dlc/ep2/ep2_tournament_events.txt' 
[19:18:59][D][jomini_eventmanager.cpp:666]: >=== NAMESPACE > 'fp1_shieldmaiden' is set to #3950000
[19:18:59][D][jomini_eventmanager.cpp:666]: >=== NAMESPACE > 'fp1_trade_events' is set to #3960000
[19:18:59][D][jomini_eventmanager.cpp:666]: >=== NAMESPACE > 'fp1_tbc' is set to #3970000
[19:18:59][D][gfx_texture_on_demand.cpp:292]: Texture on demand will silently skip missing texture 'gfx/interface/icons/culture_pillars/heritage_syriac.dds'
[19:18:59][D][jomini_eventmanager.cpp:666]: >=== NAMESPACE > 'fp1_varangian_adventures' is set to #3980000
[19:18:59][D][jomini_eventmanager.cpp:619]: Loaded [1] events from 'events/dlc/fp1/fp1_varangian_adventure_events.txt' 
[19:18:59][D][jomini_eventmanager.cpp:619]: Loaded [15] events from 'events/dlc/fp1/fp1_other_decision_events.txt' 
[19:18:59][D][jomini_eventmanager.cpp:619]: Loaded [67] events from 'events/dlc/ep3/ep3_laamp_events.txt' 
[19:18:59][D][jomini_eventmanager.cpp:666]: >=== NAMESPACE > 'fp1_yearly' is set to #3990000
[19:18:59][D][jomini_eventmanager.cpp:666]: >=== NAMESPACE > 'fp2_struggle' is set to #4000000
[19:18:59][D][gfx_texture_on_demand.cpp:292]: Texture on demand will silently skip missing texture 'gfx/interface/icons/culture_pillars/heritage_phoenician.dds'
[19:18:59][D][jomini_eventmanager.cpp:666]: >=== NAMESPACE > 'fp2_lyonese_monk' is set to #4010000
[19:18:59][D][jomini_eventmanager.cpp:666]: >=== NAMESPACE > 'fp2_other_decisions' is set to #4020000
[19:18:59][D][jomini_eventmanager.cpp:619]: Loaded [10] events from 'events/dlc/fp1/fp1_trial_by_combat_events.txt' 
[19:18:59][D][jomini_eventmanager.cpp:619]: Loaded [3] events from 'events/dlc/fp2/fp2_el_cid_events.txt' 
[19:18:59][D][gfx_texture_on_demand.cpp:292]: Texture on demand will silently skip missing texture 'gfx/interface/icons/culture_pillars/heritage_gothic.dds'
[19:18:59][D][jomini_eventmanager.cpp:666]: >=== NAMESPACE > 'fp2_yearly' is set to #4030000
[19:18:59][D][jomini_eventmanager.cpp:619]: Loaded [7] events from 'events/dlc/fp1/fp1_shieldmaiden_events.txt' 
[19:18:59][D][jomini_eventmanager.cpp:666]: >=== NAMESPACE > 'neutral_struggle' is set to #4040000
[19:18:59][D][jomini_eventmanager.cpp:666]: >=== NAMESPACE > 'neutral_situation' is set to #4050000
[19:18:59][D][jomini_eventmanager.cpp:619]: Loaded [4] events from 'events/dlc/ep3/ep3_travel_option_events.txt' 
[19:18:59][D][gfx_texture_on_demand.cpp:292]: Texture on demand will silently skip missing texture 'gfx/interface/icons/culture_pillars/heritage_egyptian.dds'
[19:18:59][D][jomini_eventmanager.cpp:666]: >=== NAMESPACE > 'clan_event' is set to #4060000
[19:18:59][D][jomini_eventmanager.cpp:619]: Loaded [17] events from 'events/court_events/01_ep3_court_events.txt' 
[19:18:59][D][jomini_eventmanager.cpp:619]: Loaded [8] events from 'events/dlc/fp2/neutral_struggle_events.txt' 
[19:18:59][D][jomini_eventmanager.cpp:666]: >=== NAMESPACE > 'fp3_clan' is set to #4070000
[19:18:59][D][gfx_texture_on_demand.cpp:292]: Texture on demand will silently skip missing texture 'gfx/interface/icons/culture_pillars/heritage_hunnic.dds'
[19:18:59][D][jomini_eventmanager.cpp:619]: Loaded [1] events from 'events/dlc/fp3/fp3_clan_events_hugo.txt' 
[19:18:59][D][jomini_eventmanager.cpp:619]: Loaded [11] events from 'events/dlc/fp1/fp1_trade_events.txt' 
[19:18:59][D][gfx_texture_on_demand.cpp:292]: Texture on demand will silently skip missing texture 'gfx/interface/icons/culture_pillars/heritage_ancient_greek.dds'
[19:18:59][D][jomini_eventmanager.cpp:619]: Loaded [35] events from 'events/dlc/ep3/ep3_story_cycle_admin_eunuch_events.txt' 
[19:18:59][D][jomini_eventmanager.cpp:666]: >=== NAMESPACE > 'fp3_dynasty_decision' is set to #4080000
[19:18:59][D][jomini_eventmanager.cpp:666]: >=== NAMESPACE > 'fp3_yearly' is set to #4090000
[19:18:59][D][jomini_eventmanager.cpp:619]: Loaded [17] events from 'events/dlc/fp1/fp1_yearly_events_oltner.txt' 
[19:18:59][D][jomini_eventmanager.cpp:619]: Loaded [3] events from 'events/dlc/fp3/fp3_clan_events_persia_specific_ola.txt' 
[19:18:59][D][gfx_texture_on_demand.cpp:292]: Texture on demand will silently skip missing texture 'gfx/interface/icons/culture_pillars/heritage_albanian.dds'
[19:18:59][D][jomini_eventmanager.cpp:619]: Loaded [33] events from 'events/yearly_events/yearly_events_5.txt' 
[19:18:59][D][jomini_eventmanager.cpp:666]: >=== NAMESPACE > 'fp3_frontier_story_cycle' is set to #4100000
[19:18:59][D][jomini_eventmanager.cpp:619]: Loaded [5] events from 'events/dlc/fp3/fp3_clan_events_2000.txt' 
[19:18:59][D][jomini_eventmanager.cpp:619]: Loaded [10] events from 'events/dlc/fp2/fp2_other_decision_events.txt' 
[19:18:59][D][gfx_texture_on_demand.cpp:292]: Texture on demand will silently skip missing texture 'gfx/interface/icons/culture_pillars/heritage_tungusic.dds'
[19:18:59][D][jomini_eventmanager.cpp:666]: >=== NAMESPACE > 'fp3_misc_decisions' is set to #4110000
[19:18:59][D][jomini_eventmanager.cpp:666]: >=== NAMESPACE > 'fp3_scholarship' is set to #4120000
[19:18:59][D][jomini_eventmanager.cpp:666]: >=== NAMESPACE > 'fp3_decision' is set to #4130000
[19:18:59][D][jomini_eventmanager.cpp:619]: Loaded [5] events from 'events/dlc/fp3/fp3_dynasty_decision_events.txt' 
[19:18:59][D][jomini_eventmanager.cpp:666]: >=== NAMESPACE > 'fp3_story_cycle_seljuks_invasion_events' is set to #4140000
[19:18:59][D][jomini_eventmanager.cpp:666]: >=== NAMESPACE > 'fp3_story_cycle_zanj_rebellion_events' is set to #4150000
[19:18:59][D][gfx_texture_on_demand.cpp:292]: Texture on demand will silently skip missing texture 'gfx/interface/icons/culture_pillars/heritage_nivkh.dds'
[19:18:59][D][jomini_eventmanager.cpp:619]: Loaded [2] events from 'events/dlc/fp3/fp3_story_cycle_seljuks_invasion_events.txt' 
[19:18:59][D][jomini_eventmanager.cpp:619]: Loaded [8] events from 'events/dlc/fp3/fp3_clan_events_ola.txt' 
[19:18:59][D][jomini_eventmanager.cpp:666]: >=== NAMESPACE > 'fp3_struggle' is set to #4160000
[19:18:59][D][jomini_eventmanager.cpp:619]: Loaded [16] events from 'events/dlc/fp3/fp3_extra_flavor_events.txt' 
[19:18:59][D][gfx_texture_on_demand.cpp:292]: Texture on demand will silently skip missing texture 'gfx/interface/icons/culture_pillars/heritage_japonic.dds'
[19:18:59][D][jomini_eventmanager.cpp:619]: Loaded [8] events from 'events/dlc/fp3/fp3_story_cycle_zanj_rebellion_events.txt' 
[19:18:59][D][gfx_texture_on_demand.cpp:292]: Texture on demand will silently skip missing texture 'gfx/interface/icons/culture_pillars/heritage_ainuic.dds'
[19:18:59][D][jomini_eventmanager.cpp:666]: >=== NAMESPACE > 'fp3_h_yearly' is set to #4170000
[19:18:59][D][jomini_eventmanager.cpp:619]: Loaded [8] events from 'events/dlc/fp3/fp3_frontier_story_cycle.txt' 
[19:18:59][D][jomini_eventmanager.cpp:619]: Loaded [27] events from 'events/dlc/fp2/fp2_lyonese_monk_events.txt' 
[19:18:59][D][jomini_eventmanager.cpp:619]: Loaded [9] events from 'events/dlc/fp3/fp3_religious_decision_events.txt' 
[19:18:59][D][jomini_eventmanager.cpp:619]: Loaded [1] events from 'events/dlc/fp3/fp3_yearly_events_hugo.txt' 
[19:18:59][D][jomini_eventmanager.cpp:666]: >=== NAMESPACE > 'raiding' is set to #4180000
[19:18:59][D][gfx_texture_on_demand.cpp:292]: Texture on demand will silently skip missing texture 'gfx/interface/icons/culture_pillars/heritage_mon_khmer.dds'
[19:18:59][D][jomini_eventmanager.cpp:619]: Loaded [23] events from 'events/dlc/fp3/fp3_struggle_events.txt' 
[19:18:59][D][jomini_eventmanager.cpp:666]: >=== NAMESPACE > 'trait_specific_interactions' is set to #4190000
[19:18:59][D][jomini_eventmanager.cpp:619]: Loaded [16] events from 'events/dlc/fp3/fp3_scholarship_events.txt' 
[19:18:59][D][jomini_eventmanager.cpp:666]: >=== NAMESPACE > 'mpo_decisions_events' is set to #4200000
[19:18:59][D][gfx_texture_on_demand.cpp:292]: Texture on demand will silently skip missing texture 'gfx/interface/icons/culture_pillars/heritage_viet.dds'
[19:18:59][D][jomini_eventmanager.cpp:666]: >=== NAMESPACE > 'mpo_events_anna' is set to #4210000
[19:18:59][D][jomini_eventmanager.cpp:619]: Loaded [6] events from 'events/dlc/fp3/fp3_tax_collector_events_ola.txt' 
[19:18:59][D][jomini_eventmanager.cpp:619]: Loaded [5] events from 'events/dlc/fp3/fp3_tax_collector_flavor_events.txt' 
[19:18:59][D][jomini_eventmanager.cpp:666]: >=== NAMESPACE > 'mpo_events_ariana' is set to #4220000
[19:18:59][D][jomini_eventmanager.cpp:619]: Loaded [11] events from 'events/trait_specific_events/trait_specific_interaction_events.txt' 
[19:18:59][D][jomini_eventmanager.cpp:619]: Loaded [18] events from 'events/dlc/fp3/fp3_heritage_events.txt' 
[19:18:59][D][gfx_texture_on_demand.cpp:292]: Texture on demand will silently skip missing texture 'gfx/interface/icons/culture_pillars/language_anglic.dds'
[19:18:59][D][jomini_eventmanager.cpp:666]: >=== NAMESPACE > 'mpo_flavor_events_settled' is set to #4230000
[19:18:59][D][jomini_eventmanager.cpp:666]: >=== NAMESPACE > 'mpo_events_tova' is set to #4240000
[19:18:59][D][jomini_eventmanager.cpp:619]: Loaded [6] events from 'events/dlc/mpo/mpo_events_anna.txt' 
[19:18:59][D][jomini_eventmanager.cpp:619]: Loaded [13] events from 'events/war_events/raid_events.txt' 
[19:18:59][D][jomini_eventmanager.cpp:666]: >=== NAMESPACE > 'mpo_interactions_events' is set to #4250000
[19:18:59][D][gfx_texture_on_demand.cpp:292]: Texture on demand will silently skip missing texture 'gfx/interface/icons/culture_pillars/language_arabic.dds'
[19:18:59][D][jomini_eventmanager.cpp:619]: Loaded [21] events from 'events/dlc/fp3/fp3_misc_decision_events.txt' 
[19:18:59][D][jomini_eventmanager.cpp:666]: >=== NAMESPACE > 'mpo_jamukha_flavor' is set to #4260000
[19:18:59][D][jomini_eventmanager.cpp:619]: Loaded [2] events from 'events/dlc/mpo/mpo_flavor_events_settled.txt' 
[19:18:59][D][gfx_texture_on_demand.cpp:292]: Texture on demand will silently skip missing texture 'gfx/interface/icons/culture_pillars/language_aramaic.dds'
[19:18:59][D][jomini_eventmanager.cpp:666]: >=== NAMESPACE > 'mpo_migration_travel_events' is set to #4270000
[19:18:59][D][jomini_eventmanager.cpp:619]: Loaded [3] events from 'events/dlc/mpo/mpo_jamukha_flavor_events.txt' 
[19:18:59][D][jomini_eventmanager.cpp:619]: Loaded [36] events from 'events/dlc/fp2/fp2_yearly_events.txt' 
[19:18:59][D][jomini_eventmanager.cpp:666]: >=== NAMESPACE > 'mpo_nomad_events' is set to #4280000
[19:18:59][D][jomini_eventmanager.cpp:666]: >=== NAMESPACE > 'mpo_bb_events' is set to #4290000
[19:18:59][D][gfx_texture_on_demand.cpp:292]: Texture on demand will silently skip missing texture 'gfx/interface/icons/culture_pillars/language_asli.dds'
[19:18:59][D][jomini_eventmanager.cpp:666]: >=== NAMESPACE > 'nomad_events' is set to #4300000
[19:18:59][D][jomini_eventmanager.cpp:619]: Loaded [1] events from 'events/dlc/mpo/mpo_nomads_blood_brothers_windy.txt' 
[19:18:59][D][jomini_eventmanager.cpp:619]: Loaded [2] events from 'events/travel_events/travel_danger_events_chad.txt' 
[19:18:59][D][jomini_eventmanager.cpp:619]: Loaded [16] events from 'events/dlc/fp3/fp3_yearly_events_eren.txt' 
[19:18:59][D][gfx_texture_on_demand.cpp:292]: Texture on demand will silently skip missing texture 'gfx/interface/icons/culture_pillars/language_austronesian.dds'
[19:18:59][D][jomini_eventmanager.cpp:619]: Loaded [11] events from 'events/dlc/mpo/mpo_interactions_events.txt' 
[19:18:59][D][jomini_eventmanager.cpp:666]: >=== NAMESPACE > 'nomad_events_oltner' is set to #4310000
[19:18:59][D][jomini_eventmanager.cpp:666]: >=== NAMESPACE > 'mpo_nomads_season_events' is set to #4320000
[19:18:59][D][jomini_eventmanager.cpp:619]: Loaded [10] events from 'events/dlc/mpo/mpo_events_tova.txt' 
[19:18:59][D][jomini_eventmanager.cpp:619]: Loaded [7] events from 'events/dlc/mpo/mpo_migration_travel_events.txt' 
[19:18:59][D][jomini_eventmanager.cpp:666]: >=== NAMESPACE > 'stress_trait_ongoing' is set to #4330000
[19:18:59][D][gfx_texture_on_demand.cpp:292]: Texture on demand will silently skip missing texture 'gfx/interface/icons/culture_pillars/language_carthaginian.dds'
[19:18:59][D][jomini_eventmanager.cpp:619]: Loaded [17] events from 'events/travel_events/travel_events_cultural_traditions.txt' 
[19:18:59][D][gfx_texture_on_demand.cpp:292]: Texture on demand will silently skip missing texture 'gfx/interface/icons/culture_pillars/language_papuan.dds'
[19:18:59][D][jomini_eventmanager.cpp:619]: Loaded [4] events from 'events/dlc/mpo/mpo_nomads_season_events.txt' 
[19:18:59][D][jomini_eventmanager.cpp:619]: Loaded [121] events from 'events/dlc/ep1/ep1_fund_inspiration_events.txt' 
[19:18:59][D][jomini_eventmanager.cpp:666]: >=== NAMESPACE > 'pam_the_christian_church' is set to #4340000
[19:18:59][D][jomini_eventmanager.cpp:666]: >=== NAMESPACE > 'pam_clergy_events' is set to #4350000
[19:18:59][D][gfx_texture_on_demand.cpp:292]: Texture on demand will silently skip missing texture 'gfx/interface/icons/culture_pillars/language_baltic.dds'
[19:18:59][D][jomini_eventmanager.cpp:666]: >=== NAMESPACE > 'pam_decision_events' is set to #4360000
[19:18:59][D][jomini_eventmanager.cpp:619]: Loaded [3] events from 'events/yearly_events/yearly_events_6.txt' 
[19:18:59][D][jomini_eventmanager.cpp:666]: >=== NAMESPACE > 'pam_great_projects_events' is set to #4370000
[19:18:59][D][gfx_texture_on_demand.cpp:292]: Texture on demand will silently skip missing texture 'gfx/interface/icons/culture_pillars/language_basque.dds'
[19:18:59][D][jomini_eventmanager.cpp:666]: >=== NAMESPACE > 'pam_generic_events' is set to #4380000
[19:18:59][D][jomini_eventmanager.cpp:619]: Loaded [11] events from 'events/dlc/pam/pam_clergy_events.txt' 
[19:18:59][D][jomini_eventmanager.cpp:619]: Loaded [7] events from 'events/dlc/mpo/mpo_nomads_flavour_events_oltner.txt' 
[19:18:59][D][gfx_texture_on_demand.cpp:292]: Texture on demand will silently skip missing texture 'gfx/interface/icons/culture_pillars/language_berber.dds'
[19:18:59][D][jomini_eventmanager.cpp:619]: Loaded [8] events from 'events/stress_events/stress_trait_ongoing_events.txt' 
[19:18:59][D][jomini_eventmanager.cpp:666]: >=== NAMESPACE > 'pam_holy_myron' is set to #4390000
[19:18:59][D][jomini_eventmanager.cpp:619]: Loaded [15] events from 'events/dlc/pam/pam_christian_situation_events.txt' 
[19:18:59][D][jomini_eventmanager.cpp:619]: Loaded [16] events from 'events/dlc/mpo/mpo_events_ariana.txt' 
[19:18:59][D][gfx_texture_on_demand.cpp:292]: Texture on demand will silently skip missing texture 'gfx/interface/icons/culture_pillars/language_brythonic.dds'
[19:18:59][D][jomini_eventmanager.cpp:619]: Loaded [78] events from 'events/dlc/ep2/wedding_events/ep2_wedding_events.txt' 
[19:18:59][D][jomini_eventmanager.cpp:666]: >=== NAMESPACE > 'pam_interactions_events' is set to #4400000
[19:18:59][D][jomini_eventmanager.cpp:619]: Loaded [9] events from 'events/dlc/pam/pam_holy_myron_events.txt' 
[19:18:59][D][jomini_eventmanager.cpp:666]: >=== NAMESPACE > 'pam_kingdom_of_heaven' is set to #4410000
[19:18:59][D][jomini_eventmanager.cpp:666]: >=== NAMESPACE > 'pam_religious_artifact_events' is set to #4420000
[19:18:59][D][jomini_eventmanager.cpp:619]: Loaded [1] events from 'events/dlc/pam/pam_kingdom_of_heaven_events.txt' 
[19:18:59][D][jomini_eventmanager.cpp:666]: >=== NAMESPACE > 'pam_monastic_funeral' is set to #4430000
[19:18:59][D][gfx_texture_on_demand.cpp:292]: Texture on demand will silently skip missing texture 'gfx/interface/icons/culture_pillars/language_burmese.dds'
[19:18:59][D][jomini_eventmanager.cpp:619]: Loaded [1] events from 'events/dlc/pam/pam_monastic_funeral_events.txt' 
[19:18:59][D][jomini_eventmanager.cpp:619]: Loaded [2] events from 'events/dlc/pam/pam_religious_artifact_events.txt' 
[19:18:59][D][jomini_eventmanager.cpp:666]: >=== NAMESPACE > 'pam_saint_events' is set to #4440000
[19:18:59][D][jomini_eventmanager.cpp:666]: >=== NAMESPACE > 'pam_ritual_celebrations_events' is set to #4450000
[19:18:59][D][gfx_texture_on_demand.cpp:292]: Texture on demand will silently skip missing texture 'gfx/interface/icons/culture_pillars/language_central_germanic.dds'
[19:18:59][D][jomini_eventmanager.cpp:619]: Loaded [11] events from 'events/dlc/pam/pam_generic_events.txt' 
[19:18:59][D][jomini_eventmanager.cpp:666]: >=== NAMESPACE > 'pam_secular_faith_events' is set to #4460000
[19:18:59][D][jomini_eventmanager.cpp:666]: >=== NAMESPACE > 'pam_spread_tenet_events' is set to #4470000
[19:18:59][D][jomini_eventmanager.cpp:619]: Loaded [7] events from 'events/dlc/pam/pam_saint_events.txt' 
[19:18:59][D][jomini_eventmanager.cpp:619]: Loaded [1] events from 'events/dlc/pam/pam_ritual_celebrations_events.txt' 
[19:18:59][D][jomini_eventmanager.cpp:666]: >=== NAMESPACE > 'pam_tenet_events' is set to #4480000
[19:18:59][D][jomini_eventmanager.cpp:619]: Loaded [26] events from 'events/dlc/bp2/bp2_yearly_5.txt' 
[19:18:59][D][gfx_texture_on_demand.cpp:292]: Texture on demand will silently skip missing texture 'gfx/interface/icons/culture_pillars/language_chadic.dds'
[19:18:59][D][jomini_eventmanager.cpp:666]: >=== NAMESPACE > 'pam_theocratic_budget_events' is set to #4490000
[19:18:59][D][jomini_eventmanager.cpp:619]: Loaded [1] events from 'events/dlc/pam/pam_theocratic_budget_events.txt' 
[19:18:59][D][jomini_eventmanager.cpp:619]: Loaded [48] events from 'events/dlc/ep3/ep3_laamp_decision_events.txt' 
[19:18:59][D][jomini_eventmanager.cpp:619]: Loaded [27] events from 'events/dlc/mpo/mpo_nomads_flavour_events.txt' 
[19:18:59][D][jomini_eventmanager.cpp:666]: >=== NAMESPACE > 'pam_theocratic_ruler_events' is set to #4500000
[19:18:59][D][gfx_texture_on_demand.cpp:292]: Texture on demand will silently skip missing texture 'gfx/interface/icons/culture_pillars/language_chinese.dds'
[19:18:59][D][jomini_eventmanager.cpp:619]: Loaded [23] events from 'events/dlc/pam/pam_decision_events.txt' 
[19:18:59][D][jomini_eventmanager.cpp:619]: Loaded [5] events from 'events/dlc/pam/pam_spread_tenet_activity_events.txt' 
[19:18:59][D][jomini_eventmanager.cpp:666]: >=== NAMESPACE > 'heresy_dangerous_rite' is set to #4510000
[19:18:59][D][jomini_eventmanager.cpp:619]: Loaded [13] events from 'events/dlc/pam/pam_great_projects_events.txt' 
[19:18:59][D][jomini_eventmanager.cpp:619]: Loaded [9] events from 'events/dlc/pam/pam_tenet_events.txt' 
[19:18:59][D][jomini_eventmanager.cpp:666]: >=== NAMESPACE > 'heresy_historical' is set to #4520000
[19:18:59][D][jomini_eventmanager.cpp:666]: >=== NAMESPACE > 'heresy_light' is set to #4530000
[19:18:59][D][gfx_texture_on_demand.cpp:292]: Texture on demand will silently skip missing texture 'gfx/interface/icons/culture_pillars/language_korean.dds'
[19:18:59][D][jomini_eventmanager.cpp:666]: >=== NAMESPACE > 'heresy_pulse' is set to #4540000
[19:18:59][D][jomini_eventmanager.cpp:666]: >=== NAMESPACE > 'tgp_ceremonial_liege_events' is set to #4550000
[19:18:59][D][jomini_eventmanager.cpp:619]: Loaded [1] events from 'events/dlc/pam/heresy/pam_heresy_pulse.txt' 
[19:18:59][D][jomini_eventmanager.cpp:666]: >=== NAMESPACE > 'tgp_child_personality' is set to #4560000
[19:18:59][D][jomini_eventmanager.cpp:619]: Loaded [39] events from 'events/dlc/fp2/fp2_struggle_events.txt' 
[19:18:59][D][jomini_eventmanager.cpp:619]: Loaded [3] events from 'events/dlc/pam/heresy/pam_heresy_light_events.txt' 
[19:18:59][D][jomini_eventmanager.cpp:666]: >=== NAMESPACE > 'tgp_china_career' is set to #4570000
[19:18:59][D][gfx_texture_on_demand.cpp:292]: Texture on demand will silently skip missing texture 'gfx/interface/icons/culture_pillars/language_cushitic.dds'
[19:18:59][D][jomini_eventmanager.cpp:619]: Loaded [3] events from 'events/dlc/pam/heresy/pam_heresy_dangerous_rite_events.txt' 
[19:18:59][D][jomini_eventmanager.cpp:666]: >=== NAMESPACE > 'tgp_china_decision' is set to #4580000
[19:18:59][D][jomini_eventmanager.cpp:666]: >=== NAMESPACE > 'tgp_china_ministry' is set to #4590000
[19:18:59][D][jomini_eventmanager.cpp:666]: >=== NAMESPACE > 'tgp_china_yearly' is set to #4600000
[19:18:59][D][jomini_eventmanager.cpp:619]: Loaded [3] events from 'events/dlc/pam/heresy/pam_heresy_historical_events.txt' 
[19:18:59][D][jomini_eventmanager.cpp:619]: Loaded [4] events from 'events/dlc/tgp/tgp_china_career_events.txt' 
[19:18:59][D][gfx_texture_on_demand.cpp:292]: Texture on demand will silently skip missing texture 'gfx/interface/icons/culture_pillars/language_sabaki.dds'
[19:18:59][D][jomini_eventmanager.cpp:666]: >=== NAMESPACE > 'author_book' is set to #4610000
[19:18:59][D][jomini_eventmanager.cpp:666]: >=== NAMESPACE > 'tgp_dynastic_cycle_decision_event' is set to #4620000
[19:18:59][D][jomini_eventmanager.cpp:619]: Loaded [4] events from 'events/dlc/tgp/tgp_china_decision_events.txt' 
[19:18:59][D][jomini_eventmanager.cpp:666]: >=== NAMESPACE > 'tgp_dynastic_cycle' is set to #4630000
[19:18:59][D][jomini_eventmanager.cpp:666]: >=== NAMESPACE > 'tgp_dynastic_cycle_events' is set to #4640000
[19:18:59][D][jomini_eventmanager.cpp:619]: Loaded [2] events from 'events/dlc/tgp/tgp_dynastic_cycle_decision_events.txt' 
[19:18:59][D][gfx_texture_on_demand.cpp:292]: Texture on demand will silently skip missing texture 'gfx/interface/icons/culture_pillars/language_dutch.dds'
[19:18:59][D][jomini_eventmanager.cpp:619]: Loaded [24] events from 'events/dlc/bp2/bp2_yearly_7.txt' 
[19:18:59][D][jomini_eventmanager.cpp:619]: Loaded [5] events from 'events/dlc/tgp/tgp_ceremonial_liege_events.txt' 
[19:18:59][D][jomini_eventmanager.cpp:619]: Loaded [34] events from 'events/dlc/mpo/mpo_decisions_events.txt' 
[19:18:59][D][jomini_eventmanager.cpp:619]: Loaded [5] events from 'events/dlc/tgp/tgp_china_yearly_events.txt' 
[19:18:59][D][jomini_eventmanager.cpp:666]: >=== NAMESPACE > 'tgp_east_asia_decision_events' is set to #4650000
[19:18:59][D][jomini_eventmanager.cpp:619]: Loaded [56] events from 'events/dlc/fp1/fp1_yearly_events.txt' 
[19:18:59][D][jomini_eventmanager.cpp:666]: >=== NAMESPACE > 'tgp_east_asia_interaction_events' is set to #4660000
[19:18:59][D][gfx_texture_on_demand.cpp:292]: Texture on demand will silently skip missing texture 'gfx/interface/icons/culture_pillars/language_east_slavic.dds'
[19:18:59][D][jomini_eventmanager.cpp:666]: >=== NAMESPACE > 'tgp_faction_events' is set to #4670000
[19:18:59][D][jomini_eventmanager.cpp:619]: Loaded [12] events from 'events/dlc/tgp/tgp_china_ministry_events.txt' 
[19:18:59][D][jomini_eventmanager.cpp:666]: >=== NAMESPACE > 'tgp_genpei_character' is set to #4680000
[19:18:59][D][jomini_eventmanager.cpp:666]: >=== NAMESPACE > 'tgp_governor_contract_event' is set to #4690000
[19:18:59][D][jomini_eventmanager.cpp:619]: Loaded [20] events from 'events/dlc/mpo/mpo_nomad_events_1.txt' 
[19:18:59][D][gfx_texture_on_demand.cpp:292]: Texture on demand will silently skip missing texture 'gfx/interface/icons/culture_pillars/language_ethiopic.dds'
[19:18:59][D][jomini_eventmanager.cpp:666]: >=== NAMESPACE > 'war_event' is set to #4700000
[19:18:59][D][jomini_eventmanager.cpp:619]: Loaded [6] events from 'events/dlc/tgp/tgp_dynastic_cycle_flavor_events.txt' 
[19:18:59][D][jomini_eventmanager.cpp:666]: >=== NAMESPACE > 'ep3_eparch_event' is set to #4710000
[19:18:59][D][jomini_eventmanager.cpp:666]: >=== NAMESPACE > 'ep3_frankokratia_events' is set to #4720000
[19:18:59][D][jomini_eventmanager.cpp:619]: Loaded [11] events from 'events/dlc/tgp/tgp_faction_events.txt' 
[19:18:59][D][jomini_eventmanager.cpp:619]: Loaded [15] events from 'events/dlc/pam/pam_theocratic_ruler_events.txt' 
[19:18:59][D][jomini_eventmanager.cpp:619]: Loaded [4] events from 'events/dlc/tgp/tgp_governor_contract_events_2000.txt' 
[19:18:59][D][gfx_texture_on_demand.cpp:292]: Texture on demand will silently skip missing texture 'gfx/interface/icons/culture_pillars/language_finnic.dds'
[19:18:59][D][jomini_eventmanager.cpp:619]: Loaded [4] events from 'events/dlc/tgp/tgp_commission_book.txt' 
[19:18:59][D][jomini_eventmanager.cpp:619]: Loaded [11] events from 'events/dlc/tgp/tgp_east_asia_decision_events.txt' 
[19:18:59][D][jomini_eventmanager.cpp:666]: >=== NAMESPACE > 'trait_specific_ongoing' is set to #4730000
[19:18:59][D][jomini_eventmanager.cpp:619]: Loaded [13] events from 'events/war_events/war_events.txt' 
[19:18:59][D][jomini_eventmanager.cpp:619]: Loaded [9] events from 'events/dlc/tgp/tgp_east_asia_interaction_events.txt' 
[19:18:59][D][jomini_eventmanager.cpp:666]: >=== NAMESPACE > 'tgp_japan_general' is set to #4740000
[19:18:59][D][jomini_eventmanager.cpp:666]: >=== NAMESPACE > 'tgp_japan_yearly_events' is set to #4750000
[19:18:59][D][gfx_texture_on_demand.cpp:292]: Texture on demand will silently skip missing texture 'gfx/interface/icons/culture_pillars/language_frankish.dds'
[19:18:59][D][jomini_eventmanager.cpp:666]: >=== NAMESPACE > 'tgp_korea_decision' is set to #4760000
[19:18:59][D][jomini_eventmanager.cpp:619]: Loaded [44] events from 'events/dlc/pam/pam_interactions_events.txt' 
[19:18:59][D][jomini_eventmanager.cpp:619]: Loaded [0] events from 'events/dlc/tgp/tgp_maintenance_events.txt' 
[19:18:59][D][jomini_eventmanager.cpp:619]: Loaded [2] events from 'events/dlc/tgp/tgp_korea_decision_events.txt' 
[19:18:59][D][jomini_eventmanager.cpp:619]: Loaded [11] events from 'events/dlc/tgp/tgp_genpei_character_events.txt' 
[19:18:59][D][jomini_eventmanager.cpp:666]: >=== NAMESPACE > 'tgp_east_asia_mandala_capital_events' is set to #4770000
[19:18:59][D][gfx_texture_on_demand.cpp:292]: Texture on demand will silently skip missing texture 'gfx/interface/icons/culture_pillars/language_french.dds'
[19:18:59][D][jomini_eventmanager.cpp:666]: >=== NAMESPACE > 'ep3_laamp_flavour_ewan' is set to #4780000
[19:18:59][D][jomini_eventmanager.cpp:619]: Loaded [2] events from 'events/dlc/tgp/tgp_mandala_capital_events.txt' 
[19:18:59][D][jomini_eventmanager.cpp:619]: Loaded [2] events from 'events/travel_events/travel_danger_events_dan.txt' 
[19:18:59][D][jomini_eventmanager.cpp:619]: Loaded [20] events from 'events/dlc/tgp/tgp_dynastic_cycle_events.txt' 
[19:18:59][D][gfx_texture_on_demand.cpp:292]: Texture on demand will silently skip missing texture 'gfx/interface/icons/culture_pillars/language_goidelic.dds'
[19:18:59][D][jomini_eventmanager.cpp:619]: Loaded [8] events from 'events/dlc/ep3/ep3_eparch_events.txt' 
[19:18:59][D][jomini_eventmanager.cpp:666]: >=== NAMESPACE > 'tgp_movement_events' is set to #4790000
[19:18:59][D][jomini_eventmanager.cpp:666]: >=== NAMESPACE > 'mentoring_scheme_event' is set to #4800000
[19:18:59][D][jomini_eventmanager.cpp:666]: >=== NAMESPACE > 'tgp_natural_disaster_contract_event' is set to #4810000
[19:18:59][D][jomini_eventmanager.cpp:666]: >=== NAMESPACE > 'natural_disaster_flavor_events' is set to #4820000
[19:18:59][D][gfx_texture_on_demand.cpp:292]: Texture on demand will silently skip missing texture 'gfx/interface/icons/culture_pillars/language_gur.dds'
[19:18:59][D][jomini_eventmanager.cpp:619]: Loaded [7] events from 'events/dlc/tgp/tgp_japan_general_events.txt' 
[19:18:59][D][jomini_eventmanager.cpp:619]: Loaded [2] events from 'events/dlc/tgp/tgp_mentoring_scheme_events.txt' 
[19:18:59][D][jomini_eventmanager.cpp:666]: >=== NAMESPACE > 'tgp_silk_road_events' is set to #4830000
[19:18:59][D][jomini_eventmanager.cpp:666]: >=== NAMESPACE > 'debug' is set to #4840000
[19:18:59][D][jomini_eventmanager.cpp:666]: >=== NAMESPACE > 'ep3_story_cycle_violet_poet' is set to #4850000
[19:18:59][D][gfx_texture_on_demand.cpp:292]: Texture on demand will silently skip missing texture 'gfx/interface/icons/culture_pillars/language_high_german.dds'
[19:18:59][D][jomini_eventmanager.cpp:666]: >=== NAMESPACE > 'ep3_travel_events' is set to #4860000
[19:18:59][D][jomini_eventmanager.cpp:619]: Loaded [8] events from 'events/dlc/tgp/tgp_natural_disaster_contract_events.txt' 
[19:18:59][D][jomini_eventmanager.cpp:619]: Loaded [2] events from 'events/dlc/tgp/tgp_silk_road_events.txt' 
[19:18:59][D][jomini_eventmanager.cpp:619]: Loaded [4] events from 'events/dlc/tgp/tgp_natural_disaster_flavor_events.txt' 
[19:18:59][D][gfx_texture_on_demand.cpp:292]: Texture on demand will silently skip missing texture 'gfx/interface/icons/culture_pillars/language_iberian.dds'
[19:18:59][D][jomini_eventmanager.cpp:666]: >=== NAMESPACE > 'childhood_education' is set to #4870000
[19:18:59][D][gfx_texture_on_demand.cpp:292]: Texture on demand will silently skip missing texture 'gfx/interface/icons/culture_pillars/language_sauraseni.dds'
[19:18:59][D][jomini_eventmanager.cpp:619]: Loaded [4] events from 'events/dlc/ep3/ep3_travel_events_8.txt' 
[19:18:59][D][jomini_eventmanager.cpp:666]: >=== NAMESPACE > 'childhood' is set to #4880000
[19:18:59][D][jomini_eventmanager.cpp:619]: Loaded [31] events from 'events/dlc/tgp/tgp_governor_contract_events.txt' 
[19:18:59][D][gfx_texture_on_demand.cpp:292]: Texture on demand will silently skip missing texture 'gfx/interface/icons/culture_pillars/language_marathi.dds'
[19:18:59][D][jomini_eventmanager.cpp:619]: Loaded [66] events from 'events/dlc/bp1/bp1_yearly.txt' 
[19:18:59][D][jomini_eventmanager.cpp:619]: Loaded [5] events from 'events/dlc/ep3/ep3_travel_events_3.txt' 
[19:18:59][D][gfx_texture_on_demand.cpp:292]: Texture on demand will silently skip missing texture 'gfx/interface/icons/culture_pillars/language_magadhan.dds'
[19:18:59][D][jomini_eventmanager.cpp:666]: >=== NAMESPACE > 'chinese_students' is set to #4890000
[19:18:59][D][jomini_eventmanager.cpp:666]: >=== NAMESPACE > 'coming_of_age' is set to #4900000
[19:18:59][D][jomini_eventmanager.cpp:619]: Loaded [42] events from 'events/trait_specific_events/trait_specific_ongoing_events.txt' 
[19:18:59][D][gfx_texture_on_demand.cpp:292]: Texture on demand will silently skip missing texture 'gfx/interface/icons/culture_pillars/language_pahari.dds'
[19:18:59][D][jomini_eventmanager.cpp:666]: >=== NAMESPACE > 'faction_demand' is set to #4910000
[19:18:59][D][jomini_eventmanager.cpp:619]: Loaded [17] events from 'events/education_and_childhood/childhood_education_events.txt' 
[19:18:59][D][jomini_eventmanager.cpp:666]: >=== NAMESPACE > 'faction_invitation' is set to #4920000
[19:18:59][D][gfx_texture_on_demand.cpp:292]: Texture on demand will silently skip missing texture 'gfx/interface/icons/culture_pillars/language_rajasthani.dds'
[19:18:59][D][jomini_eventmanager.cpp:619]: Loaded [3] events from 'events/factions/faction_invitations.txt' 
[19:18:59][D][jomini_eventmanager.cpp:619]: Loaded [20] events from 'events/dlc/ep3/ep3_story_cycle_violet_poet_events.txt' 
[19:18:59][D][jomini_eventmanager.cpp:666]: >=== NAMESPACE > 'clan' is set to #4930000
[19:18:59][D][jomini_eventmanager.cpp:619]: Loaded [19] events from 'events/dlc/tgp/tgp_japan_yearly_events.txt' 
[19:18:59][D][gfx_texture_on_demand.cpp:292]: Texture on demand will silently skip missing texture 'gfx/interface/icons/culture_pillars/language_vrachada.dds'
[19:18:59][D][jomini_eventmanager.cpp:666]: >=== NAMESPACE > 'tribal' is set to #4940000
[19:18:59][D][gfx_texture_on_demand.cpp:292]: Texture on demand will silently skip missing texture 'gfx/interface/icons/culture_pillars/language_sinhalese.dds'
[19:18:59][D][jomini_eventmanager.cpp:619]: Loaded [50] events from 'events/dlc/tgp/tgp_child_personality_events.txt' 
[19:18:59][D][jomini_eventmanager.cpp:666]: >=== NAMESPACE > 'adoption' is set to #4950000
[19:18:59][D][jomini_eventmanager.cpp:666]: >=== NAMESPACE > 'call_ally' is set to #4960000
[19:18:59][D][jomini_eventmanager.cpp:619]: Loaded [2] events from 'events/interaction_events/adoption_events.txt' 
[19:18:59][D][jomini_eventmanager.cpp:666]: >=== NAMESPACE > 'bastard_interaction' is set to #4970000
[19:18:59][D][jomini_eventmanager.cpp:619]: Loaded [3] events from 'events/interaction_events/alliance_interaction_events.txt' 
[19:18:59][D][jomini_eventmanager.cpp:619]: Loaded [17] events from 'events/dlc/tgp/tgp_movement_events.txt' 
[19:18:59][D][gfx_texture_on_demand.cpp:292]: Texture on demand will silently skip missing texture 'gfx/interface/icons/culture_pillars/language_kashmiri.dds'
[19:18:59][D][jomini_eventmanager.cpp:619]: Loaded [60] events from 'events/dlc/pam/pam_secular_faith_events.txt' 
[19:18:59][D][jomini_eventmanager.cpp:619]: Loaded [5] events from 'events/government_events/clan_events.txt' 
[19:18:59][D][jomini_eventmanager.cpp:666]: >=== NAMESPACE > 'char_interaction' is set to #4980000
[19:18:59][D][jomini_eventmanager.cpp:619]: Loaded [10] events from 'events/interaction_events/bastard_interaction_events.txt' 
[19:18:59][D][gfx_texture_on_demand.cpp:292]: Texture on demand will silently skip missing texture 'gfx/interface/icons/culture_pillars/language_tamil.dds'
[19:18:59][D][jomini_eventmanager.cpp:619]: Loaded [8] events from 'events/education_and_childhood/childhood_events_oltner.txt' 
[19:18:59][D][jomini_eventmanager.cpp:666]: >=== NAMESPACE > 'council_interaction' is set to #4990000
[19:18:59][D][jomini_eventmanager.cpp:666]: >=== NAMESPACE > 'demand_church_succession' is set to #5000000
[19:18:59][D][jomini_eventmanager.cpp:619]: Loaded [5] events from 'events/interaction_events/council_interaction_events.txt' 
[19:18:59][D][jomini_eventmanager.cpp:666]: >=== NAMESPACE > 'marriage_interaction' is set to #5010000
[19:18:59][D][jomini_eventmanager.cpp:666]: >=== NAMESPACE > 'vassal_interaction' is set to #5020000
[19:18:59][D][jomini_eventmanager.cpp:619]: Loaded [32] events from 'events/yearly_events/yearly_events_7.txt' 
[19:18:59][D][gfx_texture_on_demand.cpp:292]: Texture on demand will silently skip missing texture 'gfx/interface/icons/culture_pillars/language_telugu.dds'
[19:18:59][D][jomini_eventmanager.cpp:619]: Loaded [2] events from 'events/interaction_events/demand_church_succession_events.txt' 
[19:18:59][D][jomini_eventmanager.cpp:666]: >=== NAMESPACE > 'perk_interaction' is set to #5030000
[19:18:59][D][jomini_eventmanager.cpp:619]: Loaded [109] events from 'events/test_events/debug.txt' 
[19:18:59][D][jomini_eventmanager.cpp:619]: Loaded [27] events from 'events/dlc/tgp/tgp_japan_yearly_events_ariana.txt' 
[19:18:59][D][jomini_eventmanager.cpp:666]: >=== NAMESPACE > 'dynasty_legacy' is set to #5040000
[19:18:59][D][jomini_eventmanager.cpp:619]: Loaded [1] events from 'events/legacy_events/dynasty_legacy_events.txt' 
[19:18:59][D][jomini_eventmanager.cpp:619]: Loaded [5] events from 'events/interaction_events/perk_interaction_events.txt' 
[19:18:59][D][jomini_eventmanager.cpp:666]: >=== NAMESPACE > 'mystic_lifestyle' is set to #5050000
[19:18:59][D][jomini_eventmanager.cpp:666]: >=== NAMESPACE > 'commission_epic' is set to #5060000
[19:18:59][D][gfx_texture_on_demand.cpp:292]: Texture on demand will silently skip missing texture 'gfx/interface/icons/culture_pillars/language_kannada.dds'
[19:18:59][D][jomini_eventmanager.cpp:666]: >=== NAMESPACE > 'sell_titles' is set to #5070000
[19:18:59][D][jomini_eventmanager.cpp:666]: >=== NAMESPACE > 'subject_extortion' is set to #5080000
[19:18:59][D][gfx_texture_on_demand.cpp:292]: Texture on demand will silently skip missing texture 'gfx/interface/icons/culture_pillars/language_north_dravidian.dds'
[19:18:59][D][jomini_eventmanager.cpp:666]: >=== NAMESPACE > 'stewardship_duty' is set to #5090000
[19:18:59][D][jomini_eventmanager.cpp:666]: >=== NAMESPACE > 'stewardship_wealth' is set to #5100000
[19:18:59][D][jomini_eventmanager.cpp:666]: >=== NAMESPACE > 'stewardship_domain' is set to #5110000
[19:18:59][D][jomini_eventmanager.cpp:666]: >=== NAMESPACE > 'stewardship_general' is set to #5120000
[19:18:59][D][jomini_eventmanager.cpp:619]: Loaded [10] events from 'events/lifestyles/mystic_lifestyle_events.txt' 
[19:18:59][D][jomini_eventmanager.cpp:619]: Loaded [7] events from 'events/lifestyles/subject_extortion_events.txt' 
[19:18:59][D][gfx_texture_on_demand.cpp:292]: Texture on demand will silently skip missing texture 'gfx/interface/icons/culture_pillars/language_iranian.dds'
[19:18:59][D][jomini_eventmanager.cpp:619]: Loaded [18] events from 'events/interaction_events/vassal_interaction_events.txt' 
[19:18:59][D][jomini_eventmanager.cpp:619]: Loaded [15] events from 'events/education_and_childhood/coming_of_age_events.txt' 
[19:18:59][D][jomini_eventmanager.cpp:619]: Loaded [25] events from 'events/government_events/tribal_events.txt' 
[19:18:59][D][gfx_texture_on_demand.cpp:292]: Texture on demand will silently skip missing texture 'gfx/interface/icons/culture_pillars/language_israelite.dds'
[19:18:59][D][jomini_eventmanager.cpp:619]: Loaded [17] events from 'events/interaction_events/marriage_interaction_events.txt' 
[19:18:59][D][jomini_eventmanager.cpp:619]: Loaded [13] events from 'events/lifestyles/sell_titles_events.txt' 
[19:18:59][D][jomini_eventmanager.cpp:666]: >=== NAMESPACE > 'intrigue_dread' is set to #5130000
[19:18:59][D][jomini_eventmanager.cpp:666]: >=== NAMESPACE > 'intrigue_dread_special' is set to #5140000
[19:18:59][D][jomini_eventmanager.cpp:666]: >=== NAMESPACE > 'intrigue_lover' is set to #5150000
[19:18:59][D][gfx_texture_on_demand.cpp:292]: Texture on demand will silently skip missing texture 'gfx/interface/icons/culture_pillars/language_latin.dds'
[19:18:59][D][jomini_eventmanager.cpp:666]: >=== NAMESPACE > 'intrigue_scheming' is set to #5160000
[19:18:59][D][jomini_eventmanager.cpp:666]: >=== NAMESPACE > 'intrigue_scheming_special' is set to #5170000
[19:18:59][D][gfx_texture_on_demand.cpp:292]: Texture on demand will silently skip missing texture 'gfx/interface/icons/culture_pillars/language_kru.dds'
[19:18:59][D][jomini_eventmanager.cpp:666]: >=== NAMESPACE > 'intrigue_temptation' is set to #5180000
[19:18:59][D][jomini_eventmanager.cpp:666]: >=== NAMESPACE > 'intrigue_temptation_special' is set to #5190000
[19:18:59][D][jomini_eventmanager.cpp:666]: >=== NAMESPACE > 'learning_medicine' is set to #5200000
[19:18:59][D][jomini_eventmanager.cpp:666]: >=== NAMESPACE > 'learning_medicine_special' is set to #5210000
[19:18:59][D][jomini_eventmanager.cpp:666]: >=== NAMESPACE > 'learning_scholarship' is set to #5220000
[19:18:59][D][jomini_eventmanager.cpp:619]: Loaded [32] events from 'events/dlc/ep3/ep3_frankokratia_events.txt' 
[19:18:59][D][jomini_eventmanager.cpp:666]: >=== NAMESPACE > 'learning_scholarship_special' is set to #5230000
[19:18:59][D][gfx_texture_on_demand.cpp:292]: Texture on demand will silently skip missing texture 'gfx/interface/icons/culture_pillars/language_kwa.dds'
[19:18:59][D][jomini_eventmanager.cpp:619]: Loaded [46] events from 'events/factions/faction_demands.txt' 
[19:18:59][D][jomini_eventmanager.cpp:619]: Loaded [10] events from 'events/education_and_childhood/chinese_disciple_events.txt' 
[19:18:59][D][gfx_texture_on_demand.cpp:292]: Texture on demand will silently skip missing texture 'gfx/interface/icons/culture_pillars/language_magyar.dds'
[19:18:59][D][jomini_eventmanager.cpp:666]: >=== NAMESPACE > 'stewardship_general_special' is set to #5240000
[19:18:59][D][jomini_eventmanager.cpp:619]: Loaded [7] events from 'events/lifestyles/governance_lifestyle/stewardship_general_events.txt' 
[19:18:59][D][jomini_eventmanager.cpp:619]: Loaded [82] events from 'events/interaction_events/character_interaction_events.txt' 
[19:18:59][D][jomini_eventmanager.cpp:666]: >=== NAMESPACE > 'learning_theology' is set to #5250000
[19:18:59][D][jomini_eventmanager.cpp:666]: >=== NAMESPACE > 'learning_theology_special' is set to #5260000
[19:18:59][D][jomini_eventmanager.cpp:666]: >=== NAMESPACE > 'stewardship_domain_special' is set to #5270000
[19:18:59][D][jomini_eventmanager.cpp:619]: Loaded [3] events from 'events/lifestyles/intrigue_lifestyle/intrigue_events_bjorn.txt' 
[19:18:59][D][gfx_texture_on_demand.cpp:292]: Texture on demand will silently skip missing texture 'gfx/interface/icons/culture_pillars/language_manding.dds'
[19:18:59][D][jomini_eventmanager.cpp:666]: >=== NAMESPACE > 'diplomacy_family' is set to #5280000
[19:18:59][D][jomini_eventmanager.cpp:666]: >=== NAMESPACE > 'court_astrologer_events' is set to #5290000
[19:18:59][D][gfx_texture_on_demand.cpp:292]: Texture on demand will silently skip missing texture 'gfx/interface/icons/culture_pillars/language_mongolic.dds'
[19:18:59][D][jomini_eventmanager.cpp:619]: Loaded [2] events from 'events/dlc/mpo/court_astrologer_events.txt' 
[19:18:59][D][gfx_texture_on_demand.cpp:292]: Texture on demand will silently skip missing texture 'gfx/interface/icons/culture_pillars/language_norse.dds'
[19:18:59][D][jomini_eventmanager.cpp:619]: Loaded [31] events from 'events/lifestyles/commission_epic_events.txt' 
[19:18:59][D][gfx_texture_on_demand.cpp:292]: Texture on demand will silently skip missing texture 'gfx/interface/icons/culture_pillars/language_oghur.dds'
[19:18:59][D][jomini_eventmanager.cpp:666]: >=== NAMESPACE > 'travel_destinations' is set to #5300000
[19:18:59][D][jomini_eventmanager.cpp:619]: Loaded [1] events from 'events/travel_events/test_events.txt' 
[19:18:59][D][jomini_eventmanager.cpp:619]: Loaded [3] events from 'events/dlc/fp3/fp3_yearly_frontier_chains.txt' 
[19:18:59][D][gfx_texture_on_demand.cpp:292]: Texture on demand will silently skip missing texture 'gfx/interface/icons/culture_pillars/language_omotic.dds'
[19:18:59][D][jomini_eventmanager.cpp:666]: >=== NAMESPACE > 'stewardship_wealth_special' is set to #5310000
[19:18:59][D][jomini_eventmanager.cpp:619]: Loaded [13] events from 'events/lifestyles/governance_lifestyle/stewardship_wealth_events.txt' 
[19:18:59][D][jomini_eventmanager.cpp:666]: >=== NAMESPACE > 'internal_affairs' is set to #5320000
[19:18:59][D][jomini_eventmanager.cpp:666]: >=== NAMESPACE > 'journey_events' is set to #5330000
[19:19:00][D][gfx_texture_on_demand.cpp:292]: Texture on demand will silently skip missing texture 'gfx/interface/icons/culture_pillars/language_qiangic.dds'
[19:19:00][D][jomini_eventmanager.cpp:619]: Loaded [43] events from 'events/education_and_childhood/childhood_events.txt' 
[19:19:00][D][jomini_eventmanager.cpp:666]: >=== NAMESPACE > 'learn_commander_trait' is set to #5340000
[19:19:00][D][jomini_eventmanager.cpp:666]: >=== NAMESPACE > 'historical_commander_trait' is set to #5350000
[19:19:00][D][gfx_texture_on_demand.cpp:292]: Texture on demand will silently skip missing texture 'gfx/interface/icons/culture_pillars/language_sami.dds'
[19:19:00][D][gfx_texture_on_demand.cpp:292]: Texture on demand will silently skip missing texture 'gfx/interface/icons/culture_pillars/language_saxon.dds'
[19:19:00][D][jomini_eventmanager.cpp:619]: Loaded [8] events from 'events/lifestyles/intrigue_lifestyle/intrigue_temptation_events_2.txt' 
[19:19:00][D][gfx_texture_on_demand.cpp:292]: Texture on demand will silently skip missing texture 'gfx/interface/icons/culture_pillars/language_senegambian.dds'
[19:19:00][D][jomini_eventmanager.cpp:666]: >=== NAMESPACE > 'diplomacy_family_special' is set to #5360000
[19:19:00][D][gfx_texture_on_demand.cpp:292]: Texture on demand will silently skip missing texture 'gfx/interface/icons/culture_pillars/language_soninke.dds'
[19:19:00][D][jomini_eventmanager.cpp:619]: Loaded [18] events from 'events/lifestyles/intrigue_lifestyle/intrigue_temptation_events.txt' 
[19:19:00][D][gfx_texture_on_demand.cpp:292]: Texture on demand will silently skip missing texture 'gfx/interface/icons/culture_pillars/language_south_slavic.dds'
[19:19:00][D][jomini_eventmanager.cpp:619]: Loaded [7] events from 'events/lifestyles/warfare_lifestyle/historical_commander_trait_events.txt' 
[19:19:00][D][jomini_eventmanager.cpp:619]: Loaded [6] events from 'events/lifestyles/wanderer_lifestyle/wanderer_internal_affairs_events.txt' 
[19:19:00][D][jomini_eventmanager.cpp:619]: Loaded [16] events from 'events/lifestyles/wanderer_lifestyle/wanderer_journey_events.txt' 
[19:19:00][D][gfx_texture_on_demand.cpp:292]: Texture on demand will silently skip missing texture 'gfx/interface/icons/culture_pillars/language_slavonic.dds'
[19:19:00][D][jomini_eventmanager.cpp:619]: Loaded [16] events from 'events/lifestyles/warfare_lifestyle/learn_commander_trait_events.txt' 
[19:19:00][D][jomini_eventmanager.cpp:666]: >=== NAMESPACE > 'travel_events_fp3' is set to #5370000
[19:19:00][D][jomini_eventmanager.cpp:666]: >=== NAMESPACE > 'mpo_contract_events' is set to #5380000
[19:19:00][D][gfx_texture_on_demand.cpp:292]: Texture on demand will silently skip missing texture 'gfx/interface/icons/culture_pillars/language_sudanic.dds'
[19:19:00][D][jomini_eventmanager.cpp:666]: >=== NAMESPACE > 'migration_events' is set to #5390000
[19:19:00][D][jomini_eventmanager.cpp:666]: >=== NAMESPACE > 'martial_authority_special' is set to #5400000
[19:19:00][D][jomini_eventmanager.cpp:666]: >=== NAMESPACE > 'stewardship_duty_special' is set to #5410000
[19:19:00][D][jomini_eventmanager.cpp:666]: >=== NAMESPACE > 'warhorse' is set to #5420000
[19:19:00][D][gfx_texture_on_demand.cpp:292]: Texture on demand will silently skip missing texture 'gfx/interface/icons/culture_pillars/language_tibetan.dds'
[19:19:00][D][jomini_eventmanager.cpp:666]: >=== NAMESPACE > 'lifestyle_nicknames' is set to #5430000
[19:19:00][D][gfx_texture_on_demand.cpp:292]: Texture on demand will silently skip missing texture 'gfx/interface/icons/culture_pillars/language_tubu.dds'
[19:19:00][D][jomini_eventmanager.cpp:619]: Loaded [32] events from 'events/lifestyles/scholarship_lifestyle/learning_scholarship_events.txt' 
[19:19:00][D][jomini_eventmanager.cpp:619]: Loaded [2] events from 'events/travel_events/travel_danger_events_filippa.txt' 
[19:19:00][D][jomini_eventmanager.cpp:619]: Loaded [18] events from 'events/dlc/fp3/fp3_yearly_events_ola_batch_1.txt' 
[19:19:00][D][jomini_eventmanager.cpp:619]: Loaded [26] events from 'events/lifestyles/scholarship_lifestyle/learning_medicine_events.txt' 
[19:19:00][D][gfx_texture_on_demand.cpp:292]: Texture on demand will silently skip missing texture 'gfx/interface/icons/culture_pillars/language_turkic.dds'
[19:19:00][D][jomini_eventmanager.cpp:619]: Loaded [28] events from 'events/lifestyles/scholarship_lifestyle/learning_theology_events.txt' 
[19:19:00][D][gfx_texture_on_demand.cpp:292]: Texture on demand will silently skip missing texture 'gfx/interface/icons/culture_pillars/language_ugro_permian.dds'
[19:19:00][D][jomini_eventmanager.cpp:666]: >=== NAMESPACE > 'ep1_notifications' is set to #5440000
[19:19:00][D][jomini_eventmanager.cpp:666]: >=== NAMESPACE > 'rite_travel_events' is set to #5450000
[19:19:00][D][jomini_eventmanager.cpp:619]: Loaded [23] events from 'events/lifestyles/warfare_lifestyle/martial_authority_events.txt' 
[19:19:00][D][jomini_eventmanager.cpp:666]: >=== NAMESPACE > 'debug_portraits' is set to #5460000
[19:19:00][D][jomini_eventmanager.cpp:619]: Loaded [4] events from 'events/notification_events/ep1_notification_events.txt' 
[19:19:00][D][jomini_eventmanager.cpp:619]: Loaded [3] events from 'events/test_events/debug_portraits.txt' 
[19:19:00][D][jomini_eventmanager.cpp:619]: Loaded [2] events from 'events/passive_rite_learning_events/passive_rite_learning_travel_events.txt' 
[19:19:00][D][jomini_eventmanager.cpp:666]: >=== NAMESPACE > 'mpo_temujin_flavor' is set to #5470000
[19:19:00][D][jomini_eventmanager.cpp:666]: >=== NAMESPACE > 'pam_adorcism_events' is set to #5480000
[19:19:00][D][jomini_eventmanager.cpp:619]: Loaded [30] events from 'events/dlc/mpo/mpo_migration_contract_events.txt' 
[19:19:00][D][gfx_texture_on_demand.cpp:292]: Texture on demand will silently skip missing texture 'gfx/interface/icons/culture_pillars/language_volga_finnic.dds'
[19:19:00][D][jomini_eventmanager.cpp:619]: Loaded [32] events from 'events/lifestyles/intrigue_lifestyle/intrigue_dread_events.txt' 
[19:19:00][D][jomini_eventmanager.cpp:619]: Loaded [15] events from 'events/lifestyles/warfare_lifestyle/warhorse_events.txt' 
[19:19:00][D][jomini_eventmanager.cpp:619]: Loaded [3] events from 'events/dlc/pam/pam_adorcism_events.txt' 
[19:19:00][D][jomini_eventmanager.cpp:619]: Loaded [12] events from 'events/nickname_events/nickname_events.txt' 
[19:19:00][D][gfx_texture_on_demand.cpp:292]: Texture on demand will silently skip missing texture 'gfx/interface/icons/culture_pillars/language_yoruba.dds'
[19:19:00][D][jomini_eventmanager.cpp:666]: >=== NAMESPACE > 'pam_antipope_events' is set to #5490000
[19:19:00][D][jomini_eventmanager.cpp:666]: >=== NAMESPACE > 'yearly_persian' is set to #5500000
[19:19:00][D][jomini_eventmanager.cpp:666]: >=== NAMESPACE > 'pam_bull_events' is set to #5510000
[19:19:00][D][jomini_eventmanager.cpp:666]: >=== NAMESPACE > 'friendship' is set to #5520000
[19:19:00][D][jomini_eventmanager.cpp:619]: Loaded [4] events from 'events/dlc/mpo/mpo_story_cycle_temujin_flavor_events.txt' 
[19:19:00][D][jomini_eventmanager.cpp:666]: >=== NAMESPACE > 'lover' is set to #5530000
[19:19:00][D][gfx_texture_on_demand.cpp:292]: Texture on demand will silently skip missing texture 'gfx/interface/icons/culture_pillars/language_armenian.dds'
[19:19:00][D][jomini_eventmanager.cpp:666]: >=== NAMESPACE > 'rivalry' is set to #5540000
[19:19:00][D][jomini_eventmanager.cpp:666]: >=== NAMESPACE > 'mentor_student' is set to #5550000
[19:19:00][D][jomini_eventmanager.cpp:619]: Loaded [3] events from 'events/yearly_events/yearly_events_persia.txt' 
[19:19:00][D][jomini_eventmanager.cpp:666]: >=== NAMESPACE > 'parent' is set to #5560000
[19:19:00][D][jomini_eventmanager.cpp:666]: >=== NAMESPACE > 'relation_upgrade' is set to #5570000
[19:19:00][D][jomini_eventmanager.cpp:619]: Loaded [9] events from 'events/travel_events/travel_events_fp3.txt' 
[19:19:00][D][jomini_eventmanager.cpp:619]: Loaded [3] events from 'events/relations_events/mentor_student_events.txt' 
[19:19:00][D][jomini_eventmanager.cpp:619]: Loaded [33] events from 'events/lifestyles/statecraft_lifestyle/diplomacy_family_events.txt' 
[19:19:00][D][jomini_eventmanager.cpp:619]: Loaded [4] events from 'events/dlc/pam/pam_bull_events.txt' 
[19:19:00][D][gfx_texture_on_demand.cpp:292]: Texture on demand will silently skip missing texture 'gfx/interface/icons/culture_pillars/language_greek.dds'
[19:19:00][D][jomini_eventmanager.cpp:666]: >=== NAMESPACE > 'sibling' is set to #5580000
[19:19:00][D][jomini_eventmanager.cpp:666]: >=== NAMESPACE > 'spouse' is set to #5590000
[19:19:00][D][jomini_eventmanager.cpp:619]: Loaded [7] events from 'events/dlc/pam/pam_antipope_events.txt' 
[19:19:00][D][gfx_texture_on_demand.cpp:292]: Texture on demand will silently skip missing texture 'gfx/interface/icons/culture_pillars/language_scythian.dds'
[19:19:00][D][jomini_eventmanager.cpp:666]: >=== NAMESPACE > 'faith_conversion' is set to #5600000
[19:19:00][D][jomini_eventmanager.cpp:666]: >=== NAMESPACE > 'vassal' is set to #5610000
[19:19:00][D][jomini_eventmanager.cpp:619]: Loaded [74] events from 'events/lifestyles/governance_lifestyle/stewardship_duty_events.txt' 
[19:19:00][D][jomini_eventmanager.cpp:666]: >=== NAMESPACE > 'false_conversion' is set to #5620000
[19:19:00][D][jomini_eventmanager.cpp:666]: >=== NAMESPACE > 'faith_creation' is set to #5630000
[19:19:00][D][gfx_texture_on_demand.cpp:292]: Texture on demand will silently skip missing texture 'gfx/interface/icons/culture_pillars/language_georgian.dds'
[19:19:00][D][jomini_eventmanager.cpp:666]: >=== NAMESPACE > 'great_schism' is set to #5640000
[19:19:00][D][gfx_texture_on_demand.cpp:292]: Texture on demand will silently skip missing texture 'gfx/interface/icons/culture_pillars/language_occitano_romance.dds'
[19:19:00][D][jomini_eventmanager.cpp:666]: >=== NAMESPACE > 'great_holy_war' is set to #5650000
[19:19:00][D][jomini_eventmanager.cpp:619]: Loaded [2] events from 'events/religion_events/great_schism_events.txt' 
[19:19:00][D][jomini_eventmanager.cpp:619]: Loaded [9] events from 'events/religion_events/faith_conversion_events.txt' 
[19:19:00][D][jomini_eventmanager.cpp:619]: Loaded [14] events from 'events/relations_events/parent_events.txt' 
[19:19:00][D][gfx_texture_on_demand.cpp:292]: Texture on demand will silently skip missing texture 'gfx/interface/icons/culture_pillars/language_lechitic.dds'
[19:19:00][D][jomini_eventmanager.cpp:666]: >=== NAMESPACE > 'head_of_faith' is set to #5660000
[19:19:00][D][jomini_eventmanager.cpp:666]: >=== NAMESPACE > 'holy_order' is set to #5670000
[19:19:00][D][jomini_eventmanager.cpp:619]: Loaded [14] events from 'events/relations_events/sibling_events.txt' 
[19:19:00][D][jomini_eventmanager.cpp:619]: Loaded [0] events from 'events/religion_events/heresy_events.txt' 
[19:19:00][D][jomini_eventmanager.cpp:619]: Loaded [10] events from 'events/dlc/mpo/mpo_migration_events.txt' 
[19:19:00][D][gfx_texture_on_demand.cpp:292]: Texture on demand will silently skip missing texture 'gfx/interface/icons/culture_pillars/language_czech_slovak.dds'
[19:19:00][D][jomini_eventmanager.cpp:619]: Loaded [87] events from 'events/lifestyles/governance_lifestyle/stewardship_domain_events.txt' 
[19:19:00][D][jomini_eventmanager.cpp:666]: >=== NAMESPACE > 'human_sacrifice' is set to #5680000
[19:19:00][D][jomini_eventmanager.cpp:619]: Loaded [62] events from 'events/lifestyles/intrigue_lifestyle/intrigue_scheming_events.txt' 
[19:19:00][D][jomini_eventmanager.cpp:619]: Loaded [2] events from 'events/religion_events/human_sacrifice_events.txt' 
[19:19:00][D][jomini_eventmanager.cpp:619]: Loaded [14] events from 'events/religion_events/faith_creation_events.txt' 
[19:19:00][D][jomini_eventmanager.cpp:666]: >=== NAMESPACE > 'natural_primitivism' is set to #5690000
[19:19:00][D][gfx_texture_on_demand.cpp:292]: Texture on demand will silently skip missing texture 'gfx/interface/icons/culture_pillars/language_tocharian.dds'
[19:19:00][D][jomini_eventmanager.cpp:666]: >=== NAMESPACE > 'local_rites' is set to #5700000
[19:19:00][D][jomini_eventmanager.cpp:666]: >=== NAMESPACE > 'jewish_events' is set to #5710000
[19:19:00][D][jomini_eventmanager.cpp:666]: >=== NAMESPACE > 'petition_head_of_faith' is set to #5720000
[19:19:00][D][jomini_eventmanager.cpp:619]: Loaded [36] events from 'events/relations_events/rivalry_events.txt' 
[19:19:00][D][jomini_eventmanager.cpp:619]: Loaded [36] events from 'events/relations_events/friendship_events.txt' 
[19:19:00][D][jomini_eventmanager.cpp:619]: Loaded [1] events from 'events/religion_events/jewish_events.txt' 
[19:19:00][D][jomini_eventmanager.cpp:619]: Loaded [6] events from 'events/religion_events/head_of_faith_events.txt' 
[19:19:00][D][jomini_eventmanager.cpp:619]: Loaded [4] events from 'events/religion_events/natural_primitivism_events.txt' 
[19:19:00][D][gfx_texture_on_demand.cpp:292]: Texture on demand will silently skip missing texture 'gfx/interface/icons/culture_pillars/language_sardinian.dds'
[19:19:00][D][jomini_eventmanager.cpp:666]: >=== NAMESPACE > 'religious_decision' is set to #5730000
[19:19:00][D][jomini_eventmanager.cpp:666]: >=== NAMESPACE > 'religious_interaction' is set to #5740000
[19:19:00][D][jomini_eventmanager.cpp:666]: >=== NAMESPACE > 'rite_growth' is set to #5750000
[19:19:00][D][jomini_eventmanager.cpp:619]: Loaded [50] events from 'events/yearly_events/bp1_yearly_james.txt' 
[19:19:00][D][jomini_eventmanager.cpp:619]: Loaded [11] events from 'events/religion_events/false_conversion_events.txt' 
[19:19:00][D][jomini_eventmanager.cpp:666]: >=== NAMESPACE > 'agent_events' is set to #5760000
[19:19:00][D][gfx_texture_on_demand.cpp:292]: Texture on demand will silently skip missing texture 'gfx/interface/icons/culture_pillars/language_wallachian.dds'
[19:19:00][D][jomini_eventmanager.cpp:619]: Loaded [41] events from 'events/relations_events/spouse_events.txt' 
[19:19:00][D][jomini_eventmanager.cpp:666]: >=== NAMESPACE > 'hostile_scheme_discovery' is set to #5770000
[19:19:00][D][jomini_eventmanager.cpp:619]: Loaded [6] events from 'events/religion_events/local_shrine_events.txt' 
[19:19:00][D][jomini_eventmanager.cpp:666]: >=== NAMESPACE > 'diplomatic_scheme_lifestyle' is set to #5780000
[19:19:00][D][jomini_eventmanager.cpp:666]: >=== NAMESPACE > 'governor_contract_event' is set to #5790000
[19:19:00][D][gfx_texture_on_demand.cpp:292]: Texture on demand will silently skip missing texture 'gfx/interface/icons/culture_pillars/language_italian.dds'
[19:19:00][D][jomini_eventmanager.cpp:666]: >=== NAMESPACE > 'intrigue_scheme_lifestyle' is set to #5800000
[19:19:00][D][jomini_eventmanager.cpp:666]: >=== NAMESPACE > 'intrigue_scheme_ongoing' is set to #5810000
[19:19:00][D][jomini_eventmanager.cpp:666]: >=== NAMESPACE > 'laamp_base_learning_contract_events' is set to #5820000
[19:19:00][D][jomini_eventmanager.cpp:666]: >=== NAMESPACE > 'laamp_base_contract_schemes' is set to #5830000
[19:19:00][D][gfx_texture_on_demand.cpp:292]: Texture on demand will silently skip missing texture 'gfx/interface/icons/culture_pillars/language_ayneha.dds'
[19:19:00][D][jomini_eventmanager.cpp:619]: Loaded [3] events from 'events/religion_events/rite_growth_events.txt' 
[19:19:00][D][jomini_eventmanager.cpp:619]: Loaded [4] events from 'events/scheme_events/diplomatic_scheme_lifestyle_events.txt' 
[19:19:00][D][jomini_eventmanager.cpp:666]: >=== NAMESPACE > 'laamp_extra_contract_schemes' is set to #5840000
[19:19:00][D][gfx_texture_on_demand.cpp:292]: Texture on demand will silently skip missing texture 'gfx/interface/icons/culture_pillars/language_khitan.dds'
[19:19:00][D][jomini_eventmanager.cpp:619]: Loaded [8] events from 'events/scheme_events/hostile_scheme_discovery_events.txt' 
[19:19:00][D][jomini_eventmanager.cpp:619]: Loaded [55] events from 'events/travel_events/travel_events_filippa.txt' 
[19:19:00][D][jomini_eventmanager.cpp:666]: >=== NAMESPACE > 'personal_scheme_ongoing' is set to #5850000
[19:19:00][D][jomini_eventmanager.cpp:619]: Loaded [13] events from 'events/relations_events/relation_upgrade_events.txt' 
[19:19:00][D][jomini_eventmanager.cpp:619]: Loaded [9] events from 'events/scheme_events/intrigue_scheme_lifestyle_events.txt' 
[19:19:00][D][gfx_texture_on_demand.cpp:292]: Texture on demand will silently skip missing texture 'gfx/interface/icons/culture_pillars/language_tungusic.dds'
[19:19:00][D][jomini_eventmanager.cpp:619]: Loaded [1] events from 'events/scheme_events/personal_scheme_ongoing_events.txt' 
[19:19:00][D][jomini_eventmanager.cpp:666]: >=== NAMESPACE > 'tgp_interaction_event' is set to #5860000
[19:19:00][D][jomini_eventmanager.cpp:666]: >=== NAMESPACE > 'tgp_house_blocs' is set to #5870000
[19:19:00][D][gfx_texture_on_demand.cpp:292]: Texture on demand will silently skip missing texture 'gfx/interface/icons/culture_pillars/language_nivkh.dds'
[19:19:00][D][jomini_eventmanager.cpp:619]: Loaded [18] events from 'events/religion_events/petition_head_of_faith_events.txt' 
[19:19:00][D][jomini_eventmanager.cpp:666]: >=== NAMESPACE > 'tgp_japan_career' is set to #5880000
[19:19:00][D][jomini_eventmanager.cpp:619]: Loaded [4] events from 'events/dlc/tgp/tgp_house_blocs.txt' 
[19:19:00][D][jomini_eventmanager.cpp:619]: Loaded [1] events from 'events/dlc/tgp/tgp_japan_career_events.txt' 
[19:19:00][D][jomini_eventmanager.cpp:666]: >=== NAMESPACE > 'tgp_travel_events' is set to #5890000
[19:19:00][D][gfx_texture_on_demand.cpp:292]: Texture on demand will silently skip missing texture 'gfx/interface/icons/culture_pillars/language_egyptian.dds'
[19:19:00][D][jomini_eventmanager.cpp:666]: >=== NAMESPACE > 'tgp_japan_decision' is set to #5900000
[19:19:00][D][jomini_eventmanager.cpp:666]: >=== NAMESPACE > 'claim_throne_ongoing' is set to #5910000
[19:19:00][D][gfx_texture_on_demand.cpp:292]: Texture on demand will silently skip missing texture 'gfx/interface/icons/culture_pillars/language_hunnic.dds'
[19:19:00][D][jomini_eventmanager.cpp:666]: >=== NAMESPACE > 'befriend_outcome' is set to #5920000
[19:19:00][D][jomini_eventmanager.cpp:666]: >=== NAMESPACE > 'claim_throne_outcome' is set to #5930000
[19:19:00][D][jomini_eventmanager.cpp:619]: Loaded [12] events from 'events/scheme_events/laamp_extra_contract_scheme_events.txt' 
[19:19:00][D][jomini_eventmanager.cpp:619]: Loaded [33] events from 'events/relations_events/vassal_events.txt' 
[19:19:00][D][gfx_texture_on_demand.cpp:292]: Texture on demand will silently skip missing texture 'gfx/interface/icons/culture_pillars/language_tai.dds'
[19:19:00][D][gfx_texture_on_demand.cpp:292]: Texture on demand will silently skip missing texture 'gfx/interface/icons/culture_pillars/language_hmongic.dds'
[19:19:00][D][jomini_eventmanager.cpp:619]: Loaded [13] events from 'events/dlc/tgp/tgp_interaction_events.txt' 
[19:19:00][D][jomini_eventmanager.cpp:666]: >=== NAMESPACE > 'court_ongoing' is set to #5940000
[19:19:00][D][gfx_texture_on_demand.cpp:292]: Texture on demand will silently skip missing texture 'gfx/interface/icons/culture_pillars/language_ancient_greek.dds'
[19:19:00][D][jomini_eventmanager.cpp:619]: Loaded [20] events from 'events/religion_events/religious_decision_events.txt' 
[19:19:00][D][jomini_eventmanager.cpp:619]: Loaded [3] events from 'events/yearly_events/bp1_yearly_jason.txt' 
[19:19:00][D][jomini_eventmanager.cpp:619]: Loaded [9] events from 'events/scheme_events/claim_throne_scheme/claim_throne_ongoing_events.txt' 
[19:19:00][D][gfx_texture_on_demand.cpp:292]: Texture on demand will silently skip missing texture 'gfx/interface/icons/culture_pillars/language_albanian.dds'
[19:19:00][D][jomini_eventmanager.cpp:619]: Loaded [14] events from 'events/scheme_events/claim_throne_scheme/claim_throne_outcome_events.txt' 
[19:19:00][D][jomini_eventmanager.cpp:666]: >=== NAMESPACE > 'devaraja' is set to #5950000
[19:19:00][D][jomini_eventmanager.cpp:619]: Loaded [6] events from 'events/travel_events/tgp_travel_events.txt' 
[19:19:00][D][jomini_eventmanager.cpp:619]: Loaded [39] events from 'events/religion_events/religious_interaction_events.txt' 
[19:19:00][D][gfx_texture_on_demand.cpp:292]: Texture on demand will silently skip missing texture 'gfx/interface/icons/culture_pillars/language_japonic.dds'
[19:19:00][D][jomini_eventmanager.cpp:619]: Loaded [46] events from 'events/religion_events/great_holy_war_events.txt' 
[19:19:00][D][jomini_eventmanager.cpp:666]: >=== NAMESPACE > 'tgp_east_asia_mandala_task_contract_events' is set to #5960000
[19:19:00][D][jomini_eventmanager.cpp:666]: >=== NAMESPACE > 'tgp_east_asia_mandala_events' is set to #5970000
[19:19:00][D][jomini_eventmanager.cpp:619]: Loaded [27] events from 'events/religion_events/holy_order_events.txt' 
[19:19:00][D][gfx_texture_on_demand.cpp:292]: Texture on demand will silently skip missing texture 'gfx/interface/icons/culture_pillars/language_ainu.dds'
[19:19:00][D][jomini_eventmanager.cpp:666]: >=== NAMESPACE > 'learn_language_outcome' is set to #5980000
[19:19:00][D][jomini_eventmanager.cpp:666]: >=== NAMESPACE > 'coerce_tributary_ongoing' is set to #5990000
[19:19:00][D][jomini_eventmanager.cpp:666]: >=== NAMESPACE > 'coerce_and_leverage_contribution_ongoing' is set to #6000000
[19:19:00][D][gfx_texture_on_demand.cpp:292]: Texture on demand will silently skip missing texture 'gfx/interface/icons/culture_pillars/language_vietnamese.dds'
[19:19:00][D][jomini_eventmanager.cpp:666]: >=== NAMESPACE > 'insult_poetry' is set to #6010000
[19:19:00][D][jomini_eventmanager.cpp:619]: Loaded [25] events from 'events/scheme_events/agent_events.txt' 
[19:19:00][D][jomini_eventmanager.cpp:619]: Loaded [2] events from 'events/scheme_events/mandala_schemes/coerce_tributary_scheme_events.txt' 
[19:19:00][D][jomini_eventmanager.cpp:619]: Loaded [1] events from 'events/test_events/insult_poetry.txt' 
[19:19:00][D][gfx_texture_on_demand.cpp:292]: Texture on demand will silently skip missing texture 'gfx/interface/icons/culture_pillars/language_chamic.dds'
[19:19:00][D][jomini_eventmanager.cpp:619]: Loaded [74] events from 'events/relations_events/lover_events.txt' 
[19:19:00][D][jomini_eventmanager.cpp:666]: >=== NAMESPACE > 'tgp_tai_migration_event' is set to #6020000
[19:19:00][D][jomini_eventmanager.cpp:619]: Loaded [3] events from 'events/scheme_events/mandala_schemes/coerce_and_leverage_contribution_scheme_events.txt' 
[19:19:00][D][jomini_eventmanager.cpp:619]: Loaded [4] events from 'events/scheme_events/learn_language_scheme/learn_language_outcome_events.txt' 
[19:19:00][D][gfx_texture_on_demand.cpp:292]: Texture on demand will silently skip missing texture 'gfx/interface/icons/culture_pillars/language_mon_khmer.dds'
[19:19:00][D][jomini_eventmanager.cpp:666]: >=== NAMESPACE > 'tgp_travel_danger_events' is set to #6030000
[19:19:00][D][jomini_eventmanager.cpp:619]: Loaded [10] events from 'events/dlc/tgp/tgp_mandala_devaraja_events.txt' 
[19:19:00][D][jomini_eventmanager.cpp:619]: Loaded [40] events from 'events/scheme_events/governor_contract_events.txt' 
[19:19:00][D][jomini_eventmanager.cpp:666]: >=== NAMESPACE > 'child_personality' is set to #6040000
[19:19:00][D][jomini_eventmanager.cpp:666]: >=== NAMESPACE > 'tribute_mission' is set to #6050000
[19:19:00][D][jomini_eventmanager.cpp:666]: >=== NAMESPACE > 'yearly_saharan' is set to #6060000
[19:19:00][D][jomini_eventmanager.cpp:619]: Loaded [1] events from 'events/dlc/tgp/tgp_travel_danger_events.txt' 
[19:19:00][D][jomini_eventmanager.cpp:619]: Loaded [5] events from 'events/dlc/tgp/tgp_tai_migration_events.txt' 
[19:19:00][D][jomini_eventmanager.cpp:619]: Loaded [44] events from 'events/scheme_events/intrigue_scheme_ongoing_events.txt' 
[19:19:00][D][jomini_eventmanager.cpp:619]: Loaded [37] events from 'events/scheme_events/befriend_scheme/befriend_scheme_outcome_events.txt' 
[19:19:00][D][gfx_texture_on_demand.cpp:292]: Texture on demand will silently skip missing texture 'gfx/interface/icons/culture_pillars/_default.dds'
[19:19:00][D][gfx_texture_on_demand.cpp:292]: Texture on demand will silently skip missing texture 'gfx/interface/icons/culture_pillars/_default_debug.dds'
[19:19:00][D][gfx_texture_on_demand.cpp:292]: Texture on demand will silently skip missing texture 'gfx/interface/icons/culture_pillars/_default.dds'
[19:19:00][D][jomini_eventmanager.cpp:619]: Loaded [8] events from 'events/travel_events/travel_danger_events_joe.txt' 
[19:19:00][D][jomini_eventmanager.cpp:619]: Loaded [89] events from 'events/dlc/ep3/ep3_laamp_flavour_ewan_events.txt' 
[19:19:00][D][jomini_eventmanager.cpp:619]: Loaded [26] events from 'events/dlc/tgp/tgp_japan_decision_events.txt' 
[19:19:00][D][jomini_eventmanager.cpp:619]: Loaded [17] events from 'events/dlc/tgp/tgp_mandala_events.txt' 
[19:19:00][D][jomini_eventmanager.cpp:619]: Loaded [8] events from 'events/yearly_events/yearly_events_sahara.txt' 
[19:19:00][D][jomini_eventmanager.cpp:619]: Loaded [13] events from 'events/scheme_events/laamp_base_learning_contract_events.txt' 
[19:19:00][D][jomini_eventmanager.cpp:619]: Loaded [43] events from 'events/scheme_events/court_scheme/court_scheme_ongoing_events.txt' 
[19:19:00][D][jomini_eventmanager.cpp:619]: Loaded [23] events from 'events/dlc/tgp/tgp_tribute_mission_events.txt' 
[19:19:00][D][jomini_eventmanager.cpp:619]: Loaded [41] events from 'events/travel_events/travel_events_james.txt' 
[19:19:00][D][jomini_eventmanager.cpp:619]: Loaded [28] events from 'events/education_and_childhood/child_personality_events_2.txt' 
[19:19:00][D][jomini_eventmanager.cpp:619]: Loaded [42] events from 'events/dlc/tgp/tgp_mandala_task_contract_events.txt' 
[19:19:00][D][jomini_eventmanager.cpp:619]: Loaded [110] events from 'events/education_and_childhood/child_personality_events.txt' 
[19:19:00][D][jomini_eventmanager.cpp:619]: Loaded [198] events from 'events/scheme_events/laamp_base_contract_scheme_events.txt' 
[19:19:02][D][onaction.cpp:451]: >>> Total of : 931

[19:19:05][D][gfx_texture_on_demand.cpp:292]: Texture on demand will silently skip missing texture 'gfx/interface/illustrations/graphical_unit_types/small/levies/default.dds'
[19:19:05][D][gfx_texture_on_demand.cpp:292]: Texture on demand will silently skip missing texture 'gfx/interface/illustrations/graphical_unit_types/small/knights/default.dds'
[19:19:05][D][gfx_texture_on_demand.cpp:292]: Texture on demand will silently skip missing texture 'gfx/interface/illustrations/graphical_unit_types/small/accolades/default.dds'
[19:19:05][D][gfx_texture_on_demand.cpp:292]: Texture on demand will silently skip missing texture 'gfx/interface/illustrations/graphical_unit_types/big/accolades/default.dds'
[19:19:05][D][gfx_texture_on_demand.cpp:292]: Texture on demand will silently skip missing texture 'gfx/interface/illustrations/graphical_unit_types/big/levies/default.dds'
[19:19:05][D][gfx_texture_on_demand.cpp:292]: Texture on demand will silently skip missing texture 'gfx/interface/illustrations/graphical_unit_types/big/knights/default.dds'
[19:19:05][D][gfx_texture_on_demand.cpp:292]: Texture on demand will silently skip missing texture 'gfx/interface/illustrations/graphical_unit_types/small/levies/western.dds'
[19:19:05][D][gfx_texture_on_demand.cpp:292]: Texture on demand will silently skip missing texture 'gfx/interface/illustrations/graphical_unit_types/small/knights/western.dds'
[19:19:05][D][gfx_texture_on_demand.cpp:292]: Texture on demand will silently skip missing texture 'gfx/interface/illustrations/graphical_unit_types/small/accolades/western.dds'
[19:19:05][D][gfx_texture_on_demand.cpp:292]: Texture on demand will silently skip missing texture 'gfx/interface/illustrations/graphical_unit_types/big/levies/western.dds'
[19:19:05][D][gfx_texture_on_demand.cpp:292]: Texture on demand will silently skip missing texture 'gfx/interface/illustrations/graphical_unit_types/big/knights/western.dds'
[19:19:05][D][gfx_texture_on_demand.cpp:292]: Texture on demand will silently skip missing texture 'gfx/interface/illustrations/graphical_unit_types/small/accolades/norse.dds'
[19:19:05][D][gfx_texture_on_demand.cpp:292]: Texture on demand will silently skip missing texture 'gfx/interface/illustrations/graphical_unit_types/small/levies/norse.dds'
[19:19:05][D][gfx_texture_on_demand.cpp:292]: Texture on demand will silently skip missing texture 'gfx/interface/illustrations/graphical_unit_types/big/levies/norse.dds'
[19:19:05][D][gfx_texture_on_demand.cpp:292]: Texture on demand will silently skip missing texture 'gfx/interface/illustrations/graphical_unit_types/big/accolades/norse.dds'
[19:19:05][D][gfx_texture_on_demand.cpp:292]: Texture on demand will silently skip missing texture 'gfx/interface/illustrations/graphical_unit_types/small/accolades/nomad.dds'
[19:19:05][D][gfx_texture_on_demand.cpp:292]: Texture on demand will silently skip missing texture 'gfx/interface/illustrations/graphical_unit_types/small/levies/nomad.dds'
[19:19:05][D][gfx_texture_on_demand.cpp:292]: Texture on demand will silently skip missing texture 'gfx/interface/illustrations/graphical_unit_types/big/levies/nomad.dds'
[19:19:05][D][gfx_texture_on_demand.cpp:292]: Texture on demand will silently skip missing texture 'gfx/interface/illustrations/graphical_unit_types/small/accolades/iranian.dds'
[19:19:05][D][gfx_texture_on_demand.cpp:292]: Texture on demand will silently skip missing texture 'gfx/interface/illustrations/graphical_unit_types/small/levies/iranian.dds'
[19:19:05][D][gfx_texture_on_demand.cpp:292]: Texture on demand will silently skip missing texture 'gfx/interface/illustrations/graphical_unit_types/big/levies/iranian.dds'
[19:19:05][D][gfx_texture_on_demand.cpp:292]: Texture on demand will silently skip missing texture 'gfx/interface/illustrations/graphical_unit_types/small/accolades/byzantium.dds'
[19:19:05][D][gfx_texture_on_demand.cpp:292]: Texture on demand will silently skip missing texture 'gfx/interface/illustrations/graphical_unit_types/small/levies/byzantium.dds'
[19:19:05][D][gfx_texture_on_demand.cpp:292]: Texture on demand will silently skip missing texture 'gfx/interface/illustrations/graphical_unit_types/big/levies/byzantium.dds'
[19:19:05][D][gfx_texture_on_demand.cpp:292]: Texture on demand will silently skip missing texture 'gfx/interface/illustrations/graphical_unit_types/small/accolades/asia.dds'
[19:19:05][D][gfx_texture_on_demand.cpp:292]: Texture on demand will silently skip missing texture 'gfx/interface/illustrations/graphical_unit_types/big/accolades/byzantium.dds'
[19:19:05][D][gfx_texture_on_demand.cpp:292]: Texture on demand will silently skip missing texture 'gfx/interface/illustrations/graphical_unit_types/small/accolades/japanese.dds'
[19:19:05][D][gfx_texture_on_demand.cpp:292]: Texture on demand will silently skip missing texture 'gfx/interface/illustrations/graphical_unit_types/small/levies/japanese.dds'
[19:19:05][D][gfx_texture_on_demand.cpp:292]: Texture on demand will silently skip missing texture 'gfx/interface/illustrations/graphical_unit_types/small/accolades/muslim.dds'
[19:19:05][D][gfx_texture_on_demand.cpp:292]: Texture on demand will silently skip missing texture 'gfx/interface/illustrations/graphical_unit_types/big/levies/muslim.dds'
[19:19:05][D][gfx_texture_on_demand.cpp:292]: Texture on demand will silently skip missing texture 'gfx/interface/illustrations/graphical_unit_types/small/levies/muslim.dds'
[19:19:05][D][gfx_texture_on_demand.cpp:292]: Texture on demand will silently skip missing texture 'gfx/interface/illustrations/graphical_unit_types/small/knights/japanese.dds'
[19:19:05][D][gfx_texture_on_demand.cpp:292]: Texture on demand will silently skip missing texture 'gfx/interface/illustrations/graphical_unit_types/small/accolades/_default.dds'
[19:19:05][D][gfx_texture_on_demand.cpp:292]: Texture on demand will silently skip missing texture 'gfx/interface/illustrations/graphical_unit_types/big/knights/_default_debug.dds'
[19:19:05][D][gfx_texture_on_demand.cpp:292]: Texture on demand will silently skip missing texture 'gfx/interface/illustrations/graphical_unit_types/small/accolades/_default_debug.dds'
[19:19:05][D][gfx_texture_on_demand.cpp:292]: Texture on demand will silently skip missing texture 'gfx/interface/illustrations/graphical_unit_types/big/levies/_default_debug.dds'
[19:19:05][D][gfx_texture_on_demand.cpp:292]: Texture on demand will silently skip missing texture 'gfx/interface/illustrations/graphical_unit_types/small/levies/_default_debug.dds'
[19:19:05][D][gfx_texture_on_demand.cpp:292]: Texture on demand will silently skip missing texture 'gfx/interface/illustrations/graphical_unit_types/small/accolades/_default.dds'
[19:19:05][D][gfx_texture_on_demand.cpp:292]: Texture on demand will silently skip missing texture 'gfx/interface/illustrations/graphical_unit_types/big/accolades/_default_debug.dds'
[19:19:05][D][gfx_texture_on_demand.cpp:292]: Texture on demand will silently skip missing texture 'gfx/interface/illustrations/graphical_unit_types/small/knights/_default_debug.dds'
[19:19:06][D][gfx_texture_on_demand.cpp:292]: Texture on demand will silently skip missing texture 'gfx/interface/illustrations/struggle_backgrounds/details/struggle_iberia_phase_opportunity_detail_bg.dds'
[19:19:06][D][gfx_texture_on_demand.cpp:292]: Texture on demand will silently skip missing texture 'gfx/interface/illustrations/struggle_backgrounds/details/struggle_iberia_phase_hostility_detail_bg.dds'
[19:19:06][D][gfx_texture_on_demand.cpp:292]: Texture on demand will silently skip missing texture 'gfx/interface/illustrations/struggle_backgrounds/details/struggle_iberia_phase_compromise_detail_bg.dds'
[19:19:06][D][gfx_texture_on_demand.cpp:292]: Texture on demand will silently skip missing texture 'gfx/interface/illustrations/struggle_header_backgrounds/_default.dds'
[19:19:06][D][gfx_texture_on_demand.cpp:292]: Texture on demand will silently skip missing texture 'gfx/interface/illustrations/struggle_backgrounds/details/struggle_iberia_phase_conciliation_detail_bg.dds'
[19:19:06][D][gfx_texture_on_demand.cpp:292]: Texture on demand will silently skip missing texture 'gfx/interface/illustrations/struggle_header_backgrounds/_default_debug.dds'
[19:19:06][D][gfx_texture_on_demand.cpp:292]: Texture on demand will silently skip missing texture 'gfx/interface/illustrations/struggle_backgrounds/details/struggle_persia_phase_stabilisation_detail_bg.dds'
[19:19:06][D][gfx_texture_on_demand.cpp:292]: Texture on demand will silently skip missing texture 'gfx/interface/illustrations/struggle_header_backgrounds/_default.dds'
[19:19:06][D][gfx_texture_on_demand.cpp:292]: Texture on demand will silently skip missing texture 'gfx/interface/illustrations/struggle_backgrounds/details/struggle_persia_phase_unrest_detail_bg.dds'
[19:19:06][D][gfx_texture_on_demand.cpp:292]: Texture on demand will silently skip missing texture 'gfx/interface/illustrations/struggle_backgrounds/struggle_persia_ending_phase_concession_bg.dds'
[19:19:06][D][gfx_texture_on_demand.cpp:292]: Texture on demand will silently skip missing texture 'gfx/interface/illustrations/struggle_backgrounds/details/_default_debug_detail_bg.dds'
[19:19:06][D][gfx_texture_on_demand.cpp:292]: Texture on demand will silently skip missing texture 'gfx/interface/illustrations/struggle_backgrounds/_default_debug_bg.dds'
[19:19:06][D][gfx_texture_on_demand.cpp:292]: Texture on demand will silently skip missing texture 'gfx/interface/illustrations/struggle_backgrounds/details/_invalid_debug_detail_bg.dds'
[19:19:06][D][gfx_texture_on_demand.cpp:292]: Texture on demand will silently skip missing texture 'gfx/interface/illustrations/struggle_backgrounds/_invalid_debug_bg.dds'
[19:19:06][D][gfx_texture_on_demand.cpp:292]: Texture on demand will silently skip missing texture 'gfx/interface/icons/powerful_family_bonus/no_aspiration.dds'
[19:19:06][D][gfx_texture_on_demand.cpp:292]: Texture on demand will silently skip missing texture 'gfx/interface/icons/powerful_family_bonus/_default_small.dds'
[19:19:06][D][gfx_texture_on_demand.cpp:292]: Texture on demand will silently skip missing texture 'gfx/interface/icons/powerful_family_bonus/_default_debug_small.dds'
[19:19:06][D][gfx_texture_on_demand.cpp:292]: Texture on demand will silently skip missing texture 'gfx/interface/icons/powerful_family_bonus/_default_small.dds'
[19:19:06][D][gfx_texture_on_demand.cpp:292]: Texture on demand will silently skip missing texture 'gfx/interface/icons/powerful_family_bonus/_default.dds'
[19:19:06][D][gfx_texture_on_demand.cpp:292]: Texture on demand will silently skip missing texture 'gfx/interface/icons/powerful_family_bonus/_invalid_small.dds'
[19:19:06][D][gfx_texture_on_demand.cpp:292]: Texture on demand will silently skip missing texture 'gfx/interface/icons/powerful_family_bonus/_default_debug.dds'
[19:19:06][D][gfx_texture_on_demand.cpp:292]: Texture on demand will silently skip missing texture 'gfx/interface/icons/powerful_family_bonus/_invalid_debug_small.dds'
[19:19:06][D][gfx_texture_on_demand.cpp:292]: Texture on demand will silently skip missing texture 'gfx/interface/icons/powerful_family_bonus/_default.dds'
[19:19:06][D][gfx_texture_on_demand.cpp:292]: Texture on demand will silently skip missing texture 'gfx/interface/icons/powerful_family_bonus/_invalid.dds'
[19:19:06][D][gfx_texture_on_demand.cpp:292]: Texture on demand will silently skip missing texture 'gfx/interface/icons/powerful_family_bonus/_invalid_debug.dds'
[19:19:12][D][database_dependencies.cpp:437]: Database Node Init Time: CJominiNotificationTypeDatabase - 177 ms - 177 ms including dependencies
[19:19:13][D][database_dependencies.cpp:437]: Database Node Init Time: CJominiNamedValueDatabase - 1997 ms - 1997 ms including dependencies
[19:19:13][D][database_dependencies.cpp:437]: Database Node Init Time: NJominiEffectLocalization::CEffectLocalizationDatabase - 288 ms - 288 ms including dependencies
[19:19:13][D][database_dependencies.cpp:437]: Database Node Init Time: NJominiTriggerLocalization::CTriggerLocalizationDatabase - 643 ms - 643 ms including dependencies
[19:19:13][D][database_dependencies.cpp:437]: Database Node Init Time: CPortraitTypeDatabase - 0 ms - 0 ms including dependencies
[19:19:13][D][database_dependencies.cpp:437]: Database Node Init Time: CPortraitAgePresetDatabase - 0 ms - 0 ms including dependencies
[19:19:13][D][database_dependencies.cpp:437]: Database Node Init Time: CPortraitDecalDatabase - 0 ms - 0 ms including dependencies
[19:19:13][D][database_dependencies.cpp:437]: Database Node Init Time: CPortraitDecalAtlasDatabase - 0 ms - 0 ms including dependencies
[19:19:13][D][database_dependencies.cpp:437]: Database Node Init Time: CAccessoryVariationDatabase - 13247 ms - 13247 ms including dependencies
[19:19:13][D][database_dependencies.cpp:437]: Database Node Init Time: CGameRuleSettingDatabase - 0 ms - 0 ms including dependencies
[19:19:13][D][database_dependencies.cpp:437]: Database Node Init Time: CNamedColorDatabase - 16 ms - 16 ms including dependencies
[19:19:13][D][database_dependencies.cpp:437]: Database Node Init Time: CHoldingTypeDatabase - 91 ms - 91 ms including dependencies
[19:19:13][D][database_dependencies.cpp:437]: Database Node Init Time: CGeographicalRegionDatabase - 184 ms - 184 ms including dependencies
[19:19:13][D][database_dependencies.cpp:437]: Database Node Init Time: COpinionModifierDatabase - 1490 ms - 1490 ms including dependencies
[19:19:13][D][database_dependencies.cpp:437]: Database Node Init Time: CCombatEffectDatabase - 133 ms - 133 ms including dependencies
[19:19:13][D][database_dependencies.cpp:437]: Database Node Init Time: CStruggleCatalystTypeDatabase - 113 ms - 113 ms including dependencies
[19:19:13][D][database_dependencies.cpp:437]: Database Node Init Time: CSituationCatalystTypeDatabase - 64 ms - 64 ms including dependencies
[19:19:13][D][database_dependencies.cpp:437]: Database Node Init Time: CMapProvinceEffectDatabase - 13 ms - 13 ms including dependencies
[19:19:13][D][database_dependencies.cpp:437]: Database Node Init Time: CDoctrineCategoryTypeDatabase - 40 ms - 40 ms including dependencies
[19:19:13][D][database_dependencies.cpp:437]: Database Node Init Time: CHouseRelationLevelDatabase - 0 ms - 0 ms including dependencies
[19:19:13][D][database_dependencies.cpp:437]: Database Node Init Time: CDlcMetadataDatabase - 88 ms - 88 ms including dependencies
[19:19:13][D][database_dependencies.cpp:437]: Database Node Init Time: CMessageGroupTypeDatabase - 69 ms - 69 ms including dependencies
[19:19:13][D][database_dependencies.cpp:437]: Database Node Init Time: CPlayerMessageTypeDatabase - 477 ms - 477 ms including dependencies
[19:19:13][D][database_dependencies.cpp:437]: Database Node Init Time: CCourtSceneGroupDatabase - 109 ms - 109 ms including dependencies
[19:19:13][D][database_dependencies.cpp:437]: Database Node Init Time: CCharacterBackgroundTypeDatabase - 42 ms - 42 ms including dependencies
[19:19:13][D][database_dependencies.cpp:437]: Database Node Init Time: CCharacterInteractionCategoryDatabase - 59 ms - 59 ms including dependencies
[19:19:13][D][database_dependencies.cpp:437]: Database Node Init Time: CDynastyHouseTemplateDatabase - 226 ms - 226 ms including dependencies
[19:19:13][D][database_dependencies.cpp:437]: Database Node Init Time: CNicknameDatabase - 269 ms - 269 ms including dependencies
[19:19:13][D][database_dependencies.cpp:437]: Database Node Init Time: CBookmarkGroupDatabase - 110 ms - 110 ms including dependencies
[19:19:13][D][database_dependencies.cpp:437]: Database Node Init Time: CArtifactFeatureGroupDatabase - 180 ms - 180 ms including dependencies
[19:19:13][D][database_dependencies.cpp:437]: Database Node Init Time: CJominiLineDatabase - 1616 ms - 1616 ms including dependencies
[19:19:13][D][database_dependencies.cpp:437]: Database Node Init Time: NJominiMap::CMapObjectDatabase - 1779 ms - 1779 ms including dependencies
[19:19:13][D][database_dependencies.cpp:437]: Database Node Init Time: CConsoleGroupDatabase - 177 ms - 177 ms including dependencies
[19:19:13][D][database_dependencies.cpp:437]: Database Node Init Time: CCoatOfArmsDesignerPatternDatabase - 81 ms - 81 ms including dependencies
[19:19:13][D][database_dependencies.cpp:437]: Database Node Init Time: CCoatOfArmsColorPaletteDatabase - 197 ms - 197 ms including dependencies
[19:19:13][D][database_dependencies.cpp:437]: Database Node Init Time: CCoatOfArmsDesignerEmblemTextureDatabase - 203 ms - 203 ms including dependencies
[19:19:13][D][database_dependencies.cpp:437]: Database Node Init Time: CMorphemeStripRuleDatabase - 184 ms - 184 ms including dependencies
[19:19:13][D][database_dependencies.cpp:437]: Database Node Init Time: NJominiScriptSystem::SScriptDependencyWithoutDBDependencies - 0 ms - 1997 ms including dependencies
[19:19:13][D][database_dependencies.cpp:437]: Database Node Init Time: NScriptRules::SNamedValuesSetup - 0 ms - 1997 ms including dependencies
[19:19:13][D][database_dependencies.cpp:437]: Database Node Init Time: CPortraitTypeGroupDatabase - 56 ms - 56 ms including dependencies
[19:19:13][D][database_dependencies.cpp:437]: Database Node Init Time: CGameRuleDatabase - 159 ms - 159 ms including dependencies
[19:19:13][D][database_dependencies.cpp:437]: Database Node Init Time: CHoldingTypeTabIconDatabase - 100 ms - 191 ms including dependencies
[19:19:13][D][database_dependencies.cpp:437]: Database Node Init Time: CDlcIconDatabase - 81 ms - 169 ms including dependencies
[19:19:13][D][database_dependencies.cpp:437]: Database Node Init Time: CDlcPictureDatabase - 133 ms - 221 ms including dependencies
[19:19:13][D][database_dependencies.cpp:437]: Database Node Init Time: CDlcEventDecorationDatabase - 119 ms - 207 ms including dependencies
[19:19:13][D][database_dependencies.cpp:437]: Database Node Init Time: CMessageFilterTypeDatabase - 122 ms - 191 ms including dependencies
[19:19:13][D][database_dependencies.cpp:437]: Database Node Init Time: CPlayerMessageTypeIconDatabase - 1452 ms - 1929 ms including dependencies
[19:19:13][D][database_dependencies.cpp:437]: Database Node Init Time: CCharacterInteractionCategoryIconDatabase - 103 ms - 162 ms including dependencies
[19:19:13][D][database_dependencies.cpp:437]: Database Node Init Time: CCharacterInteractionCategoryBackgroundIconDatabase - 95 ms - 154 ms including dependencies
[19:19:13][D][database_dependencies.cpp:437]: Database Node Init Time: CDynastyTemplateDatabase - 682 ms - 908 ms including dependencies
[19:19:13][D][database_dependencies.cpp:437]: Database Node Init Time: CArtifactTypeDatabase - 44 ms - 224 ms including dependencies
[19:19:13][D][database_dependencies.cpp:437]: Database Node Init Time: CScriptedRelationDatabase - 16 ms - 16 ms including dependencies
[19:19:13][D][database_dependencies.cpp:437]: Database Node Init Time: CDynastyLegacyDatabase - 42 ms - 42 ms including dependencies
[19:19:13][D][database_dependencies.cpp:437]: Database Node Init Time: CLifestyleDatabase - 7 ms - 7 ms including dependencies
[19:19:13][D][database_dependencies.cpp:437]: Database Node Init Time: CGeneDatabase - 301 ms - 357 ms including dependencies
[19:19:13][D][database_dependencies.cpp:437]: Database Node Init Time: CPortraitEnvironmentDatabase - 1811 ms - 1867 ms including dependencies
[19:19:13][D][database_dependencies.cpp:437]: Database Node Init Time: CPortraitCameraDatabase - 192 ms - 248 ms including dependencies
[19:19:13][D][database_dependencies.cpp:437]: Database Node Init Time: CDynastyLegacyIconDatabase - 112 ms - 154 ms including dependencies
[19:19:13][D][database_dependencies.cpp:437]: Database Node Init Time: CDynastyLegacyTrackIconDatabase - 55 ms - 97 ms including dependencies
[19:19:13][D][database_dependencies.cpp:437]: Database Node Init Time: NDatabase::SDynamicEffectsAndTriggersDependency - 0 ms - 65 ms including dependencies
[19:19:13][D][database_dependencies.cpp:437]: Database Node Init Time: CLifestyleIconDatabase - 22 ms - 29 ms including dependencies
[19:19:13][D][database_dependencies.cpp:437]: Database Node Init Time: CLifestyleBackgroundDatabase - 22 ms - 29 ms including dependencies
[19:19:13][D][database_dependencies.cpp:437]: Database Node Init Time: CEthnicityDatabase - 1225 ms - 1582 ms including dependencies
[19:19:13][D][database_dependencies.cpp:437]: Database Node Init Time: CPortraitAccessoryDatabase - 1026 ms - 1383 ms including dependencies
[19:19:13][D][database_dependencies.cpp:437]: Database Node Init Time: CDnaDataDatabase - 1498 ms - 1799 ms including dependencies
[19:19:13][D][database_dependencies.cpp:437]: Database Node Init Time: NJominiScriptArgumentHelper::SDatabaseDependencies - 0 ms - 0 ms including dependencies
[19:19:13][D][database_dependencies.cpp:437]: Database Node Init Time: CJominiScriptedTriggerTemplateDatabase - 1306 ms - 1306 ms including dependencies
[19:19:13][D][database_dependencies.cpp:437]: Database Node Init Time: CJominiScriptedModifierTemplateDatabase - 250 ms - 250 ms including dependencies
[19:19:13][D][database_dependencies.cpp:437]: Database Node Init Time: CJominiScriptedListTemplateDatabase - 8 ms - 8 ms including dependencies
[19:19:16][D][database_dependencies.cpp:437]: Database Node Init Time: CJominiScriptedEffectTemplateDatabase - 2142 ms - 3448 ms including dependencies
[19:19:16][D][database_dependencies.cpp:437]: Database Node Init Time: NJominiScriptSystem::SScriptDependency - 0 ms - 3706 ms including dependencies
[19:19:16][D][database_dependencies.cpp:437]: Database Node Init Time: CJominiScriptedGuiDatabase - 129 ms - 129 ms including dependencies
[19:19:16][D][database_dependencies.cpp:437]: Database Node Init Time: CJominiScriptedRuleDatabase - 92 ms - 92 ms including dependencies
[19:19:16][D][database_dependencies.cpp:437]: Database Node Init Time: CJominiCustomTextDatabase - 5666 ms - 5666 ms including dependencies
[19:19:16][D][database_dependencies.cpp:437]: Database Node Init Time: CPortraitModifierDatabase - 2009 ms - 2310 ms including dependencies
[19:19:16][D][database_dependencies.cpp:437]: Database Node Init Time: CCoatOfArmsTemplateListsDatabase - 10185 ms - 10201 ms including dependencies
[19:19:16][D][database_dependencies.cpp:437]: Database Node Init Time: CTutorialLessonChainDatabase - 115 ms - 115 ms including dependencies
[19:19:16][D][database_dependencies.cpp:437]: Database Node Init Time: CSuccessionElectionTypeDatabase - 393 ms - 393 ms including dependencies
[19:19:16][D][database_dependencies.cpp:437]: Database Node Init Time: CScriptedAnimationsDatabase - 138 ms - 330 ms including dependencies
[19:19:16][D][database_dependencies.cpp:437]: Database Node Init Time: CTaskContractTypeDatabase - 410 ms - 410 ms including dependencies
[19:19:16][D][database_dependencies.cpp:437]: Database Node Init Time: CSuccessionAppointmentTypeDatabase - 196 ms - 196 ms including dependencies
[19:19:16][D][database_dependencies.cpp:437]: Database Node Init Time: CTravelPointOfInterestTypeDatabase - 156 ms - 156 ms including dependencies
[19:19:16][D][database_dependencies.cpp:437]: Database Node Init Time: CVassalStanceDatabase - 62 ms - 62 ms including dependencies
[19:19:16][D][database_dependencies.cpp:437]: Database Node Init Time: CAIWarStanceDatabase - 112 ms - 112 ms including dependencies
[19:19:16][D][database_dependencies.cpp:437]: Database Node Init Time: CCombatPhaseEventTypeDatabase - 97 ms - 97 ms including dependencies
[19:19:16][D][database_dependencies.cpp:437]: Database Node Init Time: CRaidIntentsDatabase - 182 ms - 182 ms including dependencies
[19:19:16][D][database_dependencies.cpp:437]: Database Node Init Time: CSituationGroupTypeDatabase - 180 ms - 180 ms including dependencies
[19:19:16][D][database_dependencies.cpp:437]: Database Node Init Time: CDoctrineGroupTypeDatabase - 138 ms - 178 ms including dependencies
[19:19:16][D][database_dependencies.cpp:437]: Database Node Init Time: CDynamicRiteIconDatabase - 79 ms - 79 ms including dependencies
[19:19:16][D][database_dependencies.cpp:437]: Database Node Init Time: CDynamicRiteNameDatabase - 107 ms - 107 ms including dependencies
[19:19:16][D][database_dependencies.cpp:437]: Database Node Init Time: CCasusBelliGroupDatabase - 158 ms - 158 ms including dependencies
[19:19:16][D][database_dependencies.cpp:437]: Database Node Init Time: CConfederationTypeDatabase - 128 ms - 128 ms including dependencies
[19:19:16][D][database_dependencies.cpp:437]: Database Node Init Time: CDecisionGroupTypeDatabase - 56 ms - 56 ms including dependencies
[19:19:16][D][database_dependencies.cpp:437]: Database Node Init Time: CHouseRelationTypeDatabase - 151 ms - 151 ms including dependencies
[19:19:16][D][database_dependencies.cpp:437]: Database Node Init Time: CMandateTypeDatabase - 128 ms - 128 ms including dependencies
[19:19:16][D][database_dependencies.cpp:437]: Database Node Init Time: CAchievementsDatabase - 274 ms - 274 ms including dependencies
[19:19:16][D][database_dependencies.cpp:437]: Database Node Init Time: CImportantActionTypeDatabase - 923 ms - 923 ms including dependencies
[19:19:16][D][database_dependencies.cpp:437]: Database Node Init Time: CScriptedTestDatabase - 301 ms - 301 ms including dependencies
[19:19:16][D][database_dependencies.cpp:437]: Database Node Init Time: CSuggestionTypeDatabase - 207 ms - 207 ms including dependencies
[19:19:16][D][database_dependencies.cpp:437]: Database Node Init Time: CHookTypeDatabase - 171 ms - 171 ms including dependencies
[19:19:16][D][database_dependencies.cpp:437]: Database Node Init Time: CSchemeAgentSlotTypeDatabase - 263 ms - 263 ms including dependencies
[19:19:16][D][database_dependencies.cpp:437]: Database Node Init Time: CSchemePulseActionDatabase - 191 ms - 191 ms including dependencies
[19:19:16][D][database_dependencies.cpp:437]: Database Node Init Time: CSecretTypeDatabase - 189 ms - 189 ms including dependencies
[19:19:16][D][database_dependencies.cpp:437]: Database Node Init Time: CCultureCreationNameDatabase - 95 ms - 95 ms including dependencies
[19:19:16][D][database_dependencies.cpp:437]: Database Node Init Time: CCourtSceneRoleDatabase - 69 ms - 178 ms including dependencies
[19:19:16][D][database_dependencies.cpp:437]: Database Node Init Time: CManagedCourtierGuestTypeDatabase - 106 ms - 106 ms including dependencies
[19:19:16][D][database_dependencies.cpp:437]: Database Node Init Time: CGuestSystemDatabase - 105 ms - 105 ms including dependencies
[19:19:16][D][database_dependencies.cpp:437]: Database Node Init Time: CCharacterMemoryTypeDatabase - 2023 ms - 2023 ms including dependencies
[19:19:16][D][database_dependencies.cpp:437]: Database Node Init Time: CDeathReasonDatabase - 96 ms - 96 ms including dependencies
[19:19:16][D][database_dependencies.cpp:437]: Database Node Init Time: CPoolCharacterSelectorDatabase - 105 ms - 147 ms including dependencies
[19:19:16][D][database_dependencies.cpp:437]: Database Node Init Time: CDynastyHouseMottoFormatInsertDatabase - 85 ms - 85 ms including dependencies
[19:19:16][D][database_dependencies.cpp:437]: Database Node Init Time: CScriptedCharacterTemplateDatabase - 1800 ms - 1800 ms including dependencies
[19:19:16][D][database_dependencies.cpp:437]: Database Node Init Time: CScriptedCostDatabase - 58 ms - 2055 ms including dependencies
[19:19:16][D][database_dependencies.cpp:437]: Database Node Init Time: CDomicileTypeDatabase - 115 ms - 115 ms including dependencies
[19:19:16][D][database_dependencies.cpp:437]: Database Node Init Time: CArtifactFeatureDatabase - 140 ms - 320 ms including dependencies
[19:19:16][D][database_dependencies.cpp:437]: Database Node Init Time: CArtifactScriptedTemplateDatabase - 115 ms - 115 ms including dependencies
[19:19:16][D][database_dependencies.cpp:437]: Database Node Init Time: CArtifactVisualTypeDatabase - 205 ms - 205 ms including dependencies
[19:19:16][D][database_dependencies.cpp:437]: Database Node Init Time: CInventorySlotTypeDatabase - 60 ms - 60 ms including dependencies
[19:19:16][D][database_dependencies.cpp:437]: Database Node Init Time: CConnectionArrowDatabase - 56 ms - 56 ms including dependencies
[19:19:16][D][database_dependencies.cpp:437]: Database Node Init Time: CIllustrationTypeDatabase - 644 ms - 644 ms including dependencies
[19:19:16][D][database_dependencies.cpp:437]: Database Node Init Time: CHUDSkinDatabase - 49 ms - 49 ms including dependencies
[19:19:16][D][database_dependencies.cpp:437]: Database Node Init Time: CInspirationTypeDatabase - 66 ms - 66 ms including dependencies
[19:19:16][D][database_dependencies.cpp:437]: Database Node Init Time: CActivityGuestInviteRulesDatabase - 44 ms - 44 ms including dependencies
[19:19:16][D][database_dependencies.cpp:437]: Database Node Init Time: CActivityGroupTypeDatabase - 44 ms - 44 ms including dependencies
[19:19:16][D][database_dependencies.cpp:437]: Database Node Init Time: CActivityIntentsDatabase - 913 ms - 913 ms including dependencies
[19:19:16][D][database_dependencies.cpp:437]: Database Node Init Time: CActivityLocaleTypeDatabase - 47 ms - 47 ms including dependencies
[19:19:16][D][database_dependencies.cpp:437]: Database Node Init Time: CActivityPulseActionDatabase - 1574 ms - 1574 ms including dependencies
[19:19:16][D][database_dependencies.cpp:437]: Database Node Init Time: CTaxSlotTypeDatabase - 73 ms - 73 ms including dependencies
[19:19:16][D][database_dependencies.cpp:437]: Database Node Init Time: CEventBackgroundDatabase - 1117 ms - 1117 ms including dependencies
[19:19:16][D][database_dependencies.cpp:437]: Database Node Init Time: CEventTransitionDatabase - 82 ms - 82 ms including dependencies
[19:19:16][D][database_dependencies.cpp:437]: Database Node Init Time: CEvent2DEffectDatabase - 59 ms - 59 ms including dependencies
[19:19:16][D][database_dependencies.cpp:437]: Database Node Init Time: CEventThemeDatabase - 80 ms - 80 ms including dependencies
[19:19:16][D][database_dependencies.cpp:437]: Database Node Init Time: CMapModeDatabase - 105 ms - 105 ms including dependencies
[19:19:16][D][database_dependencies.cpp:437]: Database Node Init Time: CPlayableDifficultyInfoDatabase - 30 ms - 30 ms including dependencies
[19:19:16][D][database_dependencies.cpp:437]: Database Node Init Time: CCourtSceneCultureDatabase - 64 ms - 64 ms including dependencies
[19:19:16][D][database_dependencies.cpp:437]: Database Node Init Time: CMapTableStyleDatabase - 173 ms - 173 ms including dependencies
[19:19:16][D][database_dependencies.cpp:437]: Database Node Init Time: CPaperMapStyleDatabase - 102 ms - 102 ms including dependencies
[19:19:16][D][database_dependencies.cpp:437]: Database Node Init Time: NPortraitAnimationModifierPack::CDatabase - 36 ms - 2045 ms including dependencies
[19:19:16][D][database_dependencies.cpp:437]: Database Node Init Time: CPortraitCustomizationRulesDatabase - 19 ms - 2028 ms including dependencies
[19:19:16][D][database_dependencies.cpp:437]: Database Node Init Time: CBookmarkPortraitDatabase - 5130 ms - 7440 ms including dependencies
[19:19:23][D][database_dependencies.cpp:437]: Database Node Init Time: CCoatOfArmsScriptDatabase - 181 ms - 10382 ms including dependencies
[19:19:23][D][database_dependencies.cpp:437]: Database Node Init Time: CTutorialLessonDatabase - 284 ms - 399 ms including dependencies
[19:19:23][D][database_dependencies.cpp:437]: Database Node Init Time: CTravelPointOfInterestTypeIconDatabase - 182 ms - 338 ms including dependencies
[19:19:23][D][database_dependencies.cpp:437]: Database Node Init Time: CSchemeCountermeasureTypeDatabase - 232 ms - 294 ms including dependencies
[19:19:23][D][database_dependencies.cpp:437]: Database Node Init Time: CVassalStanceIconDatabase - 104 ms - 166 ms including dependencies
[19:19:23][D][database_dependencies.cpp:437]: Database Node Init Time: CRaidIntentsIconDatabase - 110 ms - 292 ms including dependencies
[19:19:23][D][database_dependencies.cpp:437]: Database Node Init Time: CSituationTypeDatabase - 316 ms - 757 ms including dependencies
[19:19:24][D][database_dependencies.cpp:437]: Database Node Init Time: CDoctrineGroupTypeIconDatabase - 1335 ms - 1473 ms including dependencies
[19:19:24][D][database_dependencies.cpp:437]: Database Node Init Time: CCasusBelliTypeDatabase - 1888 ms - 2046 ms including dependencies
[19:19:24][D][database_dependencies.cpp:437]: Database Node Init Time: CDecisionTypeDatabase - 3716 ms - 3772 ms including dependencies
[19:19:24][D][database_dependencies.cpp:437]: Database Node Init Time: CHouseRelationLevelRenderedIconDatabase - 84 ms - 235 ms including dependencies
[19:19:24][D][database_dependencies.cpp:437]: Database Node Init Time: CHouseRelationLevelFlatIconDatabase - 62 ms - 213 ms including dependencies
[19:19:24][D][database_dependencies.cpp:437]: Database Node Init Time: CMandateTypeIconDatabase - 82 ms - 210 ms including dependencies
[19:19:24][D][database_dependencies.cpp:437]: Database Node Init Time: CImportantActionTypeIconDatabase - 4268 ms - 5191 ms including dependencies
[19:19:24][D][database_dependencies.cpp:437]: Database Node Init Time: CSchemeTypeDatabase - 2175 ms - 2366 ms including dependencies
[19:19:24][D][database_dependencies.cpp:437]: Database Node Init Time: CSecretTypeIconDatabase - 108 ms - 297 ms including dependencies
[19:19:24][D][database_dependencies.cpp:437]: Database Node Init Time: CDynastyHouseMottoFormatDatabase - 70 ms - 155 ms including dependencies
[19:19:24][D][database_dependencies.cpp:437]: Database Node Init Time: CInventorySlotTypeIconDatabase - 1155 ms - 1215 ms including dependencies
[19:19:24][D][database_dependencies.cpp:437]: Database Node Init Time: CInspirationTypeIconDatabase - 387 ms - 453 ms including dependencies
[19:19:24][D][database_dependencies.cpp:437]: Database Node Init Time: CActivityIntentsIconDatabase - 884 ms - 1797 ms including dependencies
[19:19:24][D][database_dependencies.cpp:437]: Database Node Init Time: CActivityLocaleIconDatabase - 380 ms - 427 ms including dependencies
[19:19:24][D][database_dependencies.cpp:437]: Database Node Init Time: CActivityPulseActionIconDatabase - 1911 ms - 3485 ms including dependencies
[19:19:24][D][database_dependencies.cpp:437]: Database Node Init Time: CMapModeIconDatabase - 1821 ms - 1926 ms including dependencies
[19:19:24][D][database_dependencies.cpp:437]: Database Node Init Time: CPortraitAnimationDatabase - 43 ms - 2144 ms including dependencies
[19:19:24][D][database_dependencies.cpp:437]: Database Node Init Time: CDefaultMenuSceneDatabase - 3 ms - 5133 ms including dependencies
[19:19:24][D][database_dependencies.cpp:437]: Database Node Init Time: CHistoryDatabase - 0 ms - 181 ms including dependencies
[19:19:24][D][database_dependencies.cpp:437]: Database Node Init Time: CCultureNameListDatabase - 231 ms - 412 ms including dependencies
[19:19:24][D][database_dependencies.cpp:437]: Database Node Init Time: CCoatOfArmsDesignerEmblemLayoutDatabase - 16 ms - 197 ms including dependencies
[19:19:24][D][database_dependencies.cpp:437]: Database Node Init Time: CSchemeCountermeasureTypeIconDatabase - 660 ms - 892 ms including dependencies
[19:19:24][D][database_dependencies.cpp:437]: Database Node Init Time: CSituationTypeIconDatabase - 802 ms - 1118 ms including dependencies
[19:19:24][D][database_dependencies.cpp:437]: Database Node Init Time: CCasusBelliTypeIconDatabase - 309 ms - 2197 ms including dependencies
[19:19:24][D][database_dependencies.cpp:437]: Database Node Init Time: CStrugglePhaseTypeDatabase - 0 ms - 3829 ms including dependencies
[19:19:24][D][database_dependencies.cpp:437]: Database Node Init Time: CHouseUnityStageTypeDatabase - 0 ms - 3716 ms including dependencies
[19:19:24][D][database_dependencies.cpp:437]: Database Node Init Time: CRulerObjectiveAdviceTypeDatabase - 18 ms - 3734 ms including dependencies
[19:19:24][D][database_dependencies.cpp:437]: Database Node Init Time: SDynamicModifiersForTerrainAndGovernmentTypeDependency - 0 ms - 2592 ms including dependencies
[19:19:24][D][database_dependencies.cpp:437]: Database Node Init Time: CCharacterInteractionDatabase - 4410 ms - 6960 ms including dependencies
[19:19:24][D][database_dependencies.cpp:437]: Database Node Init Time: CSchemeTypeIconDatabase - 1328 ms - 3503 ms including dependencies
[19:19:24][D][database_dependencies.cpp:437]: Database Node Init Time: CEventManager - 3329 ms - 3372 ms including dependencies
[19:19:24][D][database_dependencies.cpp:437]: Database Node Init Time: CLandedTitleTemplateDatabase - 254 ms - 685 ms including dependencies
[19:19:24][D][database_dependencies.cpp:437]: Database Node Init Time: CCultureAestheticsBundleDatabase - 8 ms - 239 ms including dependencies
[19:19:24][D][database_dependencies.cpp:437]: Database Node Init Time: CHouseUnityTypeDatabase - 20 ms - 3736 ms including dependencies
[19:19:24][D][database_dependencies.cpp:437]: Database Node Init Time: CTerrainTypeDatabase - 25 ms - 174 ms including dependencies
[19:19:24][D][database_dependencies.cpp:437]: Database Node Init Time: CFactionTypeDatabase - 129 ms - 4539 ms including dependencies
[19:19:24][D][database_dependencies.cpp:437]: Database Node Init Time: CDiarchyTypeDatabase - 26 ms - 4564 ms including dependencies
[19:19:24][D][database_dependencies.cpp:437]: Database Node Init Time: CCharacterInteractionAlertIconDatabase - 2628 ms - 7038 ms including dependencies
[19:19:24][D][database_dependencies.cpp:437]: Database Node Init Time: COnActionDataBase - 1811 ms - 5140 ms including dependencies
[19:19:24][D][database_dependencies.cpp:437]: Database Node Init Time: CDynamicCoatOfArmsDatabase - 28 ms - 282 ms including dependencies
[19:19:24][D][database_dependencies.cpp:437]: Database Node Init Time: CActivityTypeDatabase - 276 ms - 3336 ms including dependencies
[19:19:24][D][database_dependencies.cpp:437]: Database Node Init Time: CHouseUnityStageIconDatabase - 52 ms - 72 ms including dependencies
[19:19:24][D][database_dependencies.cpp:437]: Database Node Init Time: CHouseUnityStageProgressBarIconDatabase - 81 ms - 101 ms including dependencies
[19:19:24][D][database_dependencies.cpp:437]: Database Node Init Time: CHouseUnityStageBackgroundIconDatabase - 51 ms - 71 ms including dependencies
[19:19:24][D][database_dependencies.cpp:437]: Database Node Init Time: CProvinceTerrainDatabase - 1221 ms - 1246 ms including dependencies
[19:19:24][D][database_dependencies.cpp:437]: Database Node Init Time: CMenAtArmsTypeDatabase - 713 ms - 738 ms including dependencies
[19:19:24][D][database_dependencies.cpp:437]: Database Node Init Time: CCombatEffectIconDatabase - 1123 ms - 1281 ms including dependencies
[19:19:24][D][database_dependencies.cpp:437]: Database Node Init Time: CTerrainIconDatabase - 119 ms - 144 ms including dependencies
[19:19:24][D][database_dependencies.cpp:437]: Database Node Init Time: CTerrainTypeIllustrationDatabase - 683 ms - 708 ms including dependencies
[19:19:24][D][database_dependencies.cpp:437]: Database Node Init Time: CTerrainDangerTypeActiveIconDatabase - 1114 ms - 1139 ms including dependencies
[19:19:24][D][database_dependencies.cpp:437]: Database Node Init Time: CTerrainDangerTypeInactiveIconDatabase - 773 ms - 798 ms including dependencies
[19:19:24][D][database_dependencies.cpp:437]: Database Node Init Time: CFactionTypeIconDatabase - 87 ms - 216 ms including dependencies
[19:19:24][D][database_dependencies.cpp:437]: Database Node Init Time: CActivityTypeIconDatabase - 68 ms - 344 ms including dependencies
[19:19:24][D][database_dependencies.cpp:437]: Database Node Init Time: CActivityTypeHeaderIconDatabase - 121 ms - 397 ms including dependencies
[19:19:24][D][database_dependencies.cpp:437]: Database Node Init Time: CGovernmentTypeDatabase - 306 ms - 1442 ms including dependencies
[19:19:24][D][database_dependencies.cpp:437]: Database Node Init Time: CMenAtArmsTypeIconDatabase - 495 ms - 1208 ms including dependencies
[19:19:24][D][database_dependencies.cpp:437]: Database Node Init Time: SDynamicModifiersForCultureTraitsDependency - 0 ms - 1044 ms including dependencies
[19:19:24][D][database_dependencies.cpp:437]: Database Node Init Time: CLeaseContractTypeDatabase - 37 ms - 434 ms including dependencies
[19:19:24][D][database_dependencies.cpp:437]: Database Node Init Time: CGreatProjectTypeDatabase - 93 ms - 4809 ms including dependencies
[19:19:24][D][database_dependencies.cpp:437]: Database Node Init Time: CGovernmentRealmShieldMaskDatabase - 227 ms - 533 ms including dependencies
[19:19:24][D][database_dependencies.cpp:437]: Database Node Init Time: CGovernmentRealmShieldFrameDatabase - 1652 ms - 1958 ms including dependencies
[19:19:24][D][database_dependencies.cpp:437]: Database Node Init Time: CGovernmentRealmShieldFrameShadowDatabase - 1651 ms - 1957 ms including dependencies
[19:19:24][D][database_dependencies.cpp:437]: Database Node Init Time: CGovernmentTypeIconDatabase - 179 ms - 485 ms including dependencies
[19:19:24][D][database_dependencies.cpp:437]: Database Node Init Time: CCulturePillarDatabase - 129 ms - 129 ms including dependencies
[19:19:24][D][layered_icon.cpp:89]: tradition_khadga_puja had icon changed due to uniqueness
[19:19:24][D][layered_icon.cpp:89]: tradition_roman_legacy had icon changed due to uniqueness
[19:19:24][D][layered_icon.cpp:89]: tradition_agrarian had icon changed due to uniqueness
[19:19:24][D][layered_icon.cpp:89]: tradition_visigothic_codes had icon changed due to uniqueness
[19:19:24][D][layered_icon.cpp:89]: tradition_nubian_warrior_queens had icon changed due to uniqueness
[19:19:24][D][layered_icon.cpp:89]: tradition_sacred_mountains had icon changed due to uniqueness
[19:19:24][D][layered_icon.cpp:89]: tradition_sacred_groves had icon changed due to uniqueness
[19:19:24][D][database_dependencies.cpp:437]: Database Node Init Time: CCultureTraditionDatabase - 803 ms - 803 ms including dependencies
[19:19:24][D][database_dependencies.cpp:437]: Database Node Init Time: CPuppetActionTypesDatabase - 10 ms - 8229 ms including dependencies
[19:19:24][D][database_dependencies.cpp:437]: Database Node Init Time: CGreatProjectTypeIconDatabase - 122 ms - 215 ms including dependencies
[19:19:24][D][database_dependencies.cpp:437]: Database Node Init Time: CCulturePillarIconDatabase - 1495 ms - 1624 ms including dependencies
[19:19:24][D][database_dependencies.cpp:437]: Database Node Init Time: NCulture::SCultureTraitDatabaseDependency - 0 ms - 932 ms including dependencies
[19:19:24][D][database_dependencies.cpp:437]: Database Node Init Time: CPuppetTypeDatabase - 10 ms - 4430 ms including dependencies
[19:19:24][D][database_dependencies.cpp:437]: Database Node Init Time: CCultureDatabase - 206 ms - 1843 ms including dependencies
[19:19:24][D][database_dependencies.cpp:437]: Database Node Init Time: SDynamicModifiersForReligionsDependency - 0 ms - 206 ms including dependencies
[19:19:24][D][database_dependencies.cpp:437]: Database Node Init Time: CGraphicalUnitTypeDatabase - 6 ms - 212 ms including dependencies
[19:19:24][D][database_dependencies.cpp:437]: Database Node Init Time: CCultureNameEquivalencyDatabase - 34 ms - 240 ms including dependencies
[19:19:24][D][database_dependencies.cpp:437]: Database Node Init Time: CChallengeCharacterDatabase - 17 ms - 7213 ms including dependencies
[19:19:24][W][bookmark.cpp:280]: Bookmark character 'bookmark_hamburg_rimbert' has invalid dynasty and invalid dynasty house scripted
[19:19:24][W][bookmark.cpp:280]: Bookmark character 'bookmark_adalwin_salzburg' has invalid dynasty and invalid dynasty house scripted
[19:19:24][W][bookmark.cpp:280]: Bookmark character 'bookmark_lupus_aquileia' has invalid dynasty and invalid dynasty house scripted
[19:19:24][D][database_dependencies.cpp:437]: Database Node Init Time: CBookmarkDatabase - 21 ms - 7053 ms including dependencies
[19:19:24][D][database_dependencies.cpp:437]: Database Node Init Time: CUnitAssetDatabase - 27 ms - 233 ms including dependencies
[19:19:24][D][database_dependencies.cpp:437]: Database Node Init Time: CDoctrineTypeDatabase - 55 ms - 193 ms including dependencies
[19:19:24][D][database_dependencies.cpp:437]: Database Node Init Time: CHolySiteTypeDatabase - 41 ms - 355 ms including dependencies
[19:19:24][D][database_dependencies.cpp:437]: Database Node Init Time: CTenetTypeDatabase - 53 ms - 53 ms including dependencies
[19:19:24][D][database_dependencies.cpp:437]: Database Node Init Time: CGraphicalUnitTypeLeviesSmallIllustrationsDatabase - 37 ms - 43 ms including dependencies
[19:19:24][D][database_dependencies.cpp:437]: Database Node Init Time: CGraphicalUnitTypeLeviesBigIllustrationsDatabase - 37 ms - 43 ms including dependencies
[19:19:24][D][database_dependencies.cpp:437]: Database Node Init Time: CGraphicalUnitTypeKnightsSmallIllustrationsDatabase - 43 ms - 49 ms including dependencies
[19:19:24][D][database_dependencies.cpp:437]: Database Node Init Time: CGraphicalUnitTypeKnightsBigIllustrationsDatabase - 36 ms - 42 ms including dependencies
[19:19:24][D][database_dependencies.cpp:437]: Database Node Init Time: CGraphicalUnitTypeAccoladesSmallIllustrationsDatabase - 39 ms - 45 ms including dependencies
[19:19:24][D][database_dependencies.cpp:437]: Database Node Init Time: CGraphicalUnitTypeAccoladesBigIllustrationsDatabase - 42 ms - 48 ms including dependencies
[19:19:24][D][database_dependencies.cpp:437]: Database Node Init Time: CBookmarkButtonIconDatabase - 97 ms - 118 ms including dependencies
[19:19:24][D][database_dependencies.cpp:437]: Database Node Init Time: CBookmarkButtonIconBigDatabase - 92 ms - 113 ms including dependencies
[19:19:24][D][database_dependencies.cpp:437]: Database Node Init Time: CBookmarkStartButtonIconDatabase - 96 ms - 117 ms including dependencies
[19:19:24][D][database_dependencies.cpp:437]: Database Node Init Time: CReligionFamilyTypeDatabase - 11 ms - 66 ms including dependencies
[19:19:24][D][database_dependencies.cpp:437]: Database Node Init Time: CDoctrineTypeIconDatabase - 572 ms - 627 ms including dependencies
[19:19:24][D][database_dependencies.cpp:437]: Database Node Init Time: CHolyOrderTypeDatabase - 78 ms - 1585 ms including dependencies
[19:19:24][D][database_dependencies.cpp:437]: Database Node Init Time: CReligionTypeDatabase - 267 ms - 1036 ms including dependencies
[19:19:24][D][database_dependencies.cpp:437]: Database Node Init Time: CFaithTypeDatabase - 13 ms - 1333 ms including dependencies
[19:19:24][D][database_dependencies.cpp:437]: Database Node Init Time: CSpiritualFulfillmentTypeDatabase - 10 ms - 277 ms including dependencies
[19:19:24][D][database_dependencies.cpp:437]: Database Node Init Time: SDynamicModifiersForTraitsDependency - 0 ms - 291 ms including dependencies
[19:19:24][D][database_dependencies.cpp:437]: Database Node Init Time: CStruggleTypeDatabase - 22 ms - 605 ms including dependencies
[19:19:24][D][database_dependencies.cpp:437]: Database Node Init Time: CRiteTypeDatabase - 20 ms - 239 ms including dependencies
[19:19:24][D][database_dependencies.cpp:437]: Database Node Init Time: CTraitDatabase - 39 ms - 1529 ms including dependencies
[19:19:24][D][database_dependencies.cpp:437]: Database Node Init Time: CStrugglePhaseTypeIconDatabase - 14 ms - 36 ms including dependencies
[19:19:24][D][database_dependencies.cpp:437]: Database Node Init Time: CStruggleTypeIconDatabase - 29 ms - 51 ms including dependencies
[19:19:24][D][database_dependencies.cpp:437]: Database Node Init Time: CStruggleTypeHeaderBackgroundDatabase - 14 ms - 36 ms including dependencies
[19:19:24][D][database_dependencies.cpp:437]: Database Node Init Time: CStrugglePhaseTypeBackgroundDatabase - 30 ms - 52 ms including dependencies
[19:19:24][D][database_dependencies.cpp:437]: Database Node Init Time: CStrugglePhaseTypeDetailBackgroundDatabase - 30 ms - 52 ms including dependencies
[19:19:24][D][database_dependencies.cpp:437]: Database Node Init Time: NModifier::SDynamicModifierDependency - 0 ms - 39 ms including dependencies
[19:19:24][D][database_dependencies.cpp:437]: Database Node Init Time: CTraitPortraitModifierDatabase - 0 ms - 2337 ms including dependencies
[19:19:24][D][database_dependencies.cpp:437]: Database Node Init Time: CDomicileBuildingTypeDatabase - 332 ms - 4055 ms including dependencies
[19:19:24][D][database_dependencies.cpp:437]: Database Node Init Time: CTraitIconDatabase - 2289 ms - 2328 ms including dependencies
[19:19:24][D][database_dependencies.cpp:437]: Database Node Init Time: CTravelOptionDatabase - 44 ms - 44 ms including dependencies
[19:19:24][D][database_dependencies.cpp:437]: Database Node Init Time: CCouncilPositionDatabase - 115 ms - 220 ms including dependencies
[19:19:24][D][database_dependencies.cpp:437]: Database Node Init Time: CHouseAspirationTypeDatabase - 54 ms - 54 ms including dependencies
[19:19:24][D][database_dependencies.cpp:437]: Database Node Init Time: CLawDatabase - 162 ms - 856 ms including dependencies
[19:19:24][D][database_dependencies.cpp:437]: Database Node Init Time: CCourtAmenitiesSettingDatabase - 0 ms - 276 ms including dependencies
[19:19:24][D][database_dependencies.cpp:437]: Database Node Init Time: CCourtPositionTypesDatabase - 174 ms - 174 ms including dependencies
[19:19:24][D][database_dependencies.cpp:437]: Database Node Init Time: CCourtTypeDatabase - 88 ms - 88 ms including dependencies
[19:19:24][D][database_dependencies.cpp:437]: Database Node Init Time: CDynastyPerkDatabase - 145 ms - 939 ms including dependencies
[19:19:24][D][database_dependencies.cpp:437]: Database Node Init Time: CEpidemicTypeDatabase - 63 ms - 63 ms including dependencies
[19:19:24][D][database_dependencies.cpp:437]: Database Node Init Time: CFocusTypeDatabase - 93 ms - 100 ms including dependencies
[19:19:24][D][database_dependencies.cpp:437]: Database Node Init Time: CLegitimacyTypeDatabase - 33 ms - 33 ms including dependencies
[19:19:24][D][database_dependencies.cpp:437]: Database Node Init Time: CLifestylePerkDatabase - 225 ms - 370 ms including dependencies
[19:19:24][D][database_dependencies.cpp:437]: Database Node Init Time: CLegendChronicleTypeDatabase - 25 ms - 25 ms including dependencies
[19:19:24][D][database_dependencies.cpp:437]: Database Node Init Time: CLegendTypeDatabase - 112 ms - 112 ms including dependencies
[19:19:24][D][database_dependencies.cpp:437]: Database Node Init Time: CStaticModifierDatabase - 1787 ms - 2226 ms including dependencies
[19:19:24][D][database_dependencies.cpp:437]: Database Node Init Time: CArtifactBlueprintDatabase - 72 ms - 187 ms including dependencies
[19:19:24][D][database_dependencies.cpp:437]: Database Node Init Time: CTaxSlotObligationTypeDatabase - 24 ms - 24 ms including dependencies
[19:19:24][D][database_dependencies.cpp:437]: Database Node Init Time: CTraitPortraitModifierGroupDatabase - 106 ms - 106 ms including dependencies
[19:19:24][D][database_dependencies.cpp:437]: Database Node Init Time: CBuildingDatabase - 1422 ms - 2515 ms including dependencies
[19:19:24][D][database_dependencies.cpp:437]: Database Node Init Time: CTravelOptionIconDatabase - 235 ms - 279 ms including dependencies
[19:19:24][D][database_dependencies.cpp:437]: Database Node Init Time: CFlavorizationDatabase - 117 ms - 1126 ms including dependencies
[19:19:24][D][database_dependencies.cpp:437]: Database Node Init Time: CHouseAspirationTypeIconDatabase - 151 ms - 205 ms including dependencies
[19:19:24][D][database_dependencies.cpp:437]: Database Node Init Time: CHouseAspirationTypeSmallIconDatabase - 142 ms - 196 ms including dependencies
[19:19:24][D][database_dependencies.cpp:437]: Database Node Init Time: CLawGroupDatabase - 45 ms - 705 ms including dependencies
[19:19:24][D][database_dependencies.cpp:437]: Database Node Init Time: CCourtAmenitiesCategoryDatabase - 61 ms - 61 ms including dependencies
[19:19:24][D][database_dependencies.cpp:437]: Database Node Init Time: CCourtPositionTaskTypeDatabase - 220 ms - 394 ms including dependencies
[19:19:24][D][database_dependencies.cpp:437]: Database Node Init Time: CCourtPositionTypeIconDatabase - 1072 ms - 1246 ms including dependencies
[19:19:24][D][database_dependencies.cpp:437]: Database Node Init Time: CCouncilTaskTypeDatabase - 202 ms - 462 ms including dependencies
[19:19:24][D][database_dependencies.cpp:437]: Database Node Init Time: CEpidemicTypeIconDatabase - 96 ms - 159 ms including dependencies
[19:19:24][D][database_dependencies.cpp:437]: Database Node Init Time: CFocusIconDatabase - 223 ms - 316 ms including dependencies
[19:19:24][D][database_dependencies.cpp:437]: Database Node Init Time: CLegitimacyTypeIconDatabase - 75 ms - 108 ms including dependencies
[19:19:24][D][database_dependencies.cpp:437]: Database Node Init Time: CLegitimacyTypeFlatIconDatabase - 97 ms - 130 ms including dependencies
[19:19:24][D][database_dependencies.cpp:437]: Database Node Init Time: CLegitimacyTypeLevelsIconDatabase - 105 ms - 138 ms including dependencies
[19:19:24][D][database_dependencies.cpp:437]: Database Node Init Time: CPerkIconDatabase - 148 ms - 373 ms including dependencies
[19:19:24][D][database_dependencies.cpp:437]: Database Node Init Time: CTriggeredLegendSeedDatabase - 27 ms - 164 ms including dependencies
[19:19:24][D][database_dependencies.cpp:437]: Database Node Init Time: CLegendTypeIconDatabase - 66 ms - 178 ms including dependencies
[19:19:24][D][database_dependencies.cpp:437]: Database Node Init Time: CLegendTypeHighlightIconDatabase - 66 ms - 178 ms including dependencies
[19:19:24][D][database_dependencies.cpp:437]: Database Node Init Time: CStoryCycleDatabase - 250 ms - 5753 ms including dependencies
[19:19:24][D][database_dependencies.cpp:437]: Database Node Init Time: CStaticModifierIconDatabase - 4902 ms - 6689 ms including dependencies
[19:19:24][D][database_dependencies.cpp:437]: Database Node Init Time: CSubjectContractTypeDatabase - 196 ms - 220 ms including dependencies
[19:19:24][D][database_dependencies.cpp:437]: Database Node Init Time: CTaxSlotObligationTypeIconDatabase - 112 ms - 156 ms including dependencies
[19:19:24][D][database_dependencies.cpp:437]: Database Node Init Time: CBuildingIconDatabase - 4106 ms - 5528 ms including dependencies
[19:19:24][D][database_dependencies.cpp:437]: Database Node Init Time: NCulture::SCultureTechDatabaseDependency - 0 ms - 7946 ms including dependencies
[19:19:24][D][database_dependencies.cpp:437]: Database Node Init Time: CLawIconDatabase - 1891 ms - 2098 ms including dependencies
[19:19:24][D][database_dependencies.cpp:437]: Database Node Init Time: CCourtAmenitiesIconDatabase - 188 ms - 249 ms including dependencies
[19:19:24][D][database_dependencies.cpp:437]: Database Node Init Time: CCourtPositionTaskTypeIconDatabase - 1421 ms - 1641 ms including dependencies
[19:19:24][D][database_dependencies.cpp:437]: Database Node Init Time: CCouncilTaskTypeIconDatabase - 924 ms - 1126 ms including dependencies
[19:19:24][D][database_dependencies.cpp:437]: Database Node Init Time: CSubjectContractGroupDatabase - 11 ms - 207 ms including dependencies
[19:19:24][D][database_dependencies.cpp:437]: Database Node Init Time: CCultureEraTypeDatabase - 10 ms - 10 ms including dependencies
[19:19:24][D][database_dependencies.cpp:437]: Database Node Init Time: CCultureInnovationTypeDatabase - 52 ms - 246 ms including dependencies
[19:19:24][D][database_dependencies.cpp:437]: Database Node Init Time: CCultureEraIllustrationDatabase - 32 ms - 42 ms including dependencies
[19:19:24][D][database_dependencies.cpp:437]: Database Node Init Time: CCultureEraFrameDatabase - 36 ms - 46 ms including dependencies
[19:19:25][D][database_dependencies.cpp:437]: Database Node Init Time: CAccoladeTypeDatabase - 36 ms - 801 ms including dependencies
[19:19:25][D][database_dependencies.cpp:437]: Database Node Init Time: CAccoladeNameDatabase - 19 ms - 55 ms including dependencies
[19:19:25][W][holy_order_effect.cpp:99]: create_holy_order effect (%s): Both explicit holy order and random holy order requested, explicit holy order will take precedence
[19:19:25][W][holy_order_effect.cpp:99]: create_holy_order effect (%s): Both explicit holy order and random holy order requested, explicit holy order will take precedence
[19:19:25][W][holy_order_effect.cpp:99]: create_holy_order effect (%s): Both explicit holy order and random holy order requested, explicit holy order will take precedence
[19:19:25][W][holy_order_effect.cpp:99]: create_holy_order effect (%s): Both explicit holy order and random holy order requested, explicit holy order will take precedence
[19:19:25][W][holy_order_effect.cpp:99]: create_holy_order effect (%s): Both explicit holy order and random holy order requested, explicit holy order will take precedence
[19:19:25][W][holy_order_effect.cpp:99]: create_holy_order effect (%s): Both explicit holy order and random holy order requested, explicit holy order will take precedence
[19:19:25][W][holy_order_effect.cpp:99]: create_holy_order effect (%s): Both explicit holy order and random holy order requested, explicit holy order will take precedence
[19:19:25][W][holy_order_effect.cpp:99]: create_holy_order effect (%s): Both explicit holy order and random holy order requested, explicit holy order will take precedence
[19:19:25][W][holy_order_effect.cpp:99]: create_holy_order effect (%s): Both explicit holy order and random holy order requested, explicit holy order will take precedence
[19:19:25][D][database_dependencies.cpp:437]: Database Node Init Time: CJominiMainThemeDatabase - 23 ms - 23 ms including dependencies
[19:19:25][D][database_dependencies.cpp:437]: Database Node Init Time: CJominiInGameMusicDatabase - 51 ms - 51 ms including dependencies
[19:20:07][D][pdx_mesh_streamer.cpp:249]: Requesting mesh fp1_building_norse_castle_01_mesh
[19:20:07][D][pdx_mesh_streamer.cpp:249]: Requesting mesh fp1_building_norse_castle_01_mena_mesh
[19:20:07][D][pdx_mesh_streamer.cpp:249]: Requesting mesh fp1_building_norse_castle_01_mediterranean_mesh
[19:20:07][D][pdx_mesh_streamer.cpp:249]: Requesting mesh fp1_building_norse_castle_01_indian_mesh
[19:20:07][D][pdx_mesh_streamer.cpp:249]: Requesting mesh fp2_building_iberian_castle_01_mesh
[19:20:07][D][pdx_mesh_streamer.cpp:249]: Requesting mesh fp3_building_persian_castle_01_a_01_mesh
[19:20:07][D][pdx_mesh_streamer.cpp:249]: Requesting mesh ep3_byzantine_castle_01_a_mesh
[19:20:07][D][pdx_mesh_streamer.cpp:249]: Requesting mesh tgp_building_se_asia_castle_01_mesh
[19:20:07][D][pdx_mesh_streamer.cpp:249]: Requesting mesh tgp_building_chinese_castle_01_mesh
[19:20:07][D][pdx_mesh_streamer.cpp:249]: Requesting mesh tgp_building_japanese_castle_01_mesh
[19:20:07][D][pdx_mesh_streamer.cpp:249]: Requesting mesh building_mena_castle_01_mesh
[19:20:07][D][pdx_mesh_streamer.cpp:249]: Requesting mesh building_indian_castle_01_mesh
[19:20:07][D][pdx_mesh_streamer.cpp:249]: Requesting mesh building_mediterranean_castle_01_mesh
[19:20:07][D][pdx_mesh_streamer.cpp:249]: Requesting mesh building_western_castle_01_mesh
[19:20:07][D][pdx_mesh_streamer.cpp:249]: Requesting mesh building_western_castle_01_b_mesh
[19:20:07][D][pdx_mesh_streamer.cpp:249]: Requesting mesh building_western_castle_01_mena_mesh
[19:20:07][D][pdx_mesh_streamer.cpp:249]: Requesting mesh building_western_castle_01_b_mena_mesh
[19:20:07][D][pdx_mesh_streamer.cpp:249]: Requesting mesh building_western_castle_01_mediterranean_mesh
[19:20:07][D][pdx_mesh_streamer.cpp:249]: Requesting mesh building_western_castle_01_b_mediterranean_mesh
[19:20:07][D][pdx_mesh_streamer.cpp:249]: Requesting mesh building_western_castle_01_indian_mesh
[19:20:07][D][pdx_mesh_streamer.cpp:249]: Requesting mesh building_western_castle_01_b_indian_mesh
[19:20:07][D][pdx_mesh_streamer.cpp:249]: Requesting mesh building_indian_castle_01_western_mesh
[19:20:07][D][pdx_mesh_streamer.cpp:249]: Requesting mesh building_indian_castle_01_mena_mesh
[19:20:07][D][pdx_mesh_streamer.cpp:249]: Requesting mesh building_indian_castle_01_mediterranean_mesh
[19:20:07][D][pdx_mesh_streamer.cpp:249]: Requesting mesh building_mena_castle_01_western_mesh
[19:20:07][D][pdx_mesh_streamer.cpp:249]: Requesting mesh building_mena_castle_01_mediterranean_mesh
[19:20:07][D][pdx_mesh_streamer.cpp:249]: Requesting mesh building_mena_castle_01_indian_mesh
[19:20:07][D][pdx_mesh_streamer.cpp:249]: Requesting mesh building_mediterranean_castle_01_western_mesh
[19:20:07][D][pdx_mesh_streamer.cpp:249]: Requesting mesh building_mediterranean_castle_01_mena_mesh
[19:20:07][D][pdx_mesh_streamer.cpp:249]: Requesting mesh building_mediterranean_castle_01_indian_mesh
[19:20:07][D][pdx_mesh_streamer.cpp:249]: Requesting mesh fp1_building_norse_castle_02_mesh
[19:20:07][D][pdx_mesh_streamer.cpp:249]: Requesting mesh fp1_building_norse_castle_02_mena_mesh
[19:20:07][D][pdx_mesh_streamer.cpp:249]: Requesting mesh fp1_building_norse_castle_02_mediterranean_mesh
[19:20:07][D][pdx_mesh_streamer.cpp:249]: Requesting mesh fp1_building_norse_castle_02_indian_mesh
[19:20:07][D][pdx_mesh_streamer.cpp:249]: Requesting mesh fp2_building_iberian_castle_02_mesh
[19:20:07][D][pdx_mesh_streamer.cpp:249]: Requesting mesh fp3_building_persian_castle_02_a_01_mesh
[19:20:07][D][pdx_mesh_streamer.cpp:249]: Requesting mesh ep3_byzantine_castle_02_a_mesh
[19:20:07][D][pdx_mesh_streamer.cpp:249]: Requesting mesh tgp_building_se_asia_castle_02_mesh
[19:20:07][D][pdx_mesh_streamer.cpp:249]: Requesting mesh tgp_building_chinese_castle_02_mesh
[19:20:07][D][pdx_mesh_streamer.cpp:249]: Requesting mesh tgp_building_japanese_castle_02_mesh
[19:20:07][D][pdx_mesh_streamer.cpp:249]: Requesting mesh building_mena_castle_02_mesh
[19:20:07][D][pdx_mesh_streamer.cpp:249]: Requesting mesh building_indian_castle_02_mesh
[19:20:07][D][pdx_mesh_streamer.cpp:249]: Requesting mesh building_mediterranean_castle_02_mesh
[19:20:07][D][pdx_mesh_streamer.cpp:249]: Requesting mesh building_western_castle_02_mesh
[19:20:07][D][pdx_mesh_streamer.cpp:249]: Requesting mesh building_western_castle_02_mena_mesh
[19:20:07][D][pdx_mesh_streamer.cpp:249]: Requesting mesh building_western_castle_02_mediterranean_mesh
[19:20:07][D][pdx_mesh_streamer.cpp:249]: Requesting mesh building_western_castle_02_indian_mesh
[19:20:07][D][pdx_mesh_streamer.cpp:249]: Requesting mesh building_indian_castle_02_western_mesh
[19:20:07][D][pdx_mesh_streamer.cpp:249]: Requesting mesh building_indian_castle_02_mena_mesh
[19:20:07][D][pdx_mesh_streamer.cpp:249]: Requesting mesh building_indian_castle_02_mediterranean_mesh
[19:20:07][D][pdx_mesh_streamer.cpp:249]: Requesting mesh building_mena_castle_02_western_mesh
[19:20:07][D][pdx_mesh_streamer.cpp:249]: Requesting mesh building_mena_castle_02_mediterranean_mesh
[19:20:07][D][pdx_mesh_streamer.cpp:249]: Requesting mesh building_mena_castle_02_indian_mesh
[19:20:07][D][pdx_mesh_streamer.cpp:249]: Requesting mesh building_mediterranean_castle_02_western_mesh
[19:20:07][D][pdx_mesh_streamer.cpp:249]: Requesting mesh building_mediterranean_castle_02_mena_mesh
[19:20:07][D][pdx_mesh_streamer.cpp:249]: Requesting mesh building_mediterranean_castle_02_indian_mesh
[19:20:07][D][pdx_mesh_streamer.cpp:249]: Requesting mesh fp1_building_norse_castle_03_mesh
[19:20:07][D][pdx_mesh_streamer.cpp:249]: Requesting mesh fp1_building_norse_castle_03_mena_mesh
[19:20:07][D][pdx_mesh_streamer.cpp:249]: Requesting mesh fp1_building_norse_castle_03_mediterranean_mesh
[19:20:07][D][pdx_mesh_streamer.cpp:249]: Requesting mesh fp1_building_norse_castle_03_indian_mesh
[19:20:07][D][pdx_mesh_streamer.cpp:249]: Requesting mesh fp2_building_iberian_castle_03_mesh
[19:20:07][D][pdx_mesh_streamer.cpp:249]: Requesting mesh fp3_building_persian_castle_03_a_01_mesh
[19:20:07][D][pdx_mesh_streamer.cpp:249]: Requesting mesh ep3_byzantine_castle_03_a_mesh
[19:20:07][D][pdx_mesh_streamer.cpp:249]: Requesting mesh tgp_building_se_asia_temple_03_mesh
[19:20:07][D][pdx_mesh_streamer.cpp:249]: Requesting mesh tgp_building_chinese_castle_03_mesh
[19:20:07][D][pdx_mesh_streamer.cpp:249]: Requesting mesh tgp_building_japanese_castle_03_mesh
[19:20:07][D][pdx_mesh_streamer.cpp:249]: Requesting mesh building_mena_castle_03_mesh
[19:20:07][D][pdx_mesh_streamer.cpp:249]: Requesting mesh building_indian_castle_03_mesh
[19:20:07][D][pdx_mesh_streamer.cpp:249]: Requesting mesh building_mediterranean_castle_03_mesh
[19:20:07][D][pdx_mesh_streamer.cpp:249]: Requesting mesh building_western_castle_03_mesh
[19:20:07][D][pdx_mesh_streamer.cpp:249]: Requesting mesh building_western_castle_03_mena_mesh
[19:20:07][D][pdx_mesh_streamer.cpp:249]: Requesting mesh building_western_castle_03_mediterranean_mesh
[19:20:07][D][pdx_mesh_streamer.cpp:249]: Requesting mesh building_western_castle_03_indian_mesh
[19:20:07][D][pdx_mesh_streamer.cpp:249]: Requesting mesh building_indian_castle_03_western_mesh
[19:20:07][D][pdx_mesh_streamer.cpp:249]: Requesting mesh building_indian_castle_03_mena_mesh
[19:20:07][D][pdx_mesh_streamer.cpp:249]: Requesting mesh building_indian_castle_03_mediterranean_mesh
[19:20:07][D][pdx_mesh_streamer.cpp:249]: Requesting mesh building_mena_castle_03_western_mesh
[19:20:07][D][pdx_mesh_streamer.cpp:249]: Requesting mesh building_mena_castle_03_mediterranean_mesh
[19:20:07][D][pdx_mesh_streamer.cpp:249]: Requesting mesh building_mena_castle_03_indian_mesh
[19:20:07][D][pdx_mesh_streamer.cpp:249]: Requesting mesh building_mediterranean_castle_03_western_mesh
[19:20:07][D][pdx_mesh_streamer.cpp:249]: Requesting mesh building_mediterranean_castle_03_mena_mesh
[19:20:07][D][pdx_mesh_streamer.cpp:249]: Requesting mesh building_mediterranean_castle_03_indian_mesh
[19:20:07][D][pdx_mesh_streamer.cpp:249]: Requesting mesh fp1_building_norse_castle_04_mesh
[19:20:07][D][pdx_mesh_streamer.cpp:249]: Requesting mesh fp1_building_norse_castle_04_mena_mesh
[19:20:07][D][pdx_mesh_streamer.cpp:249]: Requesting mesh fp1_building_norse_castle_04_mediterranean_mesh
[19:20:07][D][pdx_mesh_streamer.cpp:249]: Requesting mesh fp1_building_norse_castle_04_indian_mesh
[19:20:07][D][pdx_mesh_streamer.cpp:249]: Requesting mesh fp2_building_iberian_castle_04_mesh
[19:20:07][D][pdx_mesh_streamer.cpp:249]: Requesting mesh fp3_building_persian_castle_04_a_01_mesh
[19:20:07][D][pdx_mesh_streamer.cpp:249]: Requesting mesh ep3_byzantine_castle_04_a_mesh
[19:20:07][D][pdx_mesh_streamer.cpp:249]: Requesting mesh tgp_building_chinese_castle_04_mesh
[19:20:07][D][pdx_mesh_streamer.cpp:249]: Requesting mesh tgp_building_japanese_castle_04_mesh
[19:20:07][D][pdx_mesh_streamer.cpp:249]: Requesting mesh building_mena_castle_04_mesh
[19:20:07][D][pdx_mesh_streamer.cpp:249]: Requesting mesh building_indian_castle_04_mesh
[19:20:07][D][pdx_mesh_streamer.cpp:249]: Requesting mesh building_mediterranean_castle_04_mesh
[19:20:07][D][pdx_mesh_streamer.cpp:249]: Requesting mesh building_western_castle_04_mesh
[19:20:07][D][pdx_mesh_streamer.cpp:249]: Requesting mesh building_western_castle_04_mena_mesh
[19:20:07][D][pdx_mesh_streamer.cpp:249]: Requesting mesh building_western_castle_04_mediterranean_mesh
[19:20:07][D][pdx_mesh_streamer.cpp:249]: Requesting mesh building_western_castle_04_indian_mesh
[19:20:07][D][pdx_mesh_streamer.cpp:249]: Requesting mesh building_indian_castle_04_western_mesh
[19:20:07][D][pdx_mesh_streamer.cpp:249]: Requesting mesh building_indian_castle_04_mena_mesh
[19:20:07][D][pdx_mesh_streamer.cpp:249]: Requesting mesh building_indian_castle_04_mediterranean_mesh
[19:20:07][D][pdx_mesh_streamer.cpp:249]: Requesting mesh building_mena_castle_04_western_mesh
[19:20:07][D][pdx_mesh_streamer.cpp:249]: Requesting mesh building_mena_castle_04_mediterranean_mesh
[19:20:07][D][pdx_mesh_streamer.cpp:249]: Requesting mesh building_mena_castle_04_indian_mesh
[19:20:07][D][pdx_mesh_streamer.cpp:249]: Requesting mesh building_mediterranean_castle_04_western_mesh
[19:20:07][D][pdx_mesh_streamer.cpp:249]: Requesting mesh building_mediterranean_castle_04_mena_mesh
[19:20:07][D][pdx_mesh_streamer.cpp:249]: Requesting mesh building_mediterranean_castle_04_indian_mesh
[19:20:07][D][pdx_mesh_streamer.cpp:249]: Requesting mesh fp1_building_norse_city_01_a_mesh
[19:20:07][D][pdx_mesh_streamer.cpp:249]: Requesting mesh fp1_building_norse_city_01_mena_mesh
[19:20:07][D][pdx_mesh_streamer.cpp:249]: Requesting mesh fp1_building_norse_city_01_mediterranean_mesh
[19:20:07][D][pdx_mesh_streamer.cpp:249]: Requesting mesh fp1_building_norse_city_01_indian_mesh
[19:20:07][D][pdx_mesh_streamer.cpp:249]: Requesting mesh fp2_building_iberian_city_01_mesh
[19:20:07][D][pdx_mesh_streamer.cpp:249]: Requesting mesh fp3_building_persian_city_01_a_01_mesh
[19:20:07][D][pdx_mesh_streamer.cpp:249]: Requesting mesh ep3_byzantine_city_01_mesh
[19:20:07][D][pdx_mesh_streamer.cpp:249]: Requesting mesh tgp_building_se_asia_city_01_a_mesh
[19:20:07][D][pdx_mesh_streamer.cpp:249]: Requesting mesh tgp_building_chinese_city_01_mesh
[19:20:07][D][pdx_mesh_streamer.cpp:249]: Requesting mesh tgp_building_japanese_city_01_mesh
[19:20:07][D][pdx_mesh_streamer.cpp:249]: Requesting mesh building_mena_city_01_mesh
[19:20:07][D][pdx_mesh_streamer.cpp:249]: Requesting mesh building_india_city_01_mesh
[19:20:07][D][pdx_mesh_streamer.cpp:249]: Requesting mesh building_mediterranean_city_01_mesh
[19:20:07][D][pdx_mesh_streamer.cpp:249]: Requesting mesh western_city_01_a_mesh
[19:20:07][D][pdx_mesh_streamer.cpp:249]: Requesting mesh western_city_01_b_mesh
[19:20:07][D][pdx_mesh_streamer.cpp:249]: Requesting mesh western_city_01_c_mesh
[19:20:07][D][pdx_mesh_streamer.cpp:249]: Requesting mesh western_city_01_mena_a_mesh
[19:20:07][D][pdx_mesh_streamer.cpp:249]: Requesting mesh western_city_01_mena_b_mesh
[19:20:07][D][pdx_mesh_streamer.cpp:249]: Requesting mesh western_city_01_mena_c_mesh
[19:20:07][D][pdx_mesh_streamer.cpp:249]: Requesting mesh western_city_01_indian_a_mesh
[19:20:07][D][pdx_mesh_streamer.cpp:249]: Requesting mesh western_city_01_indian_b_mesh
[19:20:07][D][pdx_mesh_streamer.cpp:249]: Requesting mesh western_city_01_indian_c_mesh
[19:20:07][D][pdx_mesh_streamer.cpp:249]: Requesting mesh western_city_01_mediterranean_a_mesh
[19:20:07][D][pdx_mesh_streamer.cpp:249]: Requesting mesh western_city_01_mediterranean_b_mesh
[19:20:07][D][pdx_mesh_streamer.cpp:249]: Requesting mesh western_city_01_mediterranean_c_mesh
[19:20:07][D][pdx_mesh_streamer.cpp:249]: Requesting mesh building_mena_city_01_western_mesh
[19:20:07][D][pdx_mesh_streamer.cpp:249]: Requesting mesh building_mena_city_01_indian_mesh
[19:20:07][D][pdx_mesh_streamer.cpp:249]: Requesting mesh building_mena_city_01_mediterranean_mesh
[19:20:07][D][pdx_mesh_streamer.cpp:249]: Requesting mesh building_india_city_01_western_mesh
[19:20:07][D][pdx_mesh_streamer.cpp:249]: Requesting mesh building_india_city_01_mena_mesh
[19:20:07][D][pdx_mesh_streamer.cpp:249]: Requesting mesh building_india_city_01_mediterranean_mesh
[19:20:07][D][pdx_mesh_streamer.cpp:249]: Requesting mesh building_mediterranean_city_01_western_mesh
[19:20:07][D][pdx_mesh_streamer.cpp:249]: Requesting mesh building_mediterranean_city_01_mena_mesh
[19:20:07][D][pdx_mesh_streamer.cpp:249]: Requesting mesh building_mediterranean_city_01_indian_mesh
[19:20:07][D][pdx_mesh_streamer.cpp:249]: Requesting mesh fp1_building_norse_city_02_a_mesh
[19:20:07][D][pdx_mesh_streamer.cpp:249]: Requesting mesh fp1_building_norse_city_02_mena_mesh
[19:20:07][D][pdx_mesh_streamer.cpp:249]: Requesting mesh fp1_building_norse_city_02_mediterranean_mesh
[19:20:07][D][pdx_mesh_streamer.cpp:249]: Requesting mesh fp1_building_norse_city_02_indian_mesh
[19:20:07][D][pdx_mesh_streamer.cpp:249]: Requesting mesh fp2_building_iberian_city_02_mesh
[19:20:07][D][pdx_mesh_streamer.cpp:249]: Requesting mesh fp3_building_persian_city_02_a_01_mesh
[19:20:07][D][pdx_mesh_streamer.cpp:249]: Requesting mesh ep3_byzantine_city_02_mesh
[19:20:07][D][pdx_mesh_streamer.cpp:249]: Requesting mesh tgp_building_se_asia_city_02_a_mesh
[19:20:07][D][pdx_mesh_streamer.cpp:249]: Requesting mesh tgp_building_chinese_city_02_mesh
[19:20:07][D][pdx_mesh_streamer.cpp:249]: Requesting mesh tgp_building_japanese_city_02_mesh
[19:20:07][D][pdx_mesh_streamer.cpp:249]: Requesting mesh building_mena_city_02_mesh
[19:20:07][D][pdx_mesh_streamer.cpp:249]: Requesting mesh building_india_city_02_mesh
[19:20:07][D][pdx_mesh_streamer.cpp:249]: Requesting mesh building_mediterranean_city_02_mesh
[19:20:07][D][pdx_mesh_streamer.cpp:249]: Requesting mesh building_western_city_02_mesh
[19:20:07][D][pdx_mesh_streamer.cpp:249]: Requesting mesh building_western_city_02_mena_mesh
[19:20:07][D][pdx_mesh_streamer.cpp:249]: Requesting mesh building_western_city_02_indian_mesh
[19:20:07][D][pdx_mesh_streamer.cpp:249]: Requesting mesh building_western_city_02_mediterranean_mesh
[19:20:07][D][pdx_mesh_streamer.cpp:249]: Requesting mesh building_mena_city_02_western_mesh
[19:20:07][D][pdx_mesh_streamer.cpp:249]: Requesting mesh building_mena_city_02_indian_mesh
[19:20:07][D][pdx_mesh_streamer.cpp:249]: Requesting mesh building_mena_city_02_mediterranean_mesh
[19:20:07][D][pdx_mesh_streamer.cpp:249]: Requesting mesh building_india_city_02_western_mesh
[19:20:07][D][pdx_mesh_streamer.cpp:249]: Requesting mesh building_india_city_02_mena_mesh
[19:20:07][D][pdx_mesh_streamer.cpp:249]: Requesting mesh building_india_city_02_mediterranean_mesh
[19:20:07][D][pdx_mesh_streamer.cpp:249]: Requesting mesh building_mediterranean_city_02_western_mesh
[19:20:07][D][pdx_mesh_streamer.cpp:249]: Requesting mesh building_mediterranean_city_02_mena_mesh
[19:20:07][D][pdx_mesh_streamer.cpp:249]: Requesting mesh building_mediterranean_city_02_indian_mesh
[19:20:07][D][pdx_mesh_streamer.cpp:249]: Requesting mesh fp4_legendary_steppe_shrine_01_a_mesh
[19:20:07][D][pdx_mesh_streamer.cpp:249]: Requesting mesh fp4_legendary_building_christian_shrine_01_mesh
[19:20:07][D][pdx_mesh_streamer.cpp:249]: Requesting mesh fp4_legendary_islamic_shrine_01_a_mesh
[19:20:07][D][pdx_mesh_streamer.cpp:249]: Requesting mesh fp4_legendary_building_norse_shrine_01_a_mesh
[19:20:07][D][pdx_mesh_streamer.cpp:249]: Requesting mesh fp4_legendary_dharmic_shrine_01_a_mesh
[19:20:07][D][pdx_mesh_streamer.cpp:249]: Requesting mesh fp4_legendary_western_palace_01_a_mesh
[19:20:07][D][pdx_mesh_streamer.cpp:249]: Requesting mesh fp4_legendary_islamic_palace_01_a_mesh
[19:20:07][D][pdx_mesh_streamer.cpp:249]: Requesting mesh fp4_legendary_india_palace_01_a_mesh
[19:20:07][D][pdx_mesh_streamer.cpp:249]: Requesting mesh fp4_legendary_western_hero_01_mesh
[19:20:07][D][pdx_mesh_streamer.cpp:249]: Requesting mesh fp4_legendary_heroes_pillar_india_01_a_mesh
[19:20:07][D][pdx_mesh_streamer.cpp:249]: Requesting mesh fp4_legendary_mediterranean_monument_01_a_mesh
[19:20:07][D][pdx_mesh_streamer.cpp:249]: Requesting mesh fp4_legendary_western_watchtower_01_a_mesh
[19:20:07][D][pdx_mesh_streamer.cpp:249]: Requesting mesh fp4_legendary_desert_hunting_lodge_01_a_mesh
[19:20:07][D][pdx_mesh_streamer.cpp:249]: Requesting mesh fp4_legendary_hunting_lodge_01_a_mesh
[19:20:07][D][pdx_mesh_streamer.cpp:249]: Requesting mesh fp4_legendary_building_norse_meadhall_01_a_mesh
[19:20:07][D][pdx_mesh_streamer.cpp:249]: Requesting mesh mpo_mongol_01_mesh
[19:20:07][D][pdx_mesh_streamer.cpp:249]: Requesting mesh mpo_mongol_02_mesh
[19:20:07][D][pdx_mesh_streamer.cpp:249]: Requesting mesh mpo_mongol_03_mesh
[19:20:07][D][pdx_mesh_streamer.cpp:249]: Requesting mesh mpo_mongol_04_mesh
[19:20:07][D][pdx_mesh_streamer.cpp:249]: Requesting mesh mpo_mongol_05_mesh
[19:20:07][D][pdx_mesh_streamer.cpp:249]: Requesting mesh building_emishi_herder_mesh
[19:20:07][D][pdx_mesh_streamer.cpp:249]: Requesting mesh mpo_herder_camp_mesh
[19:20:07][D][pdx_mesh_streamer.cpp:249]: Requesting mesh cp6_building_special_grand_cathedral_mesh
[19:20:07][D][pdx_mesh_streamer.cpp:249]: Requesting mesh tgp_building_special_chinese_pagoda_03_mesh
[19:20:07][D][pdx_mesh_streamer.cpp:249]: Requesting mesh tgp_building_special_japanese_pagoda_03_mesh
[19:20:07][D][pdx_mesh_streamer.cpp:249]: Requesting mesh tgp_building_special_japanese_temple_03_mesh
[19:20:07][D][pdx_mesh_streamer.cpp:249]: Requesting mesh tgp_building_special_chinese_temple_03_mesh
[19:20:07][D][pdx_mesh_streamer.cpp:249]: Requesting mesh tgp_building_special_se_asia_pagan_temple_03_mesh
[19:20:07][D][pdx_mesh_streamer.cpp:249]: Requesting mesh monument_mezquita_de_cordoba_mesh
[19:20:07][D][pdx_mesh_streamer.cpp:249]: Requesting mesh fp3_building_special_great_mosque_of_samarra_01_a_mesh
[19:20:07][D][pdx_mesh_streamer.cpp:249]: Requesting mesh ep2_building_special_canterbury_01_mesh
[19:20:07][D][pdx_mesh_streamer.cpp:249]: Requesting mesh ep2_building_special_canterbury_02_mesh
[19:20:07][D][pdx_mesh_streamer.cpp:249]: Requesting mesh ep2_building_special_canterbury_03_mesh
[19:20:07][D][pdx_mesh_streamer.cpp:249]: Requesting mesh fp2_building_special_alhambra_01_mesh
[19:20:07][D][pdx_mesh_streamer.cpp:249]: Requesting mesh fp3_building_special_house_of_wisdom_01_a_mesh
[19:20:07][D][pdx_mesh_streamer.cpp:249]: Requesting mesh building_special_hagia_sophia_mesh
[19:20:07][D][pdx_mesh_streamer.cpp:249]: Requesting mesh building_special_hagia_sophia_minarets_mesh
[19:20:07][D][pdx_mesh_streamer.cpp:249]: Requesting mesh cp6_building_special_sankore_university_mesh
[19:20:07][D][pdx_mesh_streamer.cpp:249]: Requesting mesh fp2_building_special_roman_wall_of_lugo_01_a_mesh
[19:20:07][D][pdx_mesh_streamer.cpp:249]: Requesting mesh fp2_building_special_rock_of_gibraltar_01_a_mesh
[19:20:07][D][pdx_mesh_streamer.cpp:249]: Requesting mesh fp2_building_special_aljaferia_mesh
[19:20:07][D][pdx_mesh_streamer.cpp:249]: Requesting mesh fp2_building_special_tower_of_hercules_mesh
[19:20:07][D][pdx_mesh_streamer.cpp:249]: Requesting mesh fp2_building_special_toledo_city_walls_01_a_mesh
[19:20:07][D][pdx_mesh_streamer.cpp:249]: Requesting mesh fp2_building_special_alcazar_de_segovia_01_a_mesh
[19:20:07][D][pdx_mesh_streamer.cpp:249]: Requesting mesh fp2_building_special_basilica_santiago_mesh
[19:20:07][D][pdx_mesh_streamer.cpp:249]: Requesting mesh fp3_building_special_imam_reza_shrine_01_a_mesh
[19:20:07][D][pdx_mesh_streamer.cpp:249]: Requesting mesh fp3_building_special_soltaniyeh_01_a_mesh
[19:20:07][D][pdx_mesh_streamer.cpp:249]: Requesting mesh fp3_building_special_palace_of_ctesiphon_01_a_mesh
[19:20:07][D][pdx_mesh_streamer.cpp:249]: Requesting mesh fp3_building_special_falak_ol_aflak_citadel_01_a_mesh
[19:20:07][D][pdx_mesh_streamer.cpp:249]: Requesting mesh fp3_building_special_minaret_and_remains_of_jam_01_a_mesh
[19:20:07][D][pdx_mesh_streamer.cpp:249]: Requesting mesh fp3_building_special_maharloo_lake_01_a_mesh
[19:20:07][D][pdx_mesh_streamer.cpp:249]: Requesting mesh fp3_building_special_rainbow_mountains_01_a_mesh
[19:20:07][D][pdx_mesh_streamer.cpp:249]: Requesting mesh fp3_building_special_mount_damavand_01_a_mesh
[19:20:07][D][pdx_mesh_streamer.cpp:249]: Requesting mesh fp3_building_special_tomb_of_cyrus_01_a_mesh
[19:20:07][D][pdx_mesh_streamer.cpp:249]: Requesting mesh fp3_building_special_ark_of_bukhara_mesh
[19:20:07][D][pdx_mesh_streamer.cpp:249]: Requesting mesh fp3_building_special_alamut_castle_01_a_mesh
[19:20:07][D][pdx_mesh_streamer.cpp:249]: Requesting mesh ep3_monument_parthenon_01_b_mesh
[19:20:07][D][pdx_mesh_streamer.cpp:249]: Requesting mesh ep3_monument_parthenon_01_a_mesh
[19:20:07][D][pdx_mesh_streamer.cpp:249]: Requesting mesh ep3_hagios_demetrios_01_a_mesh
[19:20:07][D][pdx_mesh_streamer.cpp:249]: Requesting mesh ep3_church_saint_lazarus_mesh
[19:20:07][D][pdx_mesh_streamer.cpp:249]: Requesting mesh ep3_sumela_monastery_01_a_mesh
[19:20:07][D][pdx_mesh_streamer.cpp:249]: Requesting mesh ep3_sumela_monastery_01_b_mesh
[19:20:07][D][pdx_mesh_streamer.cpp:249]: Requesting mesh ep3_patras_castle_01_a_mesh
[19:20:07][D][pdx_mesh_streamer.cpp:249]: Requesting mesh ep3_maidens_tower_01_a_mesh
[19:20:07][D][pdx_mesh_streamer.cpp:249]: Requesting mesh ep3_despots_palace_mesh
[19:20:07][D][pdx_mesh_streamer.cpp:249]: Requesting mesh ep3_meteora_01_mesh
[19:20:07][D][pdx_mesh_streamer.cpp:249]: Requesting mesh ep3_meteora_02_mesh
[19:20:07][D][pdx_mesh_streamer.cpp:249]: Requesting mesh ep3_athos_monasteries_01_a_mesh
[19:20:07][D][pdx_mesh_streamer.cpp:249]: Requesting mesh ep3_athos_monasteries_01_b_mesh
[19:20:07][D][pdx_mesh_streamer.cpp:249]: Requesting mesh ep3_basilica_sant_apollinare_nuovo_mesh
[19:20:07][D][pdx_mesh_streamer.cpp:249]: Requesting mesh ep3_saint_catherine_monastery_mesh
[19:20:07][D][pdx_mesh_streamer.cpp:249]: Requesting mesh ep3_jvari_monastery_01_a_mesh
[19:20:07][D][pdx_mesh_streamer.cpp:249]: Requesting mesh ep3_etchmiadzin_cathedral_01_a_mesh
[19:20:07][D][pdx_mesh_streamer.cpp:249]: Requesting mesh ep3_cattolica_di_stilo_mesh
[19:20:07][D][pdx_mesh_streamer.cpp:249]: Requesting mesh ep3_church_saint_sophia_ohrid_01_a_mesh
[19:20:07][D][pdx_mesh_streamer.cpp:249]: Requesting mesh ep3_fairy_chimneys_01_a_mesh
[19:20:07][D][pdx_mesh_streamer.cpp:249]: Requesting mesh ep3_cilician_gates_mesh
[19:20:07][D][pdx_mesh_streamer.cpp:249]: Requesting mesh mpo_building_special_burkhan_khaldun_mesh
[19:20:07][D][pdx_mesh_streamer.cpp:249]: Requesting mesh tgp_building_special_leshan_buddha_mesh
[19:20:07][D][pdx_mesh_streamer.cpp:249]: Requesting mesh tgp_building_special_wudang_mountains_mesh
[19:20:07][D][pdx_mesh_streamer.cpp:249]: Requesting mesh tgp_building_special_angkorwat_mesh
[19:20:07][D][pdx_mesh_streamer.cpp:249]: Requesting mesh tgp_building_special_thang_long_palace_mesh
[19:20:07][D][pdx_mesh_streamer.cpp:249]: Requesting mesh tgp_building_special_po_klong_temple_mesh
[19:20:07][D][pdx_mesh_streamer.cpp:249]: Requesting mesh tgp_building_special_borudur_mesh
[19:20:07][D][pdx_mesh_streamer.cpp:249]: Requesting mesh tgp_building_special_mt_fuji_mesh
[19:20:07][D][pdx_mesh_streamer.cpp:249]: Requesting mesh tgp_building_special_itsukushima_mesh
[19:20:07][D][pdx_mesh_streamer.cpp:249]: Requesting mesh tgp_building_special_heian_kyo_mesh
[19:20:07][D][pdx_mesh_streamer.cpp:249]: Requesting mesh tgp_building_special_hwangnyongsa_mesh
[19:20:07][D][pdx_mesh_streamer.cpp:249]: Requesting mesh tgp_kofun_decal_mesh
[19:20:07][D][pdx_mesh_streamer.cpp:249]: Requesting mesh building_special_trosky_castle_01_mesh
[19:20:07][D][pdx_mesh_streamer.cpp:249]: Requesting mesh building_western_temple_generic_01_mesh
[19:20:07][D][pdx_mesh_streamer.cpp:249]: Requesting mesh building_mediterranean_temple_generic_01_mesh
[19:20:07][D][pdx_mesh_streamer.cpp:249]: Requesting mesh building_indian_temple_generic_01_mesh
[19:20:07][D][pdx_mesh_streamer.cpp:249]: Requesting mesh building_mena_temple_generic_01_mesh
[19:20:07][D][pdx_mesh_streamer.cpp:249]: Requesting mesh cp6_building_caucasian_temple_orthodox_01_mesh
[19:20:07][D][pdx_mesh_streamer.cpp:249]: Requesting mesh cp6_building_eastern_slavic_temple_orthodox_01_mesh
[19:20:07][D][pdx_mesh_streamer.cpp:249]: Requesting mesh building_western_temple_orthodox_01_mesh
[19:20:07][D][pdx_mesh_streamer.cpp:249]: Requesting mesh building_mediterranean_temple_orthodox_01_mesh
[19:20:07][D][pdx_mesh_streamer.cpp:249]: Requesting mesh building_indian_temple_orthodox_01_mesh
[19:20:07][D][pdx_mesh_streamer.cpp:249]: Requesting mesh building_mena_temple_orthodox_01_mesh
[19:20:07][D][pdx_mesh_streamer.cpp:249]: Requesting mesh building_western_temple_christian_01_mesh
[19:20:07][D][pdx_mesh_streamer.cpp:249]: Requesting mesh cp6_building_italian_temple_christian_01_mesh
[19:20:07][D][pdx_mesh_streamer.cpp:249]: Requesting mesh fp2_building_iberian_christian_01_mesh
[19:20:07][D][pdx_mesh_streamer.cpp:249]: Requesting mesh building_mediterranean_temple_christian_01_mesh
[19:20:07][D][pdx_mesh_streamer.cpp:249]: Requesting mesh building_indian_temple_christian_01_mesh
[19:20:07][D][pdx_mesh_streamer.cpp:249]: Requesting mesh building_mena_temple_christian_01_mesh
[19:20:07][D][pdx_mesh_streamer.cpp:249]: Requesting mesh fp2_building_iberian_mosque_01_mesh
[19:20:07][D][pdx_mesh_streamer.cpp:249]: Requesting mesh cp6_building_se_asia_temple_islamic_01_mesh
[19:20:07][D][pdx_mesh_streamer.cpp:249]: Requesting mesh cp6_building_persian_temple_islamic_01_mesh
[19:20:07][D][pdx_mesh_streamer.cpp:249]: Requesting mesh cp6_building_african_temple_islamic_01_mesh
[19:20:07][D][pdx_mesh_streamer.cpp:249]: Requesting mesh cp6_building_turkish_temple_islamic_01_mesh
[19:20:07][D][pdx_mesh_streamer.cpp:249]: Requesting mesh cp6_building_indian_temple_islamic_01_mesh
[19:20:07][D][pdx_mesh_streamer.cpp:249]: Requesting mesh building_western_temple_islamic_01_mesh
[19:20:07][D][pdx_mesh_streamer.cpp:249]: Requesting mesh building_mediterranean_temple_islamic_01_mesh
[19:20:07][D][pdx_mesh_streamer.cpp:249]: Requesting mesh building_indian_temple_islamic_01_mesh
[19:20:07][D][pdx_mesh_streamer.cpp:249]: Requesting mesh building_mena_temple_islamic_01_mesh
[19:20:07][D][pdx_mesh_streamer.cpp:249]: Requesting mesh tgp_building_japanese_temple_01_mesh
[19:20:07][D][pdx_mesh_streamer.cpp:249]: Requesting mesh tgp_building_se_asia_pagan_temple_01_mesh
[19:20:07][D][pdx_mesh_streamer.cpp:249]: Requesting mesh building_western_temple_pagan_01_mesh
[19:20:07][D][pdx_mesh_streamer.cpp:249]: Requesting mesh tgp_building_chinese_temple_01_mesh
[19:20:07][D][pdx_mesh_streamer.cpp:249]: Requesting mesh building_indian_temple_dharmic_01_mesh
[19:20:07][D][pdx_mesh_streamer.cpp:249]: Requesting mesh cp6_building_tibetan_temple_dharmic_01_mesh
[19:20:07][D][pdx_mesh_streamer.cpp:249]: Requesting mesh tgp_building_chinese_pagoda_01_mesh
[19:20:07][D][pdx_mesh_streamer.cpp:249]: Requesting mesh tgp_building_japanese_pagoda_01_mesh
[19:20:07][D][pdx_mesh_streamer.cpp:249]: Requesting mesh building_western_temple_dharmic_01_mesh
[19:20:07][D][pdx_mesh_streamer.cpp:249]: Requesting mesh building_mediterranean_temple_dharmic_01_mesh
[19:20:07][D][pdx_mesh_streamer.cpp:249]: Requesting mesh building_mena_temple_dharmic_01_mesh
[19:20:07][D][pdx_mesh_streamer.cpp:249]: Requesting mesh building_western_temple_generic_02_mesh
[19:20:07][D][pdx_mesh_streamer.cpp:249]: Requesting mesh building_mediterranean_temple_generic_02_mesh
[19:20:07][D][pdx_mesh_streamer.cpp:249]: Requesting mesh building_indian_temple_generic_02_mesh
[19:20:07][D][pdx_mesh_streamer.cpp:249]: Requesting mesh building_mena_temple_generic_02_mesh
[19:20:07][D][pdx_mesh_streamer.cpp:249]: Requesting mesh cp6_building_caucasian_temple_orthodox_02_mesh
[19:20:07][D][pdx_mesh_streamer.cpp:249]: Requesting mesh cp6_building_eastern_slavic_temple_orthodox_02_mesh
[19:20:07][D][pdx_mesh_streamer.cpp:249]: Requesting mesh building_western_temple_orthodox_02_mesh
[19:20:07][D][pdx_mesh_streamer.cpp:249]: Requesting mesh building_mediterranean_temple_orthodox_02_mesh
[19:20:07][D][pdx_mesh_streamer.cpp:249]: Requesting mesh building_indian_temple_orthodox_02_mesh
[19:20:07][D][pdx_mesh_streamer.cpp:249]: Requesting mesh building_mena_temple_orthodox_02_mesh
[19:20:07][D][pdx_mesh_streamer.cpp:249]: Requesting mesh building_western_temple_christian_02_mesh
[19:20:07][D][pdx_mesh_streamer.cpp:249]: Requesting mesh cp6_building_italian_temple_christian_02_mesh
[19:20:07][D][pdx_mesh_streamer.cpp:249]: Requesting mesh fp2_building_iberian_christian_02_mesh
[19:20:07][D][pdx_mesh_streamer.cpp:249]: Requesting mesh building_mediterranean_temple_christian_02_mesh
[19:20:07][D][pdx_mesh_streamer.cpp:249]: Requesting mesh building_indian_temple_christian_02_mesh
[19:20:07][D][pdx_mesh_streamer.cpp:249]: Requesting mesh building_mena_temple_christian_02_mesh
[19:20:07][D][pdx_mesh_streamer.cpp:249]: Requesting mesh fp2_building_iberian_mosque_02_mesh
[19:20:07][D][pdx_mesh_streamer.cpp:249]: Requesting mesh cp6_building_se_asia_temple_islamic_02_mesh
[19:20:07][D][pdx_mesh_streamer.cpp:249]: Requesting mesh cp6_building_persian_temple_islamic_02_mesh
[19:20:07][D][pdx_mesh_streamer.cpp:249]: Requesting mesh cp6_building_african_temple_islamic_02_mesh
[19:20:07][D][pdx_mesh_streamer.cpp:249]: Requesting mesh cp6_building_turkish_temple_islamic_02_mesh
[19:20:07][D][pdx_mesh_streamer.cpp:249]: Requesting mesh cp6_building_indian_temple_islamic_02_mesh
[19:20:07][D][pdx_mesh_streamer.cpp:249]: Requesting mesh building_western_temple_islamic_02_mesh
[19:20:07][D][pdx_mesh_streamer.cpp:249]: Requesting mesh building_mediterranean_temple_islamic_02_mesh
[19:20:07][D][pdx_mesh_streamer.cpp:249]: Requesting mesh building_indian_temple_islamic_02_mesh
[19:20:07][D][pdx_mesh_streamer.cpp:249]: Requesting mesh building_mena_temple_islamic_02_mesh
[19:20:07][D][pdx_mesh_streamer.cpp:249]: Requesting mesh tgp_building_japanese_temple_02_mesh
[19:20:07][D][pdx_mesh_streamer.cpp:249]: Requesting mesh tgp_building_se_asia_pagan_temple_02_mesh
[19:20:07][D][pdx_mesh_streamer.cpp:249]: Requesting mesh building_western_temple_pagan_02_mesh
[19:20:07][D][pdx_mesh_streamer.cpp:249]: Requesting mesh tgp_building_chinese_temple_02_mesh
[19:20:07][D][pdx_mesh_streamer.cpp:249]: Requesting mesh building_indian_temple_dharmic_02_mesh
[19:20:07][D][pdx_mesh_streamer.cpp:249]: Requesting mesh cp6_building_tibetan_temple_dharmic_02_mesh
[19:20:07][D][pdx_mesh_streamer.cpp:249]: Requesting mesh tgp_building_chinese_pagoda_02_mesh
[19:20:07][D][pdx_mesh_streamer.cpp:249]: Requesting mesh tgp_building_japanese_pagoda_02_mesh
[19:20:07][D][pdx_mesh_streamer.cpp:249]: Requesting mesh building_western_temple_dharmic_02_mesh
[19:20:07][D][pdx_mesh_streamer.cpp:249]: Requesting mesh building_mediterranean_temple_dharmic_02_mesh
[19:20:07][D][pdx_mesh_streamer.cpp:249]: Requesting mesh building_mena_temple_dharmic_02_mesh
[19:20:07][D][pdx_mesh_streamer.cpp:249]: Requesting mesh building_emishi_tribal_01_mesh
[19:20:07][D][pdx_mesh_streamer.cpp:249]: Requesting mesh building_western_tribal_01_a_mesh
[19:20:07][D][pdx_mesh_streamer.cpp:249]: Requesting mesh building_african_tribal_01_a_mesh
[19:20:07][D][pdx_mesh_streamer.cpp:249]: Requesting mesh building_mena_tribal_01_a_mesh
[19:20:07][D][pdx_mesh_streamer.cpp:249]: Requesting mesh building_steppe_tribal_01_a_mesh
[19:20:07][D][pdx_mesh_streamer.cpp:249]: Requesting mesh building_india_tribal_01_a_mesh
[19:20:07][D][pdx_mesh_streamer.cpp:249]: Requesting mesh fp1_building_norse_tribal_mesh
[19:20:07][D][pdx_mesh_streamer.cpp:249]: Requesting mesh tgp_building_se_asia_tribal_01_mesh
[19:20:07][D][pdx_mesh_streamer.cpp:249]: Requesting mesh building_emishi_tribal_02_mesh
[19:20:07][D][pdx_mesh_streamer.cpp:249]: Requesting mesh western_walls_00_mesh
[19:20:07][D][pdx_mesh_streamer.cpp:249]: Requesting mesh tribal_walls_01_a_mesh
[19:20:07][D][pdx_mesh_streamer.cpp:249]: Requesting mesh building_emishi_wall_01_mesh
[19:20:07][D][pdx_mesh_streamer.cpp:249]: Requesting mesh western_walls_01_a_mesh
[19:20:07][D][pdx_mesh_streamer.cpp:249]: Requesting mesh western_walls_01_b_mesh
[19:20:07][D][pdx_mesh_streamer.cpp:249]: Requesting mesh mena_walls_01_a_mesh
[19:20:07][D][pdx_mesh_streamer.cpp:249]: Requesting mesh mena_walls_01_b_mesh
[19:20:07][D][pdx_mesh_streamer.cpp:249]: Requesting mesh fp1_norse_walls_01_mesh
[19:20:07][D][pdx_mesh_streamer.cpp:249]: Requesting mesh fp1_norse_walls_01_mena_mesh
[19:20:07][D][pdx_mesh_streamer.cpp:249]: Requesting mesh fp2_building_iberian_wall_01_mesh
[19:20:07][D][pdx_mesh_streamer.cpp:249]: Requesting mesh fp3_building_persian_walls_01_a_01_mesh
[19:20:07][D][pdx_mesh_streamer.cpp:249]: Requesting mesh tgp_building_se_asia_wall_01_mesh
[19:20:07][D][pdx_mesh_streamer.cpp:249]: Requesting mesh tgp_building_chinese_wall_01_mesh
[19:20:07][D][pdx_mesh_streamer.cpp:249]: Requesting mesh tgp_building_japanese_wall_01_mesh
[19:20:07][D][pdx_mesh_streamer.cpp:249]: Requesting mesh mpo_mongol_wall_01_mesh
[19:20:07][D][pdx_mesh_streamer.cpp:249]: Requesting mesh western_walls_02_a_mesh
[19:20:07][D][pdx_mesh_streamer.cpp:249]: Requesting mesh mena_walls_02_a_mesh
[19:20:07][D][pdx_mesh_streamer.cpp:249]: Requesting mesh fp1_norse_walls_02_mesh
[19:20:07][D][pdx_mesh_streamer.cpp:249]: Requesting mesh fp1_norse_walls_02_mena_mesh
[19:20:07][D][pdx_mesh_streamer.cpp:249]: Requesting mesh fp2_building_iberian_wall_02_mesh
[19:20:07][D][pdx_mesh_streamer.cpp:249]: Requesting mesh fp3_building_persian_walls_02_a_01_mesh
[19:20:07][D][pdx_mesh_streamer.cpp:249]: Requesting mesh ep3_byzantine_walls_02_mesh
[19:20:07][D][pdx_mesh_streamer.cpp:249]: Requesting mesh building_emishi_wall_02_mesh
[19:20:07][D][pdx_mesh_streamer.cpp:249]: Requesting mesh tgp_building_se_asia_wall_02_mesh
[19:20:07][D][pdx_mesh_streamer.cpp:249]: Requesting mesh tgp_building_chinese_wall_02_mesh
[19:20:07][D][pdx_mesh_streamer.cpp:249]: Requesting mesh tgp_building_japanese_wall_02_mesh
[19:20:07][D][pdx_mesh_streamer.cpp:249]: Requesting mesh mpo_mongol_wall_02_mesh
[19:20:07][D][pdx_mesh_streamer.cpp:249]: Requesting mesh western_walls_03_a_mesh
[19:20:07][D][pdx_mesh_streamer.cpp:249]: Requesting mesh mediterranean_walls_03_a_mesh
[19:20:07][D][pdx_mesh_streamer.cpp:249]: Requesting mesh mena_walls_03_a_mesh
[19:20:07][D][pdx_mesh_streamer.cpp:249]: Requesting mesh india_walls_03_a_mesh
[19:20:07][D][pdx_mesh_streamer.cpp:249]: Requesting mesh building_emishi_wall_03_mesh
[19:20:07][D][pdx_mesh_streamer.cpp:249]: Requesting mesh fp2_building_iberian_wall_03_mesh
[19:20:07][D][pdx_mesh_streamer.cpp:249]: Requesting mesh fp3_building_persian_walls_03_a_01_mesh
[19:20:07][D][pdx_mesh_streamer.cpp:249]: Requesting mesh ep3_byzantine_walls_03_mesh
[19:20:07][D][pdx_mesh_streamer.cpp:249]: Requesting mesh tgp_building_se_asia_wall_03_mesh
[19:20:07][D][pdx_mesh_streamer.cpp:249]: Requesting mesh tgp_building_chinese_wall_03_mesh
[19:20:07][D][pdx_mesh_streamer.cpp:249]: Requesting mesh tgp_building_japanese_wall_03_mesh
[19:20:07][D][pdx_mesh_streamer.cpp:249]: Requesting mesh mpo_mongol_wall_03_mesh
[19:20:07][D][pdx_mesh_streamer.cpp:249]: Requesting mesh western_walls_04_a_mesh
[19:20:07][D][pdx_mesh_streamer.cpp:249]: Requesting mesh mediterranean_walls_04_a_mesh
[19:20:07][D][pdx_mesh_streamer.cpp:249]: Requesting mesh mena_walls_04_a_mesh
[19:20:07][D][pdx_mesh_streamer.cpp:249]: Requesting mesh india_walls_04_a_mesh
[19:20:07][D][pdx_mesh_streamer.cpp:249]: Requesting mesh building_emishi_wall_04_mesh
[19:20:07][D][pdx_mesh_streamer.cpp:249]: Requesting mesh fp2_building_iberian_wall_04_mesh
[19:20:07][D][pdx_mesh_streamer.cpp:249]: Requesting mesh fp3_building_persian_walls_04_a_01_mesh
[19:20:07][D][pdx_mesh_streamer.cpp:249]: Requesting mesh ep3_byzantine_walls_04_mesh
[19:20:07][D][pdx_mesh_streamer.cpp:249]: Requesting mesh tgp_building_se_asia_wall_04_mesh
[19:20:07][D][pdx_mesh_streamer.cpp:249]: Requesting mesh tgp_building_chinese_wall_04_mesh
[19:20:07][D][pdx_mesh_streamer.cpp:249]: Requesting mesh tgp_building_japanese_wall_04_mesh
[19:20:07][D][pdx_mesh_streamer.cpp:249]: Requesting mesh mpo_mongol_wall_04_mesh
[19:20:07][D][pdx_mesh_streamer.cpp:249]: Requesting mesh building_special_kyz_kala_01_mesh
[19:20:07][D][pdx_mesh_streamer.cpp:249]: Requesting mesh building_special_cluny_abbey_01_mesh
[19:20:07][D][pdx_mesh_streamer.cpp:249]: Requesting mesh building_special_cluny_abbey_02_mesh
[19:20:07][D][pdx_mesh_streamer.cpp:249]: Requesting mesh building_special_york_walls_01_mesh
[19:20:07][D][pdx_mesh_streamer.cpp:249]: Requesting mesh building_special_damascus_mosque_01_mesh
[19:20:07][D][pdx_mesh_streamer.cpp:249]: Requesting mesh building_special_jokhang_01_mesh
[19:20:07][D][pdx_mesh_streamer.cpp:249]: Requesting mesh building_special_wartburg_01_mesh
[19:20:07][D][pdx_mesh_streamer.cpp:249]: Requesting mesh building_special_beta_giyorgis_01_mesh
[19:20:07][D][pdx_mesh_streamer.cpp:249]: Requesting mesh building_special_holy_wisdom_01_mesh
[19:20:07][D][pdx_mesh_streamer.cpp:249]: Requesting mesh building_special_kano_walls_01_mesh
[19:20:07][D][pdx_mesh_streamer.cpp:249]: Requesting mesh building_special_somapura_university_01_mesh
[19:20:07][D][pdx_mesh_streamer.cpp:249]: Requesting mesh building_special_duomo_florence_01_mesh
[19:20:07][D][pdx_mesh_streamer.cpp:249]: Requesting mesh building_special_duomo_florence_02_mesh
[19:20:07][D][pdx_mesh_streamer.cpp:249]: Requesting mesh building_special_duomo_florence_03_mesh
[19:20:07][D][pdx_mesh_streamer.cpp:249]: Requesting mesh building_special_duomo_florence_04_mesh
[19:20:07][D][pdx_mesh_streamer.cpp:249]: Requesting mesh building_special_konark_temple_01_mesh
[19:20:07][D][pdx_mesh_streamer.cpp:249]: Requesting mesh building_special_al_qarawiyyin_university_01_mesh
[19:20:07][D][pdx_mesh_streamer.cpp:249]: Requesting mesh building_special_kairouan_basins_01_mesh
[19:20:07][D][pdx_mesh_streamer.cpp:249]: Requesting mesh building_special_ghana_palace_01_mesh
[19:20:07][D][pdx_mesh_streamer.cpp:249]: Requesting mesh building_special_visegrad_castle_01_mesh
[19:20:07][D][pdx_mesh_streamer.cpp:249]: Requesting mesh building_special_wawel_cathedral_01_mesh
[19:20:07][D][pdx_mesh_streamer.cpp:249]: Requesting mesh building_special_vatapi_caves_01_mesh
[19:20:07][D][pdx_mesh_streamer.cpp:249]: Requesting mesh building_special_jaisalmer_fort_01_mesh
[19:20:07][D][pdx_mesh_streamer.cpp:249]: Requesting mesh cp6_building_special_st_peters_basilica_mesh
[19:20:07][D][pdx_mesh_streamer.cpp:249]: Requesting mesh cp6_building_special_mont_st_michel_01_mesh
[19:20:07][D][pdx_mesh_streamer.cpp:249]: Requesting mesh cp6_building_special_mont_st_michel_02_mesh
[19:20:07][D][pdx_mesh_streamer.cpp:249]: Requesting mesh cp6_building_special_mont_st_michel_03_mesh
[19:20:07][D][pdx_mesh_streamer.cpp:249]: Requesting mesh cp6_building_special_mont_st_michel_04_mesh
[19:20:07][D][pdx_mesh_streamer.cpp:249]: Requesting mesh cp6_building_special_sanchi_stupa_mesh
[19:20:07][D][pdx_mesh_streamer.cpp:249]: Requesting mesh cp6_building_special_boudhanath_mesh
[19:20:07][D][pdx_mesh_streamer.cpp:249]: Requesting mesh cp6_building_special_yazd_mosque_mesh
[19:20:07][D][pdx_mesh_streamer.cpp:249]: Requesting mesh cp6_building_special_qutb_minar_01_mesh
[19:20:07][D][pdx_mesh_streamer.cpp:249]: Requesting mesh cp6_building_special_qutb_minar_02_mesh
[19:20:07][D][pdx_mesh_streamer.cpp:249]: Requesting mesh cp6_building_special_qutb_minar_03_mesh
[19:20:07][D][pdx_mesh_streamer.cpp:249]: Requesting mesh cp6_building_special_qutb_minar_04_mesh
[19:20:07][D][pdx_mesh_streamer.cpp:249]: Requesting mesh building_special_pyramid_lingapura_01_mesh
[19:20:07][D][pdx_mesh_streamer.cpp:249]: Requesting mesh building_special_maijishan_grottoes_01_mesh
[19:20:07][D][pdx_mesh_streamer.cpp:249]: Requesting mesh building_special_three_pagodas_dali_01_mesh
[19:20:07][D][pdx_mesh_streamer.cpp:249]: Requesting mesh building_special_dengfeng_observatory_01_mesh
[19:20:07][D][pdx_mesh_streamer.cpp:249]: Requesting mesh building_special_muara_takus_01_mesh
[19:20:07][D][pdx_mesh_streamer.cpp:249]: Requesting mesh building_special_stone_pagoda_01_mesh
[19:20:07][D][pdx_mesh_streamer.cpp:249]: Requesting mesh building_special_yuelu_academy_01_mesh
[19:20:07][D][pdx_mesh_streamer.cpp:249]: Requesting mesh building_special_chocolate_hills_01_mesh
[19:20:07][D][pdx_mesh_streamer.cpp:249]: Requesting mesh building_special_wilwatikta_palace_01_mesh
[19:20:07][D][pdx_mesh_streamer.cpp:249]: Requesting mesh building_special_ha_long_bay_01_mesh
[19:20:07][D][pdx_mesh_streamer.cpp:249]: Requesting mesh building_special_my_son_sanctuary_01_mesh
[19:20:07][D][pdx_mesh_streamer.cpp:249]: Requesting mesh building_special_gunung_api_01_mesh
[19:20:07][D][pdx_mesh_streamer.cpp:249]: Requesting mesh building_special_suwalesi_megaliths_01_mesh
[19:20:07][D][pdx_mesh_streamer.cpp:249]: Requesting mesh building_special_izumo_taisha_01_mesh
[19:20:07][D][pdx_mesh_streamer.cpp:249]: Requesting mesh building_special_confucius_temple_01_mesh
[19:20:07][D][pdx_mesh_streamer.cpp:249]: Requesting mesh building_special_citadel_linan_01_mesh
[19:20:07][D][pdx_mesh_streamer.cpp:249]: Requesting mesh building_special_temples_angkor_01_mesh
[19:20:07][D][pdx_mesh_streamer.cpp:249]: Requesting mesh building_special_temples_angkor_02_mesh
[19:20:07][D][pdx_mesh_streamer.cpp:249]: Requesting mesh pam_generic_under_construction_01_a_mesh
[19:20:07][D][pdx_mesh_streamer.cpp:249]: Requesting mesh pam_generic_orthodox_under_construction_01_a_mesh
[19:20:07][D][pdx_mesh_streamer.cpp:249]: Requesting mesh pam_generic_romanesque_01_a_mesh
[19:20:07][D][pdx_mesh_streamer.cpp:249]: Requesting mesh pam_generic_orthodox_01_a_mesh
[19:20:07][D][pdx_mesh_streamer.cpp:249]: Requesting mesh pam_generic_gothic_01_a_mesh
[19:20:07][D][pdx_mesh_streamer.cpp:249]: Requesting mesh pam_generic_orthodox_02_a_mesh
[19:20:07][D][pdx_mesh_streamer.cpp:249]: Requesting mesh pam_generic_gothic_02_a_mesh
[19:20:07][D][pdx_mesh_streamer.cpp:249]: Requesting mesh pam_building_abbey_of_st_gall_mesh
[19:20:07][D][pdx_mesh_streamer.cpp:249]: Requesting mesh pam_building_palais_de_papes_mesh
[19:20:07][D][pdx_mesh_streamer.cpp:249]: Requesting mesh pam_building_lateran_palace_mesh
[19:20:07][D][pdx_mesh_streamer.cpp:249]: Requesting mesh pam_building_reims_cathedral_mesh
[19:20:07][D][pdx_mesh_streamer.cpp:249]: Requesting mesh tgp_building_se_asia_temple_01_mesh
[19:20:07][D][pdx_mesh_streamer.cpp:249]: Requesting mesh tgp_building_se_asia_temple_02_mesh
[19:20:07][D][pdx_mesh_streamer.cpp:249]: Requesting mesh tgp_building_se_asia_temple_04_mesh
[19:20:07][D][pdx_mesh_streamer.cpp:249]: Requesting mesh tgp_great_wall_04_mesh
[19:20:07][D][pdx_mesh_streamer.cpp:249]: Requesting mesh tgp_great_wall_05_mesh
[19:20:07][D][pdx_mesh_streamer.cpp:249]: Requesting mesh western_flag_01_mesh
[19:20:08][D][gameapplication.cpp:583]: Setting idler 'Frontend' with NO init options
[19:20:08][D][pdx_online_telemetry.cpp:28]: [telemetry] quality:custom
[19:20:08][D][pdx_online_telemetry.cpp:28]: [telemetry] shadowmap_resolution:2048x2048
[19:20:08][D][pdx_online_telemetry.cpp:28]: [telemetry] texture_quality:high
[19:20:08][D][pdx_online_telemetry.cpp:46]: [telemetry] bloom_enabled:1
[19:20:08][D][pdx_online_telemetry.cpp:28]: [telemetry] anti_aliasing:DISABLED
[19:20:08][D][pdx_online_telemetry.cpp:28]: [telemetry] scale:0.8
[19:20:08][D][pdx_online_telemetry.cpp:46]: [telemetry] mesh_streaming:1
[19:20:08][D][pdx_online_telemetry.cpp:46]: [telemetry] illustration_streaming:1
[19:20:10][D][history.cpp:1497]: Start loading of history
[19:20:10][D][pdx_mesh_streamer.cpp:249]: Requesting mesh male_hair_northern_03_mesh
[19:20:10][D][pdx_mesh_streamer.cpp:249]: Requesting mesh male_clothes_secular_western_nobility_03_mesh
[19:20:10][D][pdx_mesh_streamer.cpp:249]: Requesting mesh male_headgear_secular_western_high_nobility_01_mesh
[19:20:10][D][pdx_mesh_streamer.cpp:249]: Requesting mesh male_legwear_secular_western_common_01_mesh
[19:20:10][D][pdx_mesh_streamer.cpp:249]: Requesting mesh m_cloaks_sec_ep2_western_era1_nob_01_mesh
[19:20:10][D][pdx_mesh_streamer.cpp:249]: Requesting mesh female_hair_western_03_mesh
[19:20:10][D][pdx_mesh_streamer.cpp:249]: Requesting mesh female_clothes_secular_western_nobility_01_mesh
[19:20:10][D][pdx_mesh_streamer.cpp:249]: Requesting mesh f_headgear_sec_sp2_western_high_nob_01_mesh
[19:20:10][D][pdx_mesh_streamer.cpp:249]: Requesting mesh female_legwear_secular_western_common_01_mesh
[19:20:10][D][pdx_mesh_streamer.cpp:249]: Requesting mesh f_cloaks_sec_ep2_western_era1_01_mesh
[19:20:10][D][pdx_mesh_streamer.cpp:249]: Requesting mesh m_beard_fp3_iranian_01_mesh
[19:20:10][D][pdx_mesh_streamer.cpp:249]: Requesting mesh male_clothes_secular_fp2_iberian_muslim_nobility_01_mesh
[19:20:10][D][pdx_mesh_streamer.cpp:249]: Requesting mesh male_headgear_religious_muslim_high_01_mesh
[19:20:10][D][pdx_mesh_streamer.cpp:249]: Requesting mesh male_legwear_secular_mena_nobility_01_mesh
[19:20:10][D][pdx_mesh_streamer.cpp:249]: Requesting mesh fp2_chesspiece_rook_01_a_mesh
[19:20:13][I][savegameitem.cpp:734]: Waited 3001 ms for 3 main menu portraits, ready: false
[19:20:13][D][main.cpp:809]: Total startup duration: 149.325548 seconds
[19:20:13][D][pdx_legal_documents.cpp:109]: 0 legal docs to download.
[19:20:14][D][player.cpp:153]: CJominiPlayers:::DeleteAllPlayers - #0 players
[19:20:14][D][pdx_mesh_streamer.cpp:249]: Requesting mesh m_hair_fp3_iranian_03_mesh
[19:20:14][D][pdx_mesh_streamer.cpp:249]: Requesting mesh m_beard_ep2_western_02_mesh
[19:20:14][D][pdx_mesh_streamer.cpp:249]: Requesting mesh male_clothes_secular_northern_nobility_01_mesh
[19:20:14][D][pdx_mesh_streamer.cpp:249]: Requesting mesh male_headgear_religious_northern_high_01_mesh
[19:20:14][D][pdx_mesh_streamer.cpp:249]: Requesting mesh male_furs_secular_fp1_nobility_02_mesh
[19:20:14][D][pdx_mesh_streamer.cpp:249]: Requesting mesh male_hair_fp2_iberian_christian_02_mesh
[19:20:14][D][pdx_mesh_streamer.cpp:249]: Requesting mesh male_beard_fp2_iberian_christian_03_mesh
[19:20:14][D][pdx_mesh_streamer.cpp:249]: Requesting mesh male_clothes_secular_western_nobility_01_mesh
[19:20:14][D][pdx_mesh_streamer.cpp:249]: Requesting mesh m_headgear_sec_sp2_western_high_nob_01_mesh
[19:20:14][D][pdx_mesh_streamer.cpp:249]: Requesting mesh m_legwear_sec_pol_nob_01_mesh
[19:20:14][D][pdx_mesh_streamer.cpp:249]: Requesting mesh male_hair_western_08_mesh
[19:20:14][D][pdx_mesh_streamer.cpp:249]: Requesting mesh m_beard_ep2_western_03_mesh
[19:20:14][D][pdx_mesh_streamer.cpp:249]: Requesting mesh portrait_prop_western_sword_02_mesh
[19:20:14][I][frontend_game_setup_view.cpp:638]: Requested 5 bookmark portraits
[19:20:14][D][pdx_account.cpp:450]: Login failed. Error: No session tokens were found.
[19:20:16][D][characterhistory.cpp:271]: ----- Character Base History Entries use the following:

[19:20:16][D][characterhistory.cpp:211]: --- Character history uses the following tokens:

[19:20:16][D][characterhistory.cpp:221]: --- missing tokens:

[19:20:16][D][characterhistory.cpp:274]: ----- Date entries use the following:

[19:20:16][D][characterhistory.cpp:211]: --- Character history uses the following tokens:

[19:20:16][D][characterhistory.cpp:221]: --- missing tokens:

[19:20:16][D][history.cpp:1543]: End loading of history
