[16:47:00][D][jomini_game_setup.cpp:326]: Log system initialized.
[16:47:00][I][main.cpp:506]: Architecture: x86-64
[16:47:00][I][main.cpp:513]: Uses SIMD
[16:47:00][D][pdx_task.cpp:271]: Spawning 23 worker threads
[16:47:00][D][pdx_task.cpp:272]: Spawning 11 low-prio worker threads
[16:47:00][D][pdx_localize.cpp:128]: LocalizeInit
[16:47:00][D][systemsettings.cpp:327]: "default_settings_v1_file" is not defined in path.settings. Default "pdx_default_settings.json" will be used.
[16:47:00][D][systemsettings.cpp:327]: "default_settings_file" is not defined in path.settings. Default "pdx_default_settings.txt" will be used.
[16:47:00][D][pdx_text_settings.cpp:141]: [CPdxSettingsTextFile] "pdx_default_settings.txt" doesn't exist.
[16:47:00][D][systemsettings.cpp:327]: "settings_v1_file" is not defined in path.settings. Default "pdx_settings.json" will be used.
[16:47:00][D][systemsettings.cpp:327]: "settings_file" is not defined in path.settings. Default "pdx_settings.txt" will be used.
[16:47:00][D][pdx_enum_setting.cpp:95]: Could not find enum 'l_simp_chinese' for 'language', will use default 'l_english'
[16:47:00][D][pdx_account.cpp:602]: Starting up PDX SDK
[16:47:01][D][gfx_dx11_master_context.cpp:153]: Adapter 0: NVIDIA GeForce RTX 3060 Laptop GPU (6009.00 MB)
[16:47:01][D][gfx_dx11_master_context.cpp:153]: Adapter 1: Microsoft Basic Render Driver (0.00 MB)
[16:47:01][D][gfx_dx11_master_context.cpp:153]: Selected adapter: NVIDIA GeForce RTX 3060 Laptop GPU (6009.00 MB)
[16:47:01][D][gfx_dx11_master_context.cpp:300]: VendorId: 4318
[16:47:01][D][gfx_dx11_master_context.cpp:301]: DeviceId: 9504
[16:47:01][D][gfx_dx11_master_context.cpp:302]: SubSysId: 4318
[16:47:01][D][gfx_dx11_master_context.cpp:303]: Revision: 161
[16:47:01][D][pdx_matchmaking.cpp:70]: Matchmaking Interface: Nakama
[16:47:01][D][contextowner.cpp:885]: Initializing Gui Editor: 0.002730
[16:47:01][D][defines.cpp:180]: Define 'GREAT_PROJECT_ILLUSTRATION_PATH' defined in 'common/defines/graphic/00_graphics.txt' not specified. Maybe a define macro is missing
[16:47:01][D][jomini_game_setup.cpp:130]: DLC:
West Slavic Attire|dlc/dlc016_cp2/dlc016.dlc
Tours and Tournaments|dlc/dlc007_ep2/dlc007.dlc
North African Attire|dlc/dlc012_afr/dlc012.dlc
Roads to Power|dlc/dlc014_ep3/dlc014.dlc
Legends of the Dead|dlc/dlc011_ce1/dlc011.dlc
Celestial Court Attire|dlc/dlc027_cp9/dlc027.dlc
The Northern Lords|dlc/dlc003_fp1/dlc003.dlc
All Under Heaven|dlc/dlc022_ep4/dlc022.dlc
Garments of the Holy Roman Empire|dlc/dlc001_preorder/dlc001.dlc
Legacy of Persia|dlc/dlc010_fp3/dlc010.dlc
The Royal Court|dlc/dlc004_ep1/dlc004.dlc
Fashion of the Abbasid Court|dlc/dlc002_sp_day1/dlc002.dlc
Songs of the Realm|dlc/dlc029_mp1/dlc029.dlc
Holy Buildings|dlc/dlc024_cp6/dlc024.dlc
Wards and Wardens|dlc/dlc009_bp2/dlc009.dlc
Coronations|dlc/dlc021_bp4/dlc021.dlc
East Asian Wonders|dlc/dlc026_cp8/dlc026.dlc
The Fate of Iberia|dlc/dlc005_fp2/dlc005.dlc
Elegance of the Empire|dlc/dlc008_sp2/dlc008.dlc
North Pacific Attire|dlc/dlc025_cp7/dlc025.dlc
Couture of the Capets|dlc/dlc013_sp3/dlc013.dlc
High Medieval Warfare Attire|dlc/dlc023_cp5/dlc023.dlc
Medieval Monuments|dlc/dlc017_cp3/dlc017.dlc
Wandering Nobles|dlc/dlc015_bp3/dlc015.dlc
Friends and Foes|dlc/dlc006_bp1/dlc006.dlc
Khans of the Steppe|dlc/dlc020_ce2/dlc020.dlc
Symbols of Authority|dlc/dlc028_sp5/dlc028.dlc
Crowns of the World|dlc/dlc019_sp4/dlc019.dlc
Arctic Attire|dlc/dlc018_cp4/dlc018.dlc
Mod:

[16:47:01][D][virtualfilesystem_physfs.cpp:813]: Mounted Data: C:/SteamLibrary/steamapps/common/Crusader Kings III/game/dlc/dlc016_cp2
[16:47:01][D][virtualfilesystem_physfs.cpp:813]: Mounted Data: C:/SteamLibrary/steamapps/common/Crusader Kings III/game/dlc/dlc009_bp2
[16:47:01][D][virtualfilesystem_physfs.cpp:813]: Mounted Data: C:/SteamLibrary/steamapps/common/Crusader Kings III/game/dlc/dlc015_bp3
[16:47:01][D][virtualfilesystem_physfs.cpp:813]: Mounted Data: C:/SteamLibrary/steamapps/common/Crusader Kings III/game/dlc/dlc007_ep2
[16:47:01][D][virtualfilesystem_physfs.cpp:813]: Mounted Data: C:/SteamLibrary/steamapps/common/Crusader Kings III/game/dlc/dlc004_ep1
[16:47:01][D][virtualfilesystem_physfs.cpp:813]: Mounted Data: C:/SteamLibrary/steamapps/common/Crusader Kings III/game/dlc/dlc003_fp1
[16:47:01][D][virtualfilesystem_physfs.cpp:813]: Mounted Data: C:/SteamLibrary/steamapps/common/Crusader Kings III/game/dlc/dlc005_fp2
[16:47:01][D][virtualfilesystem_physfs.cpp:813]: Mounted Data: C:/SteamLibrary/steamapps/common/Crusader Kings III/game/dlc/dlc028_sp5
[16:47:01][D][virtualfilesystem_physfs.cpp:813]: Mounted Data: C:/SteamLibrary/steamapps/common/Crusader Kings III/game/dlc/dlc029_mp1
[16:47:01][D][virtualfilesystem_physfs.cpp:813]: Mounted Data: C:/SteamLibrary/steamapps/common/Crusader Kings III/game/dlc/dlc014_ep3
[16:47:01][D][virtualfilesystem_physfs.cpp:813]: Mounted Data: C:/SteamLibrary/steamapps/common/Crusader Kings III/game/dlc/dlc025_cp7
[16:47:01][D][virtualfilesystem_physfs.cpp:813]: Mounted Data: C:/SteamLibrary/steamapps/common/Crusader Kings III/game/dlc/dlc012_afr
[16:47:01][D][virtualfilesystem_physfs.cpp:813]: Mounted Data: C:/SteamLibrary/steamapps/common/Crusader Kings III/game/dlc/dlc017_cp3
[16:47:01][D][virtualfilesystem_physfs.cpp:813]: Mounted Data: C:/SteamLibrary/steamapps/common/Crusader Kings III/game/dlc/dlc011_ce1
[16:47:01][D][virtualfilesystem_physfs.cpp:813]: Mounted Data: C:/SteamLibrary/steamapps/common/Crusader Kings III/game/dlc/dlc010_fp3
[16:47:01][D][virtualfilesystem_physfs.cpp:813]: Mounted Data: C:/SteamLibrary/steamapps/common/Crusader Kings III/game/dlc/dlc020_ce2
[16:47:01][D][virtualfilesystem_physfs.cpp:813]: Mounted Data: C:/SteamLibrary/steamapps/common/Crusader Kings III/game/dlc/dlc024_cp6
[16:47:01][D][virtualfilesystem_physfs.cpp:813]: Mounted Data: C:/SteamLibrary/steamapps/common/Crusader Kings III/game/dlc/dlc023_cp5
[16:47:01][D][virtualfilesystem_physfs.cpp:813]: Mounted Data: C:/SteamLibrary/steamapps/common/Crusader Kings III/game/dlc/dlc001_preorder
[16:47:01][D][virtualfilesystem_physfs.cpp:813]: Mounted Data: C:/SteamLibrary/steamapps/common/Crusader Kings III/game/dlc/dlc006_bp1
[16:47:01][D][virtualfilesystem_physfs.cpp:813]: Mounted Data: C:/SteamLibrary/steamapps/common/Crusader Kings III/game/dlc/dlc002_sp_day1
[16:47:01][D][virtualfilesystem_physfs.cpp:813]: Mounted Data: C:/SteamLibrary/steamapps/common/Crusader Kings III/game/dlc/dlc008_sp2
[16:47:01][D][virtualfilesystem_physfs.cpp:813]: Mounted Data: C:/SteamLibrary/steamapps/common/Crusader Kings III/game/dlc/dlc026_cp8
[16:47:01][D][virtualfilesystem_physfs.cpp:813]: Mounted Data: C:/SteamLibrary/steamapps/common/Crusader Kings III/game/dlc/dlc019_sp4
[16:47:01][D][virtualfilesystem_physfs.cpp:813]: Mounted Data: C:/SteamLibrary/steamapps/common/Crusader Kings III/game/dlc/dlc013_sp3
[16:47:01][D][virtualfilesystem_physfs.cpp:813]: Mounted Data: C:/SteamLibrary/steamapps/common/Crusader Kings III/game/dlc/dlc021_bp4
[16:47:01][D][virtualfilesystem_physfs.cpp:813]: Mounted Data: C:/SteamLibrary/steamapps/common/Crusader Kings III/game/dlc/dlc027_cp9
[16:47:01][D][virtualfilesystem_physfs.cpp:813]: Mounted Data: C:/SteamLibrary/steamapps/common/Crusader Kings III/game/dlc/dlc018_cp4
[16:47:01][D][virtualfilesystem_physfs.cpp:813]: Mounted Data: C:/SteamLibrary/steamapps/common/Crusader Kings III/game/dlc/dlc022_ep4
[16:47:01][D][virtualfilesystem.cpp:339]: Starting pre-enumerating 'gfx/models'(.asset, , -1)
[16:47:02][D][virtualfilesystem.cpp:339]: Starting pre-enumerating 'sound'(.audio2, , -1)
[16:47:02][D][virtualfilesystem.cpp:339]: Starting pre-enumerating 'fonts'(.font, , -1)
[16:47:02][D][virtualfilesystem.cpp:339]: Starting pre-enumerating 'gui'(.gui, , -1)
[16:47:02][D][virtualfilesystem.cpp:313]: Done enumerating 'sound'(.audio2, , -1) in 0.010 seconds
[16:47:02][D][virtualfilesystem.cpp:313]: Done enumerating 'fonts'(.font, , -1) in 0.028 seconds
[16:47:02][D][defines.cpp:180]: Define 'GREAT_PROJECT_ILLUSTRATION_PATH' defined in 'common/defines/graphic/00_graphics.txt' not specified. Maybe a define macro is missing
[16:47:02][D][virtualfilesystem.cpp:313]: Done enumerating 'gui'(.gui, , -1) in 0.070 seconds
[16:47:02][D][jomini_game_setup.cpp:159]: Starting checksum calculation
[16:47:04][D][virtualfilesystem.cpp:313]: Done enumerating 'gfx/models'(.asset, , -1) in 2.481 seconds
[16:47:08][D][jomini_game_setup.cpp:186]: Starting checksum calculation
[16:47:08][D][virtualfilesystem.cpp:339]: Starting pre-enumerating 'gfx/interface/illustrations/loading_screens'(.dds, , 0)
[16:47:08][D][virtualfilesystem.cpp:339]: Starting pre-enumerating 'gfx/interface/frontend'(.dds, , 0)
[16:47:08][D][virtualfilesystem.cpp:339]: Starting pre-enumerating 'common/script_values'(.txt, , 0)
[16:47:08][D][virtualfilesystem.cpp:339]: Starting pre-enumerating 'common/scripted_effects'(.txt, , 0)
[16:47:08][D][virtualfilesystem.cpp:339]: Starting pre-enumerating 'common/scripted_triggers'(.txt, , 0)
[16:47:08][D][virtualfilesystem.cpp:339]: Starting pre-enumerating 'common/scripted_modifiers'(.txt, , 0)
[16:47:08][D][virtualfilesystem.cpp:339]: Starting pre-enumerating 'common/scripted_lists'(.txt, , 0)
[16:47:08][D][virtualfilesystem.cpp:339]: Starting pre-enumerating 'common/scripted_guis'(.txt, , 0)
[16:47:08][D][virtualfilesystem.cpp:339]: Starting pre-enumerating 'common/scripted_rules'(.txt, , 0)
[16:47:08][D][virtualfilesystem.cpp:339]: Starting pre-enumerating 'common/customizable_localization'(.txt, , 0)
[16:47:08][D][virtualfilesystem.cpp:339]: Starting pre-enumerating 'common/ethnicities'(.txt, , 0)
[16:47:08][D][virtualfilesystem.cpp:339]: Starting pre-enumerating 'common/genes'(.txt, , 0)
[16:47:08][D][virtualfilesystem.cpp:339]: Starting pre-enumerating 'common/portrait_types'(.txt, , 0)
[16:47:08][D][virtualfilesystem.cpp:339]: Starting pre-enumerating 'gfx/portraits/accessory_variations'(.txt, , 0)
[16:47:08][D][virtualfilesystem.cpp:339]: Starting pre-enumerating 'gfx/portraits/accessories'(.txt, , 0)
[16:47:08][D][virtualfilesystem.cpp:339]: Starting pre-enumerating 'gfx/portraits/portrait_animations'(.txt, , 0)
[16:47:08][D][virtualfilesystem.cpp:339]: Starting pre-enumerating 'gfx/portraits/cameras'(.txt, , 0)
[16:47:08][D][virtualfilesystem.cpp:339]: Starting pre-enumerating 'gfx/portraits/environments'(.txt, , 0)
[16:47:08][D][virtualfilesystem.cpp:339]: Starting pre-enumerating 'gfx/portraits/portrait_modifiers'(.txt, , 0)
[16:47:08][D][virtualfilesystem.cpp:339]: Starting pre-enumerating 'common/named_colors'(.txt, , 0)
[16:47:08][D][virtualfilesystem.cpp:339]: Starting pre-enumerating 'common/coat_of_arms/coat_of_arms'(.txt, , 0)
[16:47:08][D][virtualfilesystem.cpp:339]: Starting pre-enumerating 'common/coat_of_arms/template_lists'(.txt, , 0)
[16:47:08][D][virtualfilesystem.cpp:339]: Starting pre-enumerating 'common/game_concepts'(.txt, , 0)
[16:47:08][D][virtualfilesystem.cpp:339]: Starting pre-enumerating 'common/modifier_definition_formats'(.txt, , 0)
[16:47:08][D][virtualfilesystem.cpp:339]: Starting pre-enumerating 'events'(.txt, , -1)
[16:47:08][D][virtualfilesystem.cpp:339]: Starting pre-enumerating 'common/province_terrain'(.txt, , -1)
[16:47:08][D][virtualfilesystem.cpp:339]: Starting pre-enumerating 'common/on_action'(.txt, , -1)
[16:47:08][D][virtualfilesystem.cpp:339]: Starting pre-enumerating 'history/characters'(.txt, , -1)
[16:47:08][D][virtualfilesystem.cpp:339]: Starting pre-enumerating 'history/province_mapping'(.txt, , -1)
[16:47:08][D][virtualfilesystem.cpp:339]: Starting pre-enumerating 'history/titles'(.txt, , -1)
[16:47:08][D][virtualfilesystem.cpp:339]: Starting pre-enumerating 'history/wars'(.txt, , -1)
[16:47:08][D][virtualfilesystem.cpp:339]: Starting pre-enumerating 'history/cultures'(.txt, , -1)
[16:47:08][D][virtualfilesystem.cpp:339]: Starting pre-enumerating 'history/struggles'(.txt, , -1)
[16:47:08][D][virtualfilesystem.cpp:339]: Starting pre-enumerating 'common/scripted_relations'(.txt, , 0)
[16:47:08][D][virtualfilesystem.cpp:339]: Starting pre-enumerating 'common/traits'(.txt, , 0)
[16:47:08][D][virtualfilesystem.cpp:339]: Starting pre-enumerating 'common/terrain_types'(.txt, , 0)
[16:47:08][D][virtualfilesystem.cpp:339]: Starting pre-enumerating 'common/tutorial_lessons'(.txt, , 0)
[16:47:08][D][virtualfilesystem.cpp:339]: Starting pre-enumerating 'common/tutorial_lesson_chains'(.txt, , 0)
[16:47:08][D][virtualfilesystem.cpp:339]: Starting pre-enumerating 'common/succession_election'(.txt, , 0)
[16:47:08][D][virtualfilesystem.cpp:339]: Starting pre-enumerating 'gfx/portraits/trait_portrait_modifiers'(.txt, , 0)
[16:47:08][D][virtualfilesystem.cpp:339]: Starting pre-enumerating 'common/scripted_animations'(.txt, , 0)
[16:47:08][D][virtualfilesystem.cpp:339]: Starting pre-enumerating 'common/struggle/catalysts'(.txt, , 0)
[16:47:08][D][virtualfilesystem.cpp:339]: Starting pre-enumerating 'common/struggle/struggles'(.txt, , 0)
[16:47:08][D][virtualfilesystem.cpp:339]: Starting pre-enumerating 'common/task_contracts'(.txt, , 0)
[16:47:08][D][virtualfilesystem.cpp:339]: Starting pre-enumerating 'common/succession_appointment'(.txt, , 0)
[16:47:08][D][virtualfilesystem.cpp:339]: Starting pre-enumerating 'common/travel/travel_options'(.txt, , 0)
[16:47:08][D][virtualfilesystem.cpp:339]: Starting pre-enumerating 'common/travel/point_of_interest_types'(.txt, , 0)
[16:47:08][D][virtualfilesystem.cpp:339]: Starting pre-enumerating 'common/vassal_stances'(.txt, , 0)
[16:47:08][D][virtualfilesystem.cpp:339]: Starting pre-enumerating 'common/ai_war_stances'(.txt, , 0)
[16:47:08][D][virtualfilesystem.cpp:339]: Starting pre-enumerating 'common/combat_effects'(.txt, , 0)
[16:47:08][D][virtualfilesystem.cpp:339]: Starting pre-enumerating 'common/combat_phase_events'(.txt, , 0)
[16:47:08][D][virtualfilesystem.cpp:339]: Starting pre-enumerating 'common/factions'(.txt, , 0)
[16:47:08][D][virtualfilesystem.cpp:339]: Starting pre-enumerating 'common/graphical_unit_types/'(.txt, , 0)
[16:47:08][D][virtualfilesystem.cpp:339]: Starting pre-enumerating 'common/men_at_arms_types'(.txt, , 0)
[16:47:08][D][virtualfilesystem.cpp:339]: Starting pre-enumerating 'common/raids/intents'(.txt, , 0)
[16:47:08][D][virtualfilesystem.cpp:339]: Starting pre-enumerating 'common/situation/situations'(.txt, , 0)
[16:47:08][D][virtualfilesystem.cpp:339]: Starting pre-enumerating 'common/situation/situation_group_types'(.txt, , 0)
[16:47:08][D][virtualfilesystem.cpp:339]: Starting pre-enumerating 'common/situation/catalysts'(.txt, , 0)
[16:47:08][D][virtualfilesystem.cpp:339]: Starting pre-enumerating 'common/religion/doctrine_group_types'(.txt, , 0)
[16:47:08][D][virtualfilesystem.cpp:339]: Starting pre-enumerating 'common/religion/doctrine_types'(.txt, , 0)
[16:47:08][D][virtualfilesystem.cpp:339]: Starting pre-enumerating 'common/religion/holy_site_types'(.txt, , 0)
[16:47:08][D][virtualfilesystem.cpp:339]: Starting pre-enumerating 'common/religion/religion_types'(.txt, , 0)
[16:47:08][D][virtualfilesystem.cpp:339]: Starting pre-enumerating 'common/religion/religion_family_types'(.txt, , 0)
[16:47:08][D][virtualfilesystem.cpp:339]: Starting pre-enumerating 'common/casus_belli_groups'(.txt, , 0)
[16:47:08][D][virtualfilesystem.cpp:339]: Starting pre-enumerating 'common/casus_belli_types'(.txt, , 0)
[16:47:08][D][virtualfilesystem.cpp:339]: Starting pre-enumerating 'common/confederation_types/'(.txt, , 0)
[16:47:08][D][virtualfilesystem.cpp:339]: Starting pre-enumerating 'common/council_positions'(.txt, , 0)
[16:47:08][D][virtualfilesystem.cpp:339]: Starting pre-enumerating 'common/council_tasks'(.txt, , 0)
[16:47:08][D][virtualfilesystem.cpp:339]: Starting pre-enumerating 'common/coat_of_arms/dynamic_definitions'(.txt, , 0)
[16:47:08][D][virtualfilesystem.cpp:339]: Starting pre-enumerating 'common/decisions'(.txt, , 0)
[16:47:08][D][virtualfilesystem.cpp:339]: Starting pre-enumerating 'common/decision_group_types'(.txt, , 0)
[16:47:08][D][virtualfilesystem.cpp:339]: Starting pre-enumerating 'common/diarchies/diarchy_types'(.txt, , 0)
[16:47:08][D][virtualfilesystem.cpp:339]: Starting pre-enumerating 'common/house_aspirations'(.txt, , 0)
[16:47:08][D][virtualfilesystem.cpp:339]: Starting pre-enumerating 'common/house_relation_types/'(.txt, , 0)
[16:47:08][D][virtualfilesystem.cpp:339]: Starting pre-enumerating 'common/house_unities'(.txt, , 0)
[16:47:08][D][virtualfilesystem.cpp:339]: Starting pre-enumerating 'map_data/geographical_regions'(.txt, , 0)
[16:47:08][D][virtualfilesystem.cpp:339]: Starting pre-enumerating 'common/governments'(.txt, , 0)
[16:47:08][D][virtualfilesystem.cpp:339]: Starting pre-enumerating 'common/diarchies/diarchy_mandates'(.txt, , 0)
[16:47:08][D][virtualfilesystem.cpp:339]: Starting pre-enumerating 'common/landed_titles'(.txt, , 0)
[16:47:08][D][virtualfilesystem.cpp:339]: Starting pre-enumerating 'common/laws'(.txt, , 0)
[16:47:08][D][virtualfilesystem.cpp:339]: Starting pre-enumerating 'common/lease_contracts'(.txt, , 0)
[16:47:08][D][virtualfilesystem.cpp:339]: Starting pre-enumerating 'common/subject_contracts/contracts'(.txt, , 0)
[16:47:08][D][virtualfilesystem.cpp:339]: Starting pre-enumerating 'common/subject_contracts/groups'(.txt, , 0)
[16:47:08][D][virtualfilesystem.cpp:339]: Starting pre-enumerating 'common/achievements'(.txt, , 0)
[16:47:08][D][virtualfilesystem.cpp:339]: Starting pre-enumerating 'dlc_metadata'(.txt, , 0)
[16:47:08][D][virtualfilesystem.cpp:339]: Starting pre-enumerating 'common/important_actions'(.txt, , 0)
[16:47:08][D][virtualfilesystem.cpp:339]: Starting pre-enumerating 'common/message_filter_types'(.txt, , 0)
[16:47:08][D][virtualfilesystem.cpp:339]: Starting pre-enumerating 'common/message_group_types'(.txt, , 0)
[16:47:08][D][virtualfilesystem.cpp:339]: Starting pre-enumerating 'common/messages'(.txt, , 0)
[16:47:08][D][virtualfilesystem.cpp:339]: Starting pre-enumerating 'common/ruler_objective_advice_types/'(.txt, , 0)
[16:47:08][D][virtualfilesystem.cpp:339]: Starting pre-enumerating 'tests'(.txt, , 0)
[16:47:08][D][virtualfilesystem.cpp:339]: Starting pre-enumerating 'common/suggestions'(.txt, , 0)
[16:47:08][D][virtualfilesystem.cpp:339]: Starting pre-enumerating 'common/schemes/agent_types'(.txt, , 0)
[16:47:08][D][virtualfilesystem.cpp:339]: Starting pre-enumerating 'common/schemes/scheme_countermeasures'(.txt, , 0)
[16:47:08][D][virtualfilesystem.cpp:339]: Starting pre-enumerating 'common/schemes/pulse_actions'(.txt, , 0)
[16:47:08][D][virtualfilesystem.cpp:339]: Starting pre-enumerating 'common/schemes/scheme_types'(.txt, , 0)
[16:47:08][D][virtualfilesystem.cpp:339]: Starting pre-enumerating 'common/secret_types'(.txt, , 0)
[16:47:08][D][virtualfilesystem.cpp:339]: Starting pre-enumerating 'common/culture/aesthetics_bundles'(.txt, , 0)
[16:47:08][D][virtualfilesystem.cpp:339]: Starting pre-enumerating 'common/culture/creation_names'(.txt, , 0)
[16:47:08][D][virtualfilesystem.cpp:339]: Starting pre-enumerating 'common/culture/eras'(.txt, , 0)
[16:47:08][D][virtualfilesystem.cpp:339]: Starting pre-enumerating 'common/culture/innovations'(.txt, , 0)
[16:47:08][D][virtualfilesystem.cpp:339]: Starting pre-enumerating 'common/culture/name_equivalency'(.txt, , 0)
[16:47:08][D][virtualfilesystem.cpp:339]: Starting pre-enumerating 'common/culture/name_lists'(.txt, , 0)
[16:47:08][D][virtualfilesystem.cpp:339]: Starting pre-enumerating 'common/culture/cultures'(.txt, , 0)
[16:47:08][D][virtualfilesystem.cpp:339]: Starting pre-enumerating 'common/culture/pillars'(.txt, , 0)
[16:47:08][D][virtualfilesystem.cpp:339]: Starting pre-enumerating 'common/culture/traditions'(.txt, , 0)
[16:47:08][D][virtualfilesystem.cpp:339]: Starting pre-enumerating 'common/court_amenities/'(.txt, , 0)
[16:47:08][D][virtualfilesystem.cpp:339]: Starting pre-enumerating 'common/court_positions/tasks'(.txt, , 0)
[16:47:08][D][virtualfilesystem.cpp:339]: Starting pre-enumerating 'common/court_positions/types'(.txt, , 0)
[16:47:08][D][virtualfilesystem.cpp:339]: Starting pre-enumerating 'gfx/court_scene/character_groups'(.txt, , 0)
[16:47:08][D][virtualfilesystem.cpp:339]: Starting pre-enumerating 'gfx/court_scene/character_roles'(.txt, , 0)
[16:47:08][D][virtualfilesystem.cpp:339]: Starting pre-enumerating 'common/court_types'(.txt, , 0)
[16:47:08][D][virtualfilesystem.cpp:339]: Starting pre-enumerating 'common/courtier_guest_management'(.txt, , 0)
[16:47:08][D][virtualfilesystem.cpp:339]: Starting pre-enumerating 'common/guest_system'(.txt, , 0)
[16:47:08][D][virtualfilesystem.cpp:339]: Starting pre-enumerating 'common/bookmarks/challenge_characters'(.txt, , 0)
[16:47:08][D][virtualfilesystem.cpp:339]: Starting pre-enumerating 'common/character_backgrounds'(.txt, , 0)
[16:47:08][D][virtualfilesystem.cpp:339]: Starting pre-enumerating 'common/character_interactions'(.txt, , 0)
[16:47:08][D][virtualfilesystem.cpp:339]: Starting pre-enumerating 'common/character_interaction_categories'(.txt, , 0)
[16:47:08][D][virtualfilesystem.cpp:339]: Starting pre-enumerating 'common/character_memory_types'(.txt, , 0)
[16:47:08][D][virtualfilesystem.cpp:339]: Starting pre-enumerating 'common/deathreasons'(.txt, , 0)
[16:47:08][D][virtualfilesystem.cpp:339]: Starting pre-enumerating 'common/dna_data'(.txt, , 0)
[16:47:08][D][virtualfilesystem.cpp:339]: Starting pre-enumerating 'common/pool_character_selectors'(.txt, , 0)
[16:47:08][D][virtualfilesystem.cpp:339]: Starting pre-enumerating 'common/dynasty_house_mottos'(.txt, , 0)
[16:47:08][D][virtualfilesystem.cpp:339]: Starting pre-enumerating 'common/dynasty_house_motto_inserts'(.txt, , 0)
[16:47:08][D][virtualfilesystem.cpp:339]: Starting pre-enumerating 'common/dynasty_houses'(.txt, , 0)
[16:47:08][D][virtualfilesystem.cpp:339]: Starting pre-enumerating 'common/dynasty_perks'(.txt, , 0)
[16:47:08][D][virtualfilesystem.cpp:339]: Starting pre-enumerating 'common/dynasty_legacies'(.txt, , 0)
[16:47:08][D][virtualfilesystem.cpp:339]: Starting pre-enumerating 'common/dynasties'(.txt, , 0)
[16:47:08][D][virtualfilesystem.cpp:339]: Starting pre-enumerating 'common/epidemics'(.txt, , 0)
[16:47:08][D][virtualfilesystem.cpp:339]: Starting pre-enumerating 'common/focuses'(.txt, , 0)
[16:47:08][D][virtualfilesystem.cpp:339]: Starting pre-enumerating 'common/hook_types'(.txt, , 0)
[16:47:08][D][virtualfilesystem.cpp:339]: Starting pre-enumerating 'common/legitimacy'(.txt, , 0)
[16:47:08][D][virtualfilesystem.cpp:339]: Starting pre-enumerating 'common/lifestyles'(.txt, , 0)
[16:47:08][D][virtualfilesystem.cpp:339]: Starting pre-enumerating 'common/lifestyle_perks'(.txt, , 0)
[16:47:08][D][virtualfilesystem.cpp:339]: Starting pre-enumerating 'common/legends/legend_seeds'(.txt, , 0)
[16:47:08][D][virtualfilesystem.cpp:339]: Starting pre-enumerating 'common/legends/chronicles'(.txt, , 0)
[16:47:08][D][virtualfilesystem.cpp:339]: Starting pre-enumerating 'common/legends/legend_types'(.txt, , 0)
[16:47:08][D][virtualfilesystem.cpp:339]: Starting pre-enumerating 'common/nicknames'(.txt, , 0)
[16:47:08][D][virtualfilesystem.cpp:339]: Starting pre-enumerating 'common/opinion_modifiers'(.txt, , 0)
[16:47:08][D][virtualfilesystem.cpp:339]: Starting pre-enumerating 'common/scripted_character_templates'(.txt, , 0)
[16:47:08][D][virtualfilesystem.cpp:339]: Starting pre-enumerating 'common/scripted_costs'(.txt, , 0)
[16:47:08][D][virtualfilesystem.cpp:339]: Starting pre-enumerating 'common/modifiers'(.txt, , 0)
[16:47:08][D][virtualfilesystem.cpp:339]: Starting pre-enumerating 'common/story_cycles'(.txt, , 0)
[16:47:08][D][virtualfilesystem.cpp:339]: Starting pre-enumerating 'common/buildings'(.txt, , 0)
[16:47:08][D][virtualfilesystem.cpp:339]: Starting pre-enumerating 'common/domiciles/buildings'(.txt, , 0)
[16:47:08][D][virtualfilesystem.cpp:339]: Starting pre-enumerating 'common/domiciles/types'(.txt, , 0)
[16:47:08][D][virtualfilesystem.cpp:339]: Starting pre-enumerating 'common/great_projects/types'(.txt, , 0)
[16:47:08][D][virtualfilesystem.cpp:339]: Starting pre-enumerating 'common/holdings'(.txt, , 0)
[16:47:08][D][virtualfilesystem.cpp:339]: Starting pre-enumerating 'common/bookmarks/bookmarks'(.txt, , 0)
[16:47:08][D][virtualfilesystem.cpp:339]: Starting pre-enumerating 'common/bookmarks/groups'(.txt, , 0)
[16:47:08][D][virtualfilesystem.cpp:339]: Starting pre-enumerating 'common/bookmark_portraits'(.txt, , 0)
[16:47:08][D][virtualfilesystem.cpp:339]: Starting pre-enumerating 'common/artifacts/blueprints'(.txt, , 0)
[16:47:08][D][virtualfilesystem.cpp:339]: Starting pre-enumerating 'common/artifacts/features'(.txt, , 0)
[16:47:08][D][virtualfilesystem.cpp:339]: Starting pre-enumerating 'common/artifacts/feature_groups'(.txt, , 0)
[16:47:08][D][virtualfilesystem.cpp:339]: Starting pre-enumerating 'common/artifacts/templates'(.txt, , 0)
[16:47:08][D][virtualfilesystem.cpp:339]: Starting pre-enumerating 'common/artifacts/types'(.txt, , 0)
[16:47:08][D][virtualfilesystem.cpp:339]: Starting pre-enumerating 'common/artifacts/visuals'(.txt, , 0)
[16:47:08][D][virtualfilesystem.cpp:339]: Starting pre-enumerating 'common/artifacts/slots'(.txt, , 0)
[16:47:08][D][virtualfilesystem.cpp:339]: Starting pre-enumerating 'common/connection_arrows'(.txt, , 0)
[16:47:08][D][virtualfilesystem.cpp:339]: Starting pre-enumerating 'common/flavorization'(.txt, , 0)
[16:47:08][D][virtualfilesystem.cpp:339]: Starting pre-enumerating 'gfx/interface/illustrations/scripted_illustrations'(.txt, , 0)
[16:47:08][D][virtualfilesystem.cpp:339]: Starting pre-enumerating 'gfx/skins/hud_skins'(.txt, , 0)
[16:47:08][D][virtualfilesystem.cpp:339]: Starting pre-enumerating 'common/inspirations'(.txt, , 0)
[16:47:08][D][virtualfilesystem.cpp:339]: Starting pre-enumerating 'common/activities/guest_invite_rules'(.txt, , 0)
[16:47:08][D][virtualfilesystem.cpp:339]: Starting pre-enumerating 'common/activities/activity_group_types'(.txt, , 0)
[16:47:08][D][virtualfilesystem.cpp:339]: Starting pre-enumerating 'common/activities/intents'(.txt, , 0)
[16:47:08][D][virtualfilesystem.cpp:339]: Starting pre-enumerating 'common/activities/activity_locales'(.txt, , 0)
[16:47:08][D][virtualfilesystem.cpp:339]: Starting pre-enumerating 'common/activities/pulse_actions'(.txt, , 0)
[16:47:08][D][virtualfilesystem.cpp:339]: Starting pre-enumerating 'common/activities/activity_types'(.txt, , 0)
[16:47:08][D][virtualfilesystem.cpp:339]: Starting pre-enumerating 'common/accolade_names'(.txt, , 0)
[16:47:08][D][virtualfilesystem.cpp:339]: Starting pre-enumerating 'common/accolade_types'(.txt, , 0)
[16:47:08][D][virtualfilesystem.cpp:339]: Starting pre-enumerating 'common/tax_slots/types'(.txt, , 0)
[16:47:08][D][virtualfilesystem.cpp:339]: Starting pre-enumerating 'common/tax_slots/obligations'(.txt, , 0)
[16:47:08][D][virtualfilesystem.cpp:339]: Starting pre-enumerating 'music/in_game'(.txt, , 0)
[16:47:08][D][virtualfilesystem.cpp:339]: Starting pre-enumerating 'gfx/interface/illustrations/loading_screens'(, , 0)
[16:47:08][D][virtualfilesystem.cpp:339]: Starting pre-enumerating 'common/console_groups'(.txt, , 0)
[16:47:08][D][virtualfilesystem.cpp:339]: Starting pre-enumerating 'common/event_pictures'(.txt, , 0)
[16:47:08][D][virtualfilesystem.cpp:339]: Starting pre-enumerating 'common/event_themes'(.txt, , 0)
[16:47:08][D][virtualfilesystem.cpp:339]: Starting pre-enumerating 'common/unit_assets'(.txt, , 0)
[16:47:08][D][virtualfilesystem.cpp:339]: Starting pre-enumerating 'gfx/map/map_modes'(.txt, , 0)
[16:47:08][D][virtualfilesystem.cpp:339]: Starting pre-enumerating 'common/playable_difficulty_infos'(.txt, , 0)
[16:47:08][D][virtualfilesystem.cpp:339]: Starting pre-enumerating 'gfx/map/province_effects'(.txt, , 0)
[16:47:08][D][pdx_localize.cpp:142]: LocalizeShutdown
[16:47:08][D][virtualfilesystem.cpp:313]: Done enumerating 'gfx/interface/frontend'(.dds, , 0) in 0.002 seconds
[16:47:08][D][virtualfilesystem.cpp:313]: Done enumerating 'gfx/interface/illustrations/loading_screens'(.dds, , 0) in 0.003 seconds
[16:47:08][D][virtualfilesystem.cpp:313]: Done enumerating 'common/scripted_lists'(.txt, , 0) in 0.004 seconds
[16:47:08][D][virtualfilesystem.cpp:313]: Done enumerating 'common/ethnicities'(.txt, , 0) in 0.002 seconds
[16:47:08][D][virtualfilesystem.cpp:313]: Done enumerating 'common/scripted_rules'(.txt, , 0) in 0.005 seconds
[16:47:08][D][pdx_localize.cpp:128]: LocalizeInit
[16:47:08][D][virtualfilesystem.cpp:313]: Done enumerating 'common/scripted_guis'(.txt, , 0) in 0.005 seconds
[16:47:08][D][virtualfilesystem.cpp:313]: Done enumerating 'common/scripted_modifiers'(.txt, , 0) in 0.005 seconds
[16:47:08][D][virtualfilesystem.cpp:313]: Done enumerating 'common/genes'(.txt, , 0) in 0.002 seconds
[16:47:08][D][virtualfilesystem.cpp:313]: Done enumerating 'common/scripted_triggers'(.txt, , 0) in 0.005 seconds
[16:47:08][D][virtualfilesystem.cpp:313]: Done enumerating 'common/script_values'(.txt, , 0) in 0.006 seconds
[16:47:08][D][virtualfilesystem.cpp:313]: Done enumerating 'gfx/portraits/accessory_variations'(.txt, , 0) in 0.002 seconds
[16:47:08][D][virtualfilesystem.cpp:313]: Done enumerating 'common/scripted_effects'(.txt, , 0) in 0.006 seconds
[16:47:08][D][virtualfilesystem.cpp:313]: Done enumerating 'common/customizable_localization'(.txt, , 0) in 0.007 seconds
[16:47:08][D][virtualfilesystem.cpp:313]: Done enumerating 'common/portrait_types'(.txt, , 0) in 0.003 seconds
[16:47:08][D][virtualfilesystem.cpp:313]: Done enumerating 'gfx/portraits/environments'(.txt, , 0) in 0.002 seconds
[16:47:08][D][virtualfilesystem.cpp:313]: Done enumerating 'common/coat_of_arms/coat_of_arms'(.txt, , 0) in 0.002 seconds
[16:47:08][D][virtualfilesystem.cpp:313]: Done enumerating 'gfx/portraits/accessories'(.txt, , 0) in 0.003 seconds
[16:47:08][D][virtualfilesystem.cpp:313]: Done enumerating 'gfx/portraits/portrait_animations'(.txt, , 0) in 0.003 seconds
[16:47:08][D][virtualfilesystem.cpp:313]: Done enumerating 'gfx/portraits/cameras'(.txt, , 0) in 0.003 seconds
[16:47:08][D][virtualfilesystem.cpp:313]: Done enumerating 'common/named_colors'(.txt, , 0) in 0.003 seconds
[16:47:08][D][virtualfilesystem.cpp:313]: Done enumerating 'gfx/portraits/portrait_modifiers'(.txt, , 0) in 0.004 seconds
[16:47:08][D][virtualfilesystem.cpp:313]: Done enumerating 'common/province_terrain'(.txt, , -1) in 0.002 seconds
[16:47:08][D][virtualfilesystem.cpp:313]: Done enumerating 'common/coat_of_arms/template_lists'(.txt, , 0) in 0.003 seconds
[16:47:08][D][virtualfilesystem.cpp:313]: Done enumerating 'common/game_concepts'(.txt, , 0) in 0.003 seconds
[16:47:08][D][virtualfilesystem.cpp:313]: Done enumerating 'common/modifier_definition_formats'(.txt, , 0) in 0.003 seconds
[16:47:08][D][virtualfilesystem.cpp:313]: Done enumerating 'history/province_mapping'(.txt, , -1) in 0.003 seconds
[16:47:08][D][virtualfilesystem.cpp:313]: Done enumerating 'history/characters'(.txt, , -1) in 0.004 seconds
[16:47:08][D][virtualfilesystem.cpp:313]: Done enumerating 'history/titles'(.txt, , -1) in 0.004 seconds
[16:47:08][D][virtualfilesystem.cpp:313]: Done enumerating 'common/scripted_relations'(.txt, , 0) in 0.002 seconds
[16:47:08][D][virtualfilesystem.cpp:313]: Done enumerating 'history/struggles'(.txt, , -1) in 0.004 seconds
[16:47:08][D][virtualfilesystem.cpp:313]: Done enumerating 'history/wars'(.txt, , -1) in 0.005 seconds
[16:47:08][D][virtualfilesystem.cpp:313]: Done enumerating 'common/traits'(.txt, , 0) in 0.003 seconds
[16:47:08][D][virtualfilesystem.cpp:313]: Done enumerating 'common/tutorial_lesson_chains'(.txt, , 0) in 0.002 seconds
[16:47:08][D][virtualfilesystem.cpp:313]: Done enumerating 'common/terrain_types'(.txt, , 0) in 0.003 seconds
[16:47:08][D][virtualfilesystem.cpp:313]: Done enumerating 'common/tutorial_lessons'(.txt, , 0) in 0.003 seconds
[16:47:08][D][virtualfilesystem.cpp:313]: Done enumerating 'history/cultures'(.txt, , -1) in 0.007 seconds
[16:47:08][D][virtualfilesystem.cpp:313]: Done enumerating 'common/succession_election'(.txt, , 0) in 0.003 seconds
[16:47:08][D][virtualfilesystem.cpp:313]: Done enumerating 'common/struggle/struggles'(.txt, , 0) in 0.002 seconds
[16:47:08][D][virtualfilesystem.cpp:313]: Done enumerating 'gfx/portraits/trait_portrait_modifiers'(.txt, , 0) in 0.003 seconds
[16:47:08][D][virtualfilesystem.cpp:313]: Done enumerating 'common/struggle/catalysts'(.txt, , 0) in 0.004 seconds
[16:47:08][D][virtualfilesystem.cpp:313]: Done enumerating 'common/scripted_animations'(.txt, , 0) in 0.004 seconds
[16:47:08][D][virtualfilesystem.cpp:313]: Done enumerating 'common/task_contracts'(.txt, , 0) in 0.003 seconds
[16:47:08][D][virtualfilesystem.cpp:313]: Done enumerating 'common/travel/point_of_interest_types'(.txt, , 0) in 0.003 seconds
[16:47:08][D][virtualfilesystem.cpp:313]: Done enumerating 'common/travel/travel_options'(.txt, , 0) in 0.003 seconds
[16:47:08][D][virtualfilesystem.cpp:313]: Done enumerating 'common/succession_appointment'(.txt, , 0) in 0.003 seconds
[16:47:08][D][virtualfilesystem.cpp:313]: Done enumerating 'common/ai_war_stances'(.txt, , 0) in 0.002 seconds
[16:47:08][D][virtualfilesystem.cpp:313]: Done enumerating 'common/vassal_stances'(.txt, , 0) in 0.003 seconds
[16:47:08][D][virtualfilesystem.cpp:313]: Done enumerating 'common/factions'(.txt, , 0) in 0.002 seconds
[16:47:08][D][virtualfilesystem.cpp:313]: Done enumerating 'common/combat_effects'(.txt, , 0) in 0.002 seconds
[16:47:08][D][virtualfilesystem.cpp:313]: Done enumerating 'common/graphical_unit_types/'(.txt, , 0) in 0.002 seconds
[16:47:08][D][virtualfilesystem.cpp:313]: Done enumerating 'common/men_at_arms_types'(.txt, , 0) in 0.002 seconds
[16:47:08][D][virtualfilesystem.cpp:313]: Done enumerating 'common/situation/situations'(.txt, , 0) in 0.002 seconds
[16:47:08][D][virtualfilesystem.cpp:313]: Done enumerating 'common/combat_phase_events'(.txt, , 0) in 0.004 seconds
[16:47:08][D][virtualfilesystem.cpp:313]: Done enumerating 'common/situation/catalysts'(.txt, , 0) in 0.002 seconds
[16:47:08][D][virtualfilesystem.cpp:313]: Done enumerating 'common/religion/doctrine_group_types'(.txt, , 0) in 0.002 seconds
[16:47:08][D][virtualfilesystem.cpp:313]: Done enumerating 'common/raids/intents'(.txt, , 0) in 0.003 seconds
[16:47:08][D][virtualfilesystem.cpp:313]: Done enumerating 'common/religion/doctrine_types'(.txt, , 0) in 0.002 seconds
[16:47:08][D][virtualfilesystem.cpp:313]: Done enumerating 'common/religion/holy_site_types'(.txt, , 0) in 0.002 seconds
[16:47:08][D][virtualfilesystem.cpp:313]: Done enumerating 'common/situation/situation_group_types'(.txt, , 0) in 0.003 seconds
[16:47:08][D][virtualfilesystem.cpp:313]: Done enumerating 'common/religion/religion_types'(.txt, , 0) in 0.002 seconds
[16:47:08][D][virtualfilesystem.cpp:313]: Done enumerating 'common/casus_belli_groups'(.txt, , 0) in 0.002 seconds
[16:47:08][D][virtualfilesystem.cpp:313]: Done enumerating 'common/confederation_types/'(.txt, , 0) in 0.002 seconds
[16:47:08][D][virtualfilesystem.cpp:313]: Done enumerating 'common/casus_belli_types'(.txt, , 0) in 0.002 seconds
[16:47:08][D][virtualfilesystem.cpp:313]: Done enumerating 'common/council_positions'(.txt, , 0) in 0.002 seconds
[16:47:08][D][virtualfilesystem.cpp:313]: Done enumerating 'common/council_tasks'(.txt, , 0) in 0.002 seconds
[16:47:08][D][virtualfilesystem.cpp:313]: Done enumerating 'common/religion/religion_family_types'(.txt, , 0) in 0.003 seconds
[16:47:08][D][virtualfilesystem.cpp:313]: Done enumerating 'common/decisions'(.txt, , 0) in 0.002 seconds
[16:47:08][D][virtualfilesystem.cpp:313]: Done enumerating 'common/decision_group_types'(.txt, , 0) in 0.002 seconds
[16:47:08][D][virtualfilesystem.cpp:313]: Done enumerating 'common/house_aspirations'(.txt, , 0) in 0.002 seconds
[16:47:08][D][virtualfilesystem.cpp:313]: Done enumerating 'common/diarchies/diarchy_types'(.txt, , 0) in 0.002 seconds
[16:47:08][D][virtualfilesystem.cpp:313]: Done enumerating 'common/coat_of_arms/dynamic_definitions'(.txt, , 0) in 0.003 seconds
[16:47:08][D][virtualfilesystem.cpp:313]: Done enumerating 'common/house_relation_types/'(.txt, , 0) in 0.002 seconds
[16:47:08][D][virtualfilesystem.cpp:313]: Done enumerating 'common/house_unities'(.txt, , 0) in 0.002 seconds
[16:47:08][D][virtualfilesystem.cpp:313]: Done enumerating 'common/governments'(.txt, , 0) in 0.002 seconds
[16:47:08][D][virtualfilesystem.cpp:313]: Done enumerating 'common/diarchies/diarchy_mandates'(.txt, , 0) in 0.002 seconds
[16:47:08][D][virtualfilesystem.cpp:313]: Done enumerating 'common/landed_titles'(.txt, , 0) in 0.002 seconds
[16:47:08][D][virtualfilesystem.cpp:313]: Done enumerating 'common/laws'(.txt, , 0) in 0.002 seconds
[16:47:08][D][virtualfilesystem.cpp:313]: Done enumerating 'map_data/geographical_regions'(.txt, , 0) in 0.003 seconds
[16:47:08][D][virtualfilesystem.cpp:313]: Done enumerating 'common/subject_contracts/contracts'(.txt, , 0) in 0.002 seconds
[16:47:08][D][virtualfilesystem.cpp:313]: Done enumerating 'common/subject_contracts/groups'(.txt, , 0) in 0.002 seconds
[16:47:08][D][virtualfilesystem.cpp:313]: Done enumerating 'common/achievements'(.txt, , 0) in 0.002 seconds
[16:47:08][D][virtualfilesystem.cpp:313]: Done enumerating 'dlc_metadata'(.txt, , 0) in 0.002 seconds
[16:47:08][D][virtualfilesystem.cpp:313]: Done enumerating 'common/important_actions'(.txt, , 0) in 0.002 seconds
[16:47:08][D][virtualfilesystem.cpp:313]: Done enumerating 'common/message_filter_types'(.txt, , 0) in 0.002 seconds
[16:47:08][D][virtualfilesystem.cpp:313]: Done enumerating 'common/ruler_objective_advice_types/'(.txt, , 0) in 0.002 seconds
[16:47:08][D][virtualfilesystem.cpp:313]: Done enumerating 'tests'(.txt, , 0) in 0.002 seconds
[16:47:08][D][virtualfilesystem.cpp:313]: Done enumerating 'common/lease_contracts'(.txt, , 0) in 0.004 seconds
[16:47:08][D][virtualfilesystem.cpp:313]: Done enumerating 'common/suggestions'(.txt, , 0) in 0.002 seconds
[16:47:08][D][virtualfilesystem.cpp:313]: Done enumerating 'common/message_group_types'(.txt, , 0) in 0.003 seconds
[16:47:08][D][virtualfilesystem.cpp:313]: Done enumerating 'common/schemes/scheme_countermeasures'(.txt, , 0) in 0.002 seconds
[16:47:08][D][virtualfilesystem.cpp:313]: Done enumerating 'common/schemes/pulse_actions'(.txt, , 0) in 0.002 seconds
[16:47:08][D][virtualfilesystem.cpp:313]: Done enumerating 'common/messages'(.txt, , 0) in 0.004 seconds
[16:47:08][D][virtualfilesystem.cpp:313]: Done enumerating 'common/schemes/agent_types'(.txt, , 0) in 0.003 seconds
[16:47:08][D][virtualfilesystem.cpp:313]: Done enumerating 'common/schemes/scheme_types'(.txt, , 0) in 0.002 seconds
[16:47:08][D][virtualfilesystem.cpp:313]: Done enumerating 'common/secret_types'(.txt, , 0) in 0.002 seconds
[16:47:08][D][virtualfilesystem.cpp:313]: Done enumerating 'common/culture/aesthetics_bundles'(.txt, , 0) in 0.002 seconds
[16:47:08][D][virtualfilesystem.cpp:313]: Done enumerating 'common/culture/eras'(.txt, , 0) in 0.002 seconds
[16:47:08][D][virtualfilesystem.cpp:313]: Done enumerating 'common/culture/innovations'(.txt, , 0) in 0.002 seconds
[16:47:08][D][virtualfilesystem.cpp:313]: Done enumerating 'common/culture/traditions'(.txt, , 0) in 0.002 seconds
[16:47:08][D][virtualfilesystem.cpp:313]: Done enumerating 'common/culture/cultures'(.txt, , 0) in 0.002 seconds
[16:47:08][D][virtualfilesystem.cpp:313]: Done enumerating 'common/culture/name_lists'(.txt, , 0) in 0.002 seconds
[16:47:08][D][virtualfilesystem.cpp:313]: Done enumerating 'common/culture/creation_names'(.txt, , 0) in 0.003 seconds
[16:47:08][D][virtualfilesystem.cpp:313]: Done enumerating 'common/culture/name_equivalency'(.txt, , 0) in 0.002 seconds
[16:47:08][D][virtualfilesystem.cpp:313]: Done enumerating 'common/culture/pillars'(.txt, , 0) in 0.003 seconds
[16:47:08][D][virtualfilesystem.cpp:313]: Done enumerating 'common/court_amenities/'(.txt, , 0) in 0.002 seconds
[16:47:08][D][virtualfilesystem.cpp:313]: Done enumerating 'common/court_positions/tasks'(.txt, , 0) in 0.002 seconds
[16:47:08][D][virtualfilesystem.cpp:313]: Done enumerating 'gfx/court_scene/character_groups'(.txt, , 0) in 0.002 seconds
[16:47:08][D][virtualfilesystem.cpp:313]: Done enumerating 'common/court_positions/types'(.txt, , 0) in 0.002 seconds
[16:47:08][D][virtualfilesystem.cpp:313]: Done enumerating 'gfx/court_scene/character_roles'(.txt, , 0) in 0.002 seconds
[16:47:08][D][virtualfilesystem.cpp:313]: Done enumerating 'common/courtier_guest_management'(.txt, , 0) in 0.002 seconds
[16:47:08][D][virtualfilesystem.cpp:313]: Done enumerating 'common/bookmarks/challenge_characters'(.txt, , 0) in 0.002 seconds
[16:47:08][D][virtualfilesystem.cpp:313]: Done enumerating 'common/character_backgrounds'(.txt, , 0) in 0.002 seconds
[16:47:08][D][virtualfilesystem.cpp:313]: Done enumerating 'common/court_types'(.txt, , 0) in 0.003 seconds
[16:47:08][D][virtualfilesystem.cpp:313]: Done enumerating 'common/character_interaction_categories'(.txt, , 0) in 0.002 seconds
[16:47:08][D][virtualfilesystem.cpp:313]: Done enumerating 'common/character_memory_types'(.txt, , 0) in 0.002 seconds
[16:47:08][D][virtualfilesystem.cpp:313]: Done enumerating 'common/character_interactions'(.txt, , 0) in 0.002 seconds
[16:47:08][D][virtualfilesystem.cpp:313]: Done enumerating 'common/deathreasons'(.txt, , 0) in 0.002 seconds
[16:47:08][D][virtualfilesystem.cpp:313]: Done enumerating 'common/guest_system'(.txt, , 0) in 0.003 seconds
[16:47:08][D][virtualfilesystem.cpp:313]: Done enumerating 'common/dna_data'(.txt, , 0) in 0.002 seconds
[16:47:08][D][virtualfilesystem.cpp:313]: Done enumerating 'common/pool_character_selectors'(.txt, , 0) in 0.002 seconds
[16:47:08][D][virtualfilesystem.cpp:313]: Done enumerating 'common/dynasty_house_motto_inserts'(.txt, , 0) in 0.002 seconds
[16:47:08][D][virtualfilesystem.cpp:313]: Done enumerating 'common/dynasty_perks'(.txt, , 0) in 0.002 seconds
[16:47:08][D][virtualfilesystem.cpp:313]: Done enumerating 'common/dynasty_houses'(.txt, , 0) in 0.002 seconds
[16:47:08][D][virtualfilesystem.cpp:313]: Done enumerating 'common/dynasty_legacies'(.txt, , 0) in 0.002 seconds
[16:47:08][D][virtualfilesystem.cpp:313]: Done enumerating 'common/dynasty_house_mottos'(.txt, , 0) in 0.003 seconds
[16:47:08][D][virtualfilesystem.cpp:313]: Done enumerating 'common/epidemics'(.txt, , 0) in 0.002 seconds
[16:47:08][D][virtualfilesystem.cpp:313]: Done enumerating 'common/focuses'(.txt, , 0) in 0.002 seconds
[16:47:08][D][virtualfilesystem.cpp:313]: Done enumerating 'common/hook_types'(.txt, , 0) in 0.002 seconds
[16:47:08][D][virtualfilesystem.cpp:313]: Done enumerating 'common/lifestyles'(.txt, , 0) in 0.002 seconds
[16:47:08][D][virtualfilesystem.cpp:313]: Done enumerating 'common/dynasties'(.txt, , 0) in 0.003 seconds
[16:47:08][D][virtualfilesystem.cpp:313]: Done enumerating 'common/legitimacy'(.txt, , 0) in 0.002 seconds
[16:47:08][D][virtualfilesystem.cpp:313]: Done enumerating 'common/lifestyle_perks'(.txt, , 0) in 0.002 seconds
[16:47:08][D][virtualfilesystem.cpp:313]: Done enumerating 'common/legends/legend_types'(.txt, , 0) in 0.002 seconds
[16:47:08][D][virtualfilesystem.cpp:313]: Done enumerating 'common/nicknames'(.txt, , 0) in 0.002 seconds
[16:47:08][D][virtualfilesystem.cpp:313]: Done enumerating 'common/legends/chronicles'(.txt, , 0) in 0.002 seconds
[16:47:08][D][virtualfilesystem.cpp:313]: Done enumerating 'common/scripted_costs'(.txt, , 0) in 0.002 seconds
[16:47:08][D][virtualfilesystem.cpp:313]: Done enumerating 'common/legends/legend_seeds'(.txt, , 0) in 0.003 seconds
[16:47:08][D][virtualfilesystem.cpp:313]: Done enumerating 'common/opinion_modifiers'(.txt, , 0) in 0.002 seconds
[16:47:08][D][virtualfilesystem.cpp:313]: Done enumerating 'common/domiciles/buildings'(.txt, , 0) in 0.002 seconds
[16:47:08][D][virtualfilesystem.cpp:313]: Done enumerating 'common/buildings'(.txt, , 0) in 0.002 seconds
[16:47:08][D][virtualfilesystem.cpp:313]: Done enumerating 'common/story_cycles'(.txt, , 0) in 0.002 seconds
[16:47:08][D][virtualfilesystem.cpp:313]: Done enumerating 'common/modifiers'(.txt, , 0) in 0.003 seconds
[16:47:08][D][virtualfilesystem.cpp:313]: Done enumerating 'common/domiciles/types'(.txt, , 0) in 0.002 seconds
[16:47:08][D][virtualfilesystem.cpp:313]: Done enumerating 'common/scripted_character_templates'(.txt, , 0) in 0.004 seconds
[16:47:08][D][virtualfilesystem.cpp:313]: Done enumerating 'common/holdings'(.txt, , 0) in 0.002 seconds
[16:47:08][D][virtualfilesystem.cpp:313]: Done enumerating 'common/bookmarks/bookmarks'(.txt, , 0) in 0.002 seconds
[16:47:08][D][virtualfilesystem.cpp:313]: Done enumerating 'common/artifacts/features'(.txt, , 0) in 0.002 seconds
[16:47:08][D][virtualfilesystem.cpp:313]: Done enumerating 'common/artifacts/blueprints'(.txt, , 0) in 0.002 seconds
[16:47:08][D][virtualfilesystem.cpp:313]: Done enumerating 'common/bookmarks/groups'(.txt, , 0) in 0.002 seconds
[16:47:08][D][virtualfilesystem.cpp:313]: Done enumerating 'common/great_projects/types'(.txt, , 0) in 0.003 seconds
[16:47:08][D][virtualfilesystem.cpp:313]: Done enumerating 'common/artifacts/templates'(.txt, , 0) in 0.002 seconds
[16:47:08][D][virtualfilesystem.cpp:313]: Done enumerating 'common/bookmark_portraits'(.txt, , 0) in 0.003 seconds
[16:47:08][D][virtualfilesystem.cpp:313]: Done enumerating 'common/artifacts/feature_groups'(.txt, , 0) in 0.003 seconds
[16:47:08][D][virtualfilesystem.cpp:313]: Done enumerating 'common/artifacts/types'(.txt, , 0) in 0.002 seconds
[16:47:08][D][virtualfilesystem.cpp:313]: Done enumerating 'common/artifacts/visuals'(.txt, , 0) in 0.002 seconds
[16:47:08][D][virtualfilesystem.cpp:313]: Done enumerating 'common/artifacts/slots'(.txt, , 0) in 0.002 seconds
[16:47:08][D][virtualfilesystem.cpp:313]: Done enumerating 'common/connection_arrows'(.txt, , 0) in 0.002 seconds
[16:47:08][D][virtualfilesystem.cpp:313]: Done enumerating 'common/flavorization'(.txt, , 0) in 0.002 seconds
[16:47:08][D][virtualfilesystem.cpp:313]: Done enumerating 'gfx/interface/illustrations/scripted_illustrations'(.txt, , 0) in 0.002 seconds
[16:47:08][D][virtualfilesystem.cpp:313]: Done enumerating 'gfx/skins/hud_skins'(.txt, , 0) in 0.002 seconds
[16:47:08][D][virtualfilesystem.cpp:313]: Done enumerating 'common/inspirations'(.txt, , 0) in 0.002 seconds
[16:47:08][D][virtualfilesystem.cpp:313]: Done enumerating 'common/activities/guest_invite_rules'(.txt, , 0) in 0.002 seconds
[16:47:08][D][virtualfilesystem.cpp:313]: Done enumerating 'common/activities/activity_group_types'(.txt, , 0) in 0.002 seconds
[16:47:08][D][virtualfilesystem.cpp:313]: Done enumerating 'common/activities/activity_locales'(.txt, , 0) in 0.002 seconds
[16:47:08][D][virtualfilesystem.cpp:313]: Done enumerating 'common/activities/intents'(.txt, , 0) in 0.002 seconds
[16:47:08][D][virtualfilesystem.cpp:313]: Done enumerating 'common/activities/pulse_actions'(.txt, , 0) in 0.002 seconds
[16:47:08][D][virtualfilesystem.cpp:313]: Done enumerating 'common/activities/activity_types'(.txt, , 0) in 0.002 seconds
[16:47:08][D][virtualfilesystem.cpp:313]: Done enumerating 'common/accolade_names'(.txt, , 0) in 0.002 seconds
[16:47:08][D][virtualfilesystem.cpp:313]: Done enumerating 'common/accolade_types'(.txt, , 0) in 0.002 seconds
[16:47:08][D][virtualfilesystem.cpp:313]: Done enumerating 'common/tax_slots/obligations'(.txt, , 0) in 0.002 seconds
[16:47:08][D][virtualfilesystem.cpp:313]: Done enumerating 'common/tax_slots/types'(.txt, , 0) in 0.002 seconds
[16:47:08][D][virtualfilesystem.cpp:313]: Done enumerating 'common/event_pictures'(.txt, , 0) in 0.002 seconds
[16:47:08][D][virtualfilesystem.cpp:313]: Done enumerating 'common/console_groups'(.txt, , 0) in 0.002 seconds
[16:47:08][D][virtualfilesystem.cpp:313]: Done enumerating 'common/event_themes'(.txt, , 0) in 0.002 seconds
[16:47:08][D][virtualfilesystem.cpp:313]: Done enumerating 'common/unit_assets'(.txt, , 0) in 0.001 seconds
[16:47:08][D][virtualfilesystem.cpp:313]: Done enumerating 'common/on_action'(.txt, , -1) in 0.044 seconds
[16:47:08][D][virtualfilesystem.cpp:313]: Done enumerating 'gfx/interface/illustrations/loading_screens'(, , 0) in 0.003 seconds
[16:47:08][D][virtualfilesystem.cpp:313]: Done enumerating 'music/in_game'(.txt, , 0) in 0.003 seconds
[16:47:08][D][virtualfilesystem.cpp:313]: Done enumerating 'gfx/map/map_modes'(.txt, , 0) in 0.002 seconds
[16:47:08][D][virtualfilesystem.cpp:313]: Done enumerating 'common/playable_difficulty_infos'(.txt, , 0) in 0.001 seconds
[16:47:08][D][virtualfilesystem.cpp:313]: Done enumerating 'gfx/map/province_effects'(.txt, , 0) in 0.001 seconds
[16:47:08][D][virtualfilesystem.cpp:313]: Done enumerating 'events'(.txt, , -1) in 0.117 seconds
[16:47:14][D][database_dependencies.cpp:433]: Database Node Init Time: CGameConceptTypeDatabase - 850 ms - 850 ms including dependencies
[16:47:14][D][pdxassetutil.cpp:71]: ThreadedInitTextureLookup: gfx/models
[16:47:14][D][database_dependencies.cpp:433]: Database Node Init Time: CJominiLoadScreenDatabase - 14 ms - 14 ms including dependencies
[16:47:16][D][pdx_font.cpp:156]: Loading fonts/Open_Sans/OpenSans-Regular.ttf
[16:47:16][D][pdx_font.cpp:156]: Loading fonts/Open_Sans/OpenSans-Italic.ttf
[16:47:16][D][pdx_font.cpp:156]: Loading fonts/Open_Sans/OpenSans-Bold.ttf
[16:47:16][D][pdx_font.cpp:156]: Loading fonts/Open_Sans/OpenSans-BoldItalic.ttf
[16:47:16][D][pdx_font.cpp:156]: Loading fonts/Open_Sans/OpenSans-ExtraBold.ttf
[16:47:16][D][pdx_font.cpp:156]: Loading fonts/Open_Sans/OpenSans-ExtraBoldItalic.ttf
[16:47:16][D][pdx_font.cpp:156]: Loading fonts/Roboto_Mono/RobotoMono-Regular.ttf
[16:47:16][D][pdx_font.cpp:156]: Loading fonts/Roboto_Mono/RobotoMono-Bold.ttf
[16:47:16][D][pdx_font.cpp:156]: Loading fonts/Roboto_Mono/RobotoMono-Italic.ttf
[16:47:16][D][pdx_font.cpp:156]: Loading fonts/Roboto_Mono/RobotoMono-BoldItalic.ttf
[16:47:16][D][pdx_font.cpp:156]: Loading fonts/Noto_Sans_SC/NotoSansSC-Bold.otf
[16:47:16][D][pdx_font.cpp:156]: Loading fonts/Open_Sans/OpenSans-SemiBold.ttf
[16:47:16][D][pdx_font.cpp:156]: Loading fonts/Korean_fontset/IropkeBatangM.ttf
[16:47:16][D][pdx_font.cpp:156]: Loading fonts/Noto_Sans_SC/NotoSansSC-Bold.otf
[16:47:16][D][pdx_font.cpp:156]: Loading fonts/Open_Sans/OpenSans-SemiBoldItalic.ttf
[16:47:16][D][pdx_font.cpp:156]: Loading fonts/Korean_fontset/IBMPlexSansKR-Medium.otf
[16:47:16][D][pdx_font.cpp:156]: Loading fonts/Noto_Sans_SC/NotoSansSC-Bold.otf
[16:47:16][D][pdx_font.cpp:156]: Loading fonts/Open_Sans_Condensed/OpenSansCondensed-Bold.ttf
[16:47:16][D][pdx_font.cpp:156]: Loading fonts/Korean_fontset/IropkeBatangB.ttf
[16:47:16][D][pdx_font.cpp:156]: Loading fonts/Noto_Sans_SC/NotoSansSC-Medium.otf
[16:47:16][D][pdx_font.cpp:156]: Loading fonts/Open_Sans/OpenSans-SemiBold.ttf
[16:47:16][D][pdx_font.cpp:156]: Loading fonts/Korean_fontset/IropkeBatangM.ttf
[16:47:16][D][pdx_font.cpp:156]: Loading fonts/Noto_Sans_SC/NotoSansSC-Bold.otf
[16:47:16][D][pdx_font.cpp:156]: Loading fonts/Open_Sans/OpenSans-Bold.ttf
[16:47:16][D][pdx_font.cpp:156]: Loading fonts/Korean_fontset/IropkeBatangB.ttf
[16:47:16][D][pdx_font.cpp:156]: Loading fonts/Noto_Sans_SC/NotoSansSC-Light.otf
[16:47:16][D][pdx_font.cpp:156]: Loading fonts/Open_Sans/OpenSans-SemiBoldItalic.ttf
[16:47:16][D][pdx_font.cpp:156]: Loading fonts/Korean_fontset/IBMPlexSansKR-Medium.otf
[16:47:16][D][pdx_font.cpp:156]: Loading fonts/Noto_Sans_SC/NotoSansSC-Bold.otf
[16:47:16][D][pdx_font.cpp:156]: Loading fonts/Open_Sans/OpenSans-SemiBoldItalic.ttf
[16:47:16][D][pdx_font.cpp:156]: Loading fonts/Korean_fontset/IBMPlexSansKR-SemiBold.otf
[16:47:16][D][pdx_font.cpp:156]: Loading fonts/Noto_Sans_SC/NotoSansSC-Bold.otf
[16:47:16][D][pdx_font.cpp:156]: Loading fonts/Open_Sans/OpenSans-SemiBoldItalic.ttf
[16:47:16][D][pdx_font.cpp:156]: Loading fonts/Korean_fontset/ON_YeossiB.ttf
[16:47:16][D][pdx_font.cpp:156]: Loading fonts/LxgwZhenKai/LXGWZhenKaiGB_alphabet_removed.otf
[16:47:16][D][pdx_font.cpp:156]: Loading fonts/mapfont/Paradox_King_Script.otf
[16:47:16][D][pdx_font.cpp:156]: Loading fonts/Noto_Sans_SC/NotoSansSC-Medium.otf
[16:47:16][D][pdx_font.cpp:156]: Loading fonts/Open_Sans/OpenSans-SemiBoldItalic.ttf
[16:47:16][D][pdx_font.cpp:156]: Loading fonts/MonomakhUnicode/MonomakhUnicode.otf
[16:47:16][D][pdx_font.cpp:156]: Loading fonts/Korean_fontset/GunglipbakmulgwanClassicB.ttf
[16:47:16][D][jomini_social.cpp:18]: Created Jomini Social
[16:47:16][D][pdxassetutil.cpp:79]: ThreadedInitTextureLookup found 19962 files
[16:47:16][D][pdx_gui_assetfactory.cpp:676]: [LoadAssetsGUI] Loading "gui/preload/defaults.gui"
[16:47:16][D][pdx_gui_assetfactory.cpp:685]: [LoadAssetsGUI] Loading of "gui/preload/defaults.gui" is complete
[16:47:16][D][pdx_gui_assetfactory.cpp:676]: [LoadAssetsGUI] Loading "gui/preload/fonts.gui"
[16:47:16][D][pdx_gui_assetfactory.cpp:685]: [LoadAssetsGUI] Loading of "gui/preload/fonts.gui" is complete
[16:47:16][D][pdx_gui_assetfactory.cpp:676]: [LoadAssetsGUI] Loading "gui/preload/frontend_loadingscreen.gui"
[16:47:16][D][pdx_gui_assetfactory.cpp:685]: [LoadAssetsGUI] Loading of "gui/preload/frontend_loadingscreen.gui" is complete
[16:47:16][D][pdx_gui_assetfactory.cpp:676]: [LoadAssetsGUI] Loading "gui/preload/labels.gui"
[16:47:16][D][pdx_gui_assetfactory.cpp:685]: [LoadAssetsGUI] Loading of "gui/preload/labels.gui" is complete
[16:47:16][D][pdx_gui_assetfactory.cpp:676]: [LoadAssetsGUI] Loading "gui/preload/textformatting.gui"
[16:47:16][D][pdx_gui_assetfactory.cpp:685]: [LoadAssetsGUI] Loading of "gui/preload/textformatting.gui" is complete
[16:47:16][D][pdx_gui_assetfactory.cpp:676]: [LoadAssetsGUI] Loading "gui/preload/tooltip.gui"
[16:47:16][D][pdx_gui_assetfactory.cpp:685]: [LoadAssetsGUI] Loading of "gui/preload/tooltip.gui" is complete
[16:47:17][D][pdx_gui_assetfactory.cpp:676]: [LoadAssetsGUI] Loading "gui/console.gui"
[16:47:17][D][pdx_gui_assetfactory.cpp:685]: [LoadAssetsGUI] Loading of "gui/console.gui" is complete
[16:47:17][D][pdx_gui_assetfactory.cpp:676]: [LoadAssetsGUI] Loading "gui/credits_window.gui"
[16:47:17][D][pdx_gui_assetfactory.cpp:685]: [LoadAssetsGUI] Loading of "gui/credits_window.gui" is complete
[16:47:17][D][pdx_gui_assetfactory.cpp:676]: [LoadAssetsGUI] Loading "gui/cursor.gui"
[16:47:17][D][pdx_gui_assetfactory.cpp:685]: [LoadAssetsGUI] Loading of "gui/cursor.gui" is complete
[16:47:17][D][pdx_gui_assetfactory.cpp:676]: [LoadAssetsGUI] Loading "gui/dynasty_customization_window.gui"
[16:47:17][D][pdx_gui_assetfactory.cpp:685]: [LoadAssetsGUI] Loading of "gui/dynasty_customization_window.gui" is complete
[16:47:17][D][pdx_gui_assetfactory.cpp:676]: [LoadAssetsGUI] Loading "gui/dynasty_house_customization_window.gui"
[16:47:17][D][pdx_gui_assetfactory.cpp:685]: [LoadAssetsGUI] Loading of "gui/dynasty_house_customization_window.gui" is complete
[16:47:17][D][pdx_gui_assetfactory.cpp:676]: [LoadAssetsGUI] Loading "gui/frontend_bookmarks.gui"
[16:47:17][D][pdx_gui_assetfactory.cpp:685]: [LoadAssetsGUI] Loading of "gui/frontend_bookmarks.gui" is complete
[16:47:17][D][pdx_gui_assetfactory.cpp:676]: [LoadAssetsGUI] Loading "gui/frontend_credits.gui"
[16:47:17][D][pdx_gui_assetfactory.cpp:685]: [LoadAssetsGUI] Loading of "gui/frontend_credits.gui" is complete
[16:47:17][D][pdx_gui_assetfactory.cpp:676]: [LoadAssetsGUI] Loading "gui/frontend_ingame_menu.gui"
[16:47:17][D][pdx_gui_assetfactory.cpp:685]: [LoadAssetsGUI] Loading of "gui/frontend_ingame_menu.gui" is complete
[16:47:17][D][pdx_gui_assetfactory.cpp:676]: [LoadAssetsGUI] Loading "gui/frontend_load.gui"
[16:47:17][D][pdx_gui_assetfactory.cpp:685]: [LoadAssetsGUI] Loading of "gui/frontend_load.gui" is complete
[16:47:17][D][pdx_gui_assetfactory.cpp:676]: [LoadAssetsGUI] Loading "gui/frontend_loadingscreen_savegame.gui"
[16:47:17][D][pdx_gui_assetfactory.cpp:685]: [LoadAssetsGUI] Loading of "gui/frontend_loadingscreen_savegame.gui" is complete
[16:47:17][D][pdx_gui_assetfactory.cpp:676]: [LoadAssetsGUI] Loading "gui/frontend_main.gui"
[16:47:17][D][pdx_gui_assetfactory.cpp:685]: [LoadAssetsGUI] Loading of "gui/frontend_main.gui" is complete
[16:47:17][D][pdx_gui_assetfactory.cpp:676]: [LoadAssetsGUI] Loading "gui/frontend_mp_game_setup.gui"
[16:47:17][D][pdx_gui_assetfactory.cpp:685]: [LoadAssetsGUI] Loading of "gui/frontend_mp_game_setup.gui" is complete
[16:47:17][D][pdx_gui_assetfactory.cpp:676]: [LoadAssetsGUI] Loading "gui/game_rules.gui"
[16:47:17][D][pdx_gui_assetfactory.cpp:685]: [LoadAssetsGUI] Loading of "gui/game_rules.gui" is complete
[16:47:17][D][pdx_gui_assetfactory.cpp:676]: [LoadAssetsGUI] Loading "gui/hud.gui"
[16:47:17][D][pdx_gui_assetfactory.cpp:685]: [LoadAssetsGUI] Loading of "gui/hud.gui" is complete
[16:47:17][D][pdx_gui_assetfactory.cpp:676]: [LoadAssetsGUI] Loading "gui/hud_bottom.gui"
[16:47:17][D][pdx_gui_assetfactory.cpp:685]: [LoadAssetsGUI] Loading of "gui/hud_bottom.gui" is complete
[16:47:17][D][pdx_gui_assetfactory.cpp:676]: [LoadAssetsGUI] Loading "gui/hud_notification_templates.gui"
[16:47:17][D][pdx_gui_assetfactory.cpp:685]: [LoadAssetsGUI] Loading of "gui/hud_notification_templates.gui" is complete
[16:47:17][D][pdx_gui_assetfactory.cpp:676]: [LoadAssetsGUI] Loading "gui/hud_outliner.gui"
[16:47:17][D][pdx_gui_assetfactory.cpp:685]: [LoadAssetsGUI] Loading of "gui/hud_outliner.gui" is complete
[16:47:17][D][pdx_gui_assetfactory.cpp:676]: [LoadAssetsGUI] Loading "gui/hud_ruler_objective.gui"
[16:47:17][D][pdx_gui_assetfactory.cpp:685]: [LoadAssetsGUI] Loading of "gui/hud_ruler_objective.gui" is complete
[16:47:17][D][pdx_gui_assetfactory.cpp:676]: [LoadAssetsGUI] Loading "gui/hud_sidebars.gui"
[16:47:17][D][pdx_gui_assetfactory.cpp:685]: [LoadAssetsGUI] Loading of "gui/hud_sidebars.gui" is complete
[16:47:17][D][pdx_gui_assetfactory.cpp:676]: [LoadAssetsGUI] Loading "gui/hud_top.gui"
[16:47:17][D][pdx_gui_assetfactory.cpp:685]: [LoadAssetsGUI] Loading of "gui/hud_top.gui" is complete
[16:47:17][D][pdx_gui_assetfactory.cpp:676]: [LoadAssetsGUI] Loading "gui/interaction_blackmail.gui"
[16:47:17][D][pdx_gui_assetfactory.cpp:685]: [LoadAssetsGUI] Loading of "gui/interaction_blackmail.gui" is complete
[16:47:17][D][pdx_gui_assetfactory.cpp:676]: [LoadAssetsGUI] Loading "gui/interaction_call_ally.gui"
[16:47:17][D][pdx_gui_assetfactory.cpp:685]: [LoadAssetsGUI] Loading of "gui/interaction_call_ally.gui" is complete
[16:47:17][D][pdx_gui_assetfactory.cpp:676]: [LoadAssetsGUI] Loading "gui/interaction_call_ally_notification_window.gui"
[16:47:17][D][pdx_gui_assetfactory.cpp:685]: [LoadAssetsGUI] Loading of "gui/interaction_call_ally_notification_window.gui" is complete
[16:47:17][D][pdx_gui_assetfactory.cpp:676]: [LoadAssetsGUI] Loading "gui/interaction_concubine.gui"
[16:47:17][D][pdx_gui_assetfactory.cpp:685]: [LoadAssetsGUI] Loading of "gui/interaction_concubine.gui" is complete
[16:47:17][D][pdx_gui_assetfactory.cpp:676]: [LoadAssetsGUI] Loading "gui/interaction_confirmation.gui"
[16:47:17][D][pdx_gui_assetfactory.cpp:685]: [LoadAssetsGUI] Loading of "gui/interaction_confirmation.gui" is complete
[16:47:17][D][pdx_gui_assetfactory.cpp:676]: [LoadAssetsGUI] Loading "gui/interaction_council_task.gui"
[16:47:17][D][pdx_gui_assetfactory.cpp:685]: [LoadAssetsGUI] Loading of "gui/interaction_council_task.gui" is complete
[16:47:17][D][pdx_gui_assetfactory.cpp:676]: [LoadAssetsGUI] Loading "gui/interaction_court_task.gui"
[16:47:17][D][pdx_gui_assetfactory.cpp:685]: [LoadAssetsGUI] Loading of "gui/interaction_court_task.gui" is complete
[16:47:17][D][pdx_gui_assetfactory.cpp:676]: [LoadAssetsGUI] Loading "gui/interaction_create_claimant_faction.gui"
[16:47:17][D][pdx_gui_assetfactory.cpp:685]: [LoadAssetsGUI] Loading of "gui/interaction_create_claimant_faction.gui" is complete
[16:47:17][D][pdx_gui_assetfactory.cpp:676]: [LoadAssetsGUI] Loading "gui/interaction_declare_war.gui"
[16:47:17][D][pdx_gui_assetfactory.cpp:685]: [LoadAssetsGUI] Loading of "gui/interaction_declare_war.gui" is complete
[16:47:17][D][pdx_gui_assetfactory.cpp:676]: [LoadAssetsGUI] Loading "gui/interaction_grant_titles.gui"
[16:47:17][D][pdx_gui_assetfactory.cpp:685]: [LoadAssetsGUI] Loading of "gui/interaction_grant_titles.gui" is complete
[16:47:17][D][pdx_gui_assetfactory.cpp:676]: [LoadAssetsGUI] Loading "gui/interaction_interfere_in_war.gui"
[16:47:17][D][pdx_gui_assetfactory.cpp:685]: [LoadAssetsGUI] Loading of "gui/interaction_interfere_in_war.gui" is complete
[16:47:17][D][pdx_gui_assetfactory.cpp:676]: [LoadAssetsGUI] Loading "gui/interaction_interfere_in_war_notification.gui"
[16:47:17][D][pdx_gui_assetfactory.cpp:685]: [LoadAssetsGUI] Loading of "gui/interaction_interfere_in_war_notification.gui" is complete
[16:47:17][D][pdx_gui_assetfactory.cpp:676]: [LoadAssetsGUI] Loading "gui/interaction_marriage.gui"
[16:47:17][D][pdx_gui_assetfactory.cpp:685]: [LoadAssetsGUI] Loading of "gui/interaction_marriage.gui" is complete
[16:47:17][D][pdx_gui_assetfactory.cpp:676]: [LoadAssetsGUI] Loading "gui/interaction_marriage_notification_window.gui"
[16:47:17][D][pdx_gui_assetfactory.cpp:685]: [LoadAssetsGUI] Loading of "gui/interaction_marriage_notification_window.gui" is complete
[16:47:17][D][pdx_gui_assetfactory.cpp:676]: [LoadAssetsGUI] Loading "gui/interaction_menu_window.gui"
[16:47:17][D][pdx_gui_assetfactory.cpp:685]: [LoadAssetsGUI] Loading of "gui/interaction_menu_window.gui" is complete
[16:47:17][D][pdx_gui_assetfactory.cpp:676]: [LoadAssetsGUI] Loading "gui/interaction_modify_vassal_window.gui"
[16:47:17][D][pdx_gui_assetfactory.cpp:685]: [LoadAssetsGUI] Loading of "gui/interaction_modify_vassal_window.gui" is complete
[16:47:17][D][pdx_gui_assetfactory.cpp:676]: [LoadAssetsGUI] Loading "gui/interaction_notification_window.gui"
[16:47:17][D][pdx_gui_assetfactory.cpp:685]: [LoadAssetsGUI] Loading of "gui/interaction_notification_window.gui" is complete
[16:47:17][D][pdx_gui_assetfactory.cpp:676]: [LoadAssetsGUI] Loading "gui/interaction_revoke_title.gui"
[16:47:17][D][pdx_gui_assetfactory.cpp:685]: [LoadAssetsGUI] Loading of "gui/interaction_revoke_title.gui" is complete
[16:47:17][D][pdx_gui_assetfactory.cpp:676]: [LoadAssetsGUI] Loading "gui/interaction_templates.gui"
[16:47:17][D][pdx_gui_assetfactory.cpp:685]: [LoadAssetsGUI] Loading of "gui/interaction_templates.gui" is complete
[16:47:17][D][pdx_gui_assetfactory.cpp:676]: [LoadAssetsGUI] Loading "gui/interaction_transfer_vassal.gui"
[16:47:17][D][pdx_gui_assetfactory.cpp:685]: [LoadAssetsGUI] Loading of "gui/interaction_transfer_vassal.gui" is complete
[16:47:17][D][pdx_gui_assetfactory.cpp:676]: [LoadAssetsGUI] Loading "gui/map_icon_layer.gui"
[16:47:17][D][pdx_gui_assetfactory.cpp:685]: [LoadAssetsGUI] Loading of "gui/map_icon_layer.gui" is complete
[16:47:17][D][pdx_gui_assetfactory.cpp:676]: [LoadAssetsGUI] Loading "gui/map_icon_layer_templates.gui"
[16:47:17][D][pdx_gui_assetfactory.cpp:685]: [LoadAssetsGUI] Loading of "gui/map_icon_layer_templates.gui" is complete
[16:47:17][D][pdx_gui_assetfactory.cpp:676]: [LoadAssetsGUI] Loading "gui/multiplayer_config.gui"
[16:47:17][D][pdx_gui_assetfactory.cpp:685]: [LoadAssetsGUI] Loading of "gui/multiplayer_config.gui" is complete
[16:47:17][D][pdx_gui_assetfactory.cpp:676]: [LoadAssetsGUI] Loading "gui/multiplayer_frontend.gui"
[16:47:17][D][pdx_gui_assetfactory.cpp:685]: [LoadAssetsGUI] Loading of "gui/multiplayer_frontend.gui" is complete
[16:47:17][D][pdx_gui_assetfactory.cpp:676]: [LoadAssetsGUI] Loading "gui/multiplayer_frontend_types.gui"
[16:47:17][D][pdx_gui_assetfactory.cpp:685]: [LoadAssetsGUI] Loading of "gui/multiplayer_frontend_types.gui" is complete
[16:47:17][D][pdx_gui_assetfactory.cpp:676]: [LoadAssetsGUI] Loading "gui/multiplayer_lobby.gui"
[16:47:17][D][pdx_gui_assetfactory.cpp:685]: [LoadAssetsGUI] Loading of "gui/multiplayer_lobby.gui" is complete
[16:47:17][D][pdx_gui_assetfactory.cpp:676]: [LoadAssetsGUI] Loading "gui/multiplayer_serverbrowser.gui"
[16:47:17][D][pdx_gui_assetfactory.cpp:685]: [LoadAssetsGUI] Loading of "gui/multiplayer_serverbrowser.gui" is complete
[16:47:17][D][pdx_gui_assetfactory.cpp:676]: [LoadAssetsGUI] Loading "gui/multiplayer_setup.gui"
[16:47:17][D][pdx_gui_assetfactory.cpp:685]: [LoadAssetsGUI] Loading of "gui/multiplayer_setup.gui" is complete
[16:47:17][D][pdx_gui_assetfactory.cpp:676]: [LoadAssetsGUI] Loading "gui/multiplayer_types.gui"
[16:47:17][D][pdx_gui_assetfactory.cpp:685]: [LoadAssetsGUI] Loading of "gui/multiplayer_types.gui" is complete
[16:47:17][D][pdx_gui_assetfactory.cpp:676]: [LoadAssetsGUI] Loading "gui/portrait_editor_window.gui"
[16:47:17][D][pdx_gui_assetfactory.cpp:685]: [LoadAssetsGUI] Loading of "gui/portrait_editor_window.gui" is complete
[16:47:17][D][pdx_gui_assetfactory.cpp:676]: [LoadAssetsGUI] Loading "gui/profiler.gui"
[16:47:17][D][pdx_gui_assetfactory.cpp:685]: [LoadAssetsGUI] Loading of "gui/profiler.gui" is complete
[16:47:17][D][pdx_gui_assetfactory.cpp:676]: [LoadAssetsGUI] Loading "gui/save_game_analyzer.gui"
[16:47:17][D][pdx_gui_assetfactory.cpp:685]: [LoadAssetsGUI] Loading of "gui/save_game_analyzer.gui" is complete
[16:47:17][D][pdx_gui_assetfactory.cpp:676]: [LoadAssetsGUI] Loading "gui/texticons.gui"
[16:47:20][D][pdx_gui_assetfactory.cpp:685]: [LoadAssetsGUI] Loading of "gui/texticons.gui" is complete
[16:47:20][D][pdx_gui_assetfactory.cpp:676]: [LoadAssetsGUI] Loading "gui/texticons_legitimacy.gui"
[16:47:20][D][pdx_gui_assetfactory.cpp:685]: [LoadAssetsGUI] Loading of "gui/texticons_legitimacy.gui" is complete
[16:47:20][D][pdx_gui_assetfactory.cpp:676]: [LoadAssetsGUI] Loading "gui/texticons_religion.gui"
[16:47:20][D][pdx_gui_assetfactory.cpp:685]: [LoadAssetsGUI] Loading of "gui/texticons_religion.gui" is complete
[16:47:20][D][pdx_gui_assetfactory.cpp:676]: [LoadAssetsGUI] Loading "gui/tool_property_randomizable_types.gui"
[16:47:20][D][pdx_gui_assetfactory.cpp:685]: [LoadAssetsGUI] Loading of "gui/tool_property_randomizable_types.gui" is complete
[16:47:20][D][pdx_gui_assetfactory.cpp:676]: [LoadAssetsGUI] Loading "gui/tool_property_ranged_types.gui"
[16:47:20][D][pdx_gui_assetfactory.cpp:685]: [LoadAssetsGUI] Loading of "gui/tool_property_ranged_types.gui" is complete
[16:47:20][D][pdx_gui_assetfactory.cpp:676]: [LoadAssetsGUI] Loading "gui/toolslayout.gui"
[16:47:20][D][pdx_gui_assetfactory.cpp:685]: [LoadAssetsGUI] Loading of "gui/toolslayout.gui" is complete
[16:47:20][D][pdx_gui_assetfactory.cpp:676]: [LoadAssetsGUI] Loading "gui/toolspropertytypes.gui"
[16:47:20][D][pdx_gui_assetfactory.cpp:685]: [LoadAssetsGUI] Loading of "gui/toolspropertytypes.gui" is complete
[16:47:20][D][pdx_gui_assetfactory.cpp:676]: [LoadAssetsGUI] Loading "gui/toolstypes.gui"
[16:47:20][D][pdx_gui_assetfactory.cpp:685]: [LoadAssetsGUI] Loading of "gui/toolstypes.gui" is complete
[16:47:20][D][pdx_gui_assetfactory.cpp:676]: [LoadAssetsGUI] Loading "gui/tutorial_highlight.gui"
[16:47:20][D][pdx_gui_assetfactory.cpp:685]: [LoadAssetsGUI] Loading of "gui/tutorial_highlight.gui" is complete
[16:47:20][D][pdx_gui_assetfactory.cpp:676]: [LoadAssetsGUI] Loading "gui/window_accolade.gui"
[16:47:20][D][pdx_gui_assetfactory.cpp:685]: [LoadAssetsGUI] Loading of "gui/window_accolade.gui" is complete
[16:47:20][D][pdx_gui_assetfactory.cpp:676]: [LoadAssetsGUI] Loading "gui/window_accolade_attribute_selection.gui"
[16:47:20][D][pdx_gui_assetfactory.cpp:685]: [LoadAssetsGUI] Loading of "gui/window_accolade_attribute_selection.gui" is complete
[16:47:20][D][pdx_gui_assetfactory.cpp:676]: [LoadAssetsGUI] Loading "gui/window_activity.gui"
[16:47:20][D][pdx_gui_assetfactory.cpp:685]: [LoadAssetsGUI] Loading of "gui/window_activity.gui" is complete
[16:47:20][D][pdx_gui_assetfactory.cpp:676]: [LoadAssetsGUI] Loading "gui/window_activity_guest_list.gui"
[16:47:20][D][pdx_gui_assetfactory.cpp:685]: [LoadAssetsGUI] Loading of "gui/window_activity_guest_list.gui" is complete
[16:47:20][D][pdx_gui_assetfactory.cpp:676]: [LoadAssetsGUI] Loading "gui/window_activity_intent_selection.gui"
[16:47:20][D][pdx_gui_assetfactory.cpp:685]: [LoadAssetsGUI] Loading of "gui/window_activity_intent_selection.gui" is complete
[16:47:20][D][pdx_gui_assetfactory.cpp:676]: [LoadAssetsGUI] Loading "gui/window_activity_list.gui"
[16:47:20][D][pdx_gui_assetfactory.cpp:685]: [LoadAssetsGUI] Loading of "gui/window_activity_list.gui" is complete
[16:47:20][D][pdx_gui_assetfactory.cpp:676]: [LoadAssetsGUI] Loading "gui/window_activity_locale.gui"
[16:47:20][D][pdx_gui_assetfactory.cpp:685]: [LoadAssetsGUI] Loading of "gui/window_activity_locale.gui" is complete
[16:47:20][D][pdx_gui_assetfactory.cpp:676]: [LoadAssetsGUI] Loading "gui/window_activity_log.gui"
[16:47:20][D][pdx_gui_assetfactory.cpp:685]: [LoadAssetsGUI] Loading of "gui/window_activity_log.gui" is complete
[16:47:20][D][pdx_gui_assetfactory.cpp:676]: [LoadAssetsGUI] Loading "gui/window_activity_planner.gui"
[16:47:20][D][pdx_gui_assetfactory.cpp:685]: [LoadAssetsGUI] Loading of "gui/window_activity_planner.gui" is complete
[16:47:20][D][pdx_gui_assetfactory.cpp:676]: [LoadAssetsGUI] Loading "gui/window_add_tradition.gui"
[16:47:20][D][pdx_gui_assetfactory.cpp:685]: [LoadAssetsGUI] Loading of "gui/window_add_tradition.gui" is complete
[16:47:20][D][pdx_gui_assetfactory.cpp:676]: [LoadAssetsGUI] Loading "gui/window_admin_vassal_detail.gui"
[16:47:20][D][pdx_gui_assetfactory.cpp:685]: [LoadAssetsGUI] Loading of "gui/window_admin_vassal_detail.gui" is complete
[16:47:20][D][pdx_gui_assetfactory.cpp:676]: [LoadAssetsGUI] Loading "gui/window_appoint_tax_collector.gui"
[16:47:20][D][pdx_gui_assetfactory.cpp:685]: [LoadAssetsGUI] Loading of "gui/window_appoint_tax_collector.gui" is complete
[16:47:20][D][pdx_gui_assetfactory.cpp:676]: [LoadAssetsGUI] Loading "gui/window_army.gui"
[16:47:20][D][pdx_gui_assetfactory.cpp:685]: [LoadAssetsGUI] Loading of "gui/window_army.gui" is complete
[16:47:20][D][pdx_gui_assetfactory.cpp:676]: [LoadAssetsGUI] Loading "gui/window_army_automation_options.gui"
[16:47:20][D][pdx_gui_assetfactory.cpp:685]: [LoadAssetsGUI] Loading of "gui/window_army_automation_options.gui" is complete
[16:47:20][D][pdx_gui_assetfactory.cpp:676]: [LoadAssetsGUI] Loading "gui/window_army_select_commander.gui"
[16:47:20][D][pdx_gui_assetfactory.cpp:685]: [LoadAssetsGUI] Loading of "gui/window_army_select_commander.gui" is complete
[16:47:20][D][pdx_gui_assetfactory.cpp:676]: [LoadAssetsGUI] Loading "gui/window_artifact_details.gui"
[16:47:20][D][pdx_gui_assetfactory.cpp:685]: [LoadAssetsGUI] Loading of "gui/window_artifact_details.gui" is complete
[16:47:20][D][pdx_gui_assetfactory.cpp:676]: [LoadAssetsGUI] Loading "gui/window_artifact_helper.gui"
[16:47:20][D][pdx_gui_assetfactory.cpp:685]: [LoadAssetsGUI] Loading of "gui/window_artifact_helper.gui" is complete
[16:47:20][D][pdx_gui_assetfactory.cpp:676]: [LoadAssetsGUI] Loading "gui/window_artifact_reforge.gui"
[16:47:20][D][pdx_gui_assetfactory.cpp:685]: [LoadAssetsGUI] Loading of "gui/window_artifact_reforge.gui" is complete
[16:47:20][D][pdx_gui_assetfactory.cpp:676]: [LoadAssetsGUI] Loading "gui/window_barbershop.gui"
[16:47:20][D][pdx_gui_assetfactory.cpp:685]: [LoadAssetsGUI] Loading of "gui/window_barbershop.gui" is complete
[16:47:20][D][pdx_gui_assetfactory.cpp:676]: [LoadAssetsGUI] Loading "gui/window_barter.gui"
[16:47:20][D][pdx_gui_assetfactory.cpp:685]: [LoadAssetsGUI] Loading of "gui/window_barter.gui" is complete
[16:47:20][D][pdx_gui_assetfactory.cpp:676]: [LoadAssetsGUI] Loading "gui/window_battle_summary.gui"
[16:47:20][D][pdx_gui_assetfactory.cpp:685]: [LoadAssetsGUI] Loading of "gui/window_battle_summary.gui" is complete
[16:47:20][D][pdx_gui_assetfactory.cpp:676]: [LoadAssetsGUI] Loading "gui/window_character.gui"
[16:47:20][D][pdx_gui_assetfactory.cpp:685]: [LoadAssetsGUI] Loading of "gui/window_character.gui" is complete
[16:47:20][D][pdx_gui_assetfactory.cpp:676]: [LoadAssetsGUI] Loading "gui/window_character_filter.gui"
[16:47:20][D][pdx_gui_assetfactory.cpp:685]: [LoadAssetsGUI] Loading of "gui/window_character_filter.gui" is complete
[16:47:20][D][pdx_gui_assetfactory.cpp:676]: [LoadAssetsGUI] Loading "gui/window_character_finder.gui"
[16:47:20][D][pdx_gui_assetfactory.cpp:685]: [LoadAssetsGUI] Loading of "gui/window_character_finder.gui" is complete
[16:47:20][D][pdx_gui_assetfactory.cpp:676]: [LoadAssetsGUI] Loading "gui/window_character_focus.gui"
[16:47:20][D][pdx_gui_assetfactory.cpp:685]: [LoadAssetsGUI] Loading of "gui/window_character_focus.gui" is complete
[16:47:20][D][pdx_gui_assetfactory.cpp:676]: [LoadAssetsGUI] Loading "gui/window_character_lifestyle.gui"
[16:47:20][D][pdx_gui_assetfactory.cpp:685]: [LoadAssetsGUI] Loading of "gui/window_character_lifestyle.gui" is complete
[16:47:20][D][pdx_gui_assetfactory.cpp:676]: [LoadAssetsGUI] Loading "gui/window_combat.gui"
[16:47:20][D][pdx_gui_assetfactory.cpp:685]: [LoadAssetsGUI] Loading of "gui/window_combat.gui" is complete
[16:47:20][D][pdx_gui_assetfactory.cpp:676]: [LoadAssetsGUI] Loading "gui/window_confederation.gui"
[16:47:20][D][pdx_gui_assetfactory.cpp:685]: [LoadAssetsGUI] Loading of "gui/window_confederation.gui" is complete
[16:47:20][D][pdx_gui_assetfactory.cpp:676]: [LoadAssetsGUI] Loading "gui/window_council.gui"
[16:47:20][D][pdx_gui_assetfactory.cpp:685]: [LoadAssetsGUI] Loading of "gui/window_council.gui" is complete
[16:47:20][D][pdx_gui_assetfactory.cpp:676]: [LoadAssetsGUI] Loading "gui/window_council_potential_councillor.gui"
[16:47:20][D][pdx_gui_assetfactory.cpp:685]: [LoadAssetsGUI] Loading of "gui/window_council_potential_councillor.gui" is complete
[16:47:20][D][pdx_gui_assetfactory.cpp:676]: [LoadAssetsGUI] Loading "gui/window_county_view.gui"
[16:47:20][D][pdx_gui_assetfactory.cpp:685]: [LoadAssetsGUI] Loading of "gui/window_county_view.gui" is complete
[16:47:20][D][pdx_gui_assetfactory.cpp:676]: [LoadAssetsGUI] Loading "gui/window_court.gui"
[16:47:20][D][pdx_gui_assetfactory.cpp:685]: [LoadAssetsGUI] Loading of "gui/window_court.gui" is complete
[16:47:20][D][pdx_gui_assetfactory.cpp:676]: [LoadAssetsGUI] Loading "gui/window_court_amenities.gui"
[16:47:20][D][pdx_gui_assetfactory.cpp:685]: [LoadAssetsGUI] Loading of "gui/window_court_amenities.gui" is complete
[16:47:20][D][pdx_gui_assetfactory.cpp:676]: [LoadAssetsGUI] Loading "gui/window_court_events.gui"
[16:47:20][D][pdx_gui_assetfactory.cpp:685]: [LoadAssetsGUI] Loading of "gui/window_court_events.gui" is complete
[16:47:20][D][pdx_gui_assetfactory.cpp:676]: [LoadAssetsGUI] Loading "gui/window_court_position_appoint.gui"
[16:47:20][D][pdx_gui_assetfactory.cpp:685]: [LoadAssetsGUI] Loading of "gui/window_court_position_appoint.gui" is complete
[16:47:20][D][pdx_gui_assetfactory.cpp:676]: [LoadAssetsGUI] Loading "gui/window_court_positions.gui"
[16:47:20][D][pdx_gui_assetfactory.cpp:685]: [LoadAssetsGUI] Loading of "gui/window_court_positions.gui" is complete
[16:47:20][D][pdx_gui_assetfactory.cpp:676]: [LoadAssetsGUI] Loading "gui/window_court_scene_editor.gui"
[16:47:20][D][pdx_gui_assetfactory.cpp:685]: [LoadAssetsGUI] Loading of "gui/window_court_scene_editor.gui" is complete
[16:47:20][D][pdx_gui_assetfactory.cpp:676]: [LoadAssetsGUI] Loading "gui/window_court_types.gui"
[16:47:20][D][pdx_gui_assetfactory.cpp:685]: [LoadAssetsGUI] Loading of "gui/window_court_types.gui" is complete
[16:47:20][D][pdx_gui_assetfactory.cpp:676]: [LoadAssetsGUI] Loading "gui/window_court_visuals.gui"
[16:47:20][D][pdx_gui_assetfactory.cpp:685]: [LoadAssetsGUI] Loading of "gui/window_court_visuals.gui" is complete
[16:47:20][D][pdx_gui_assetfactory.cpp:676]: [LoadAssetsGUI] Loading "gui/window_create_accolade.gui"
[16:47:20][D][pdx_gui_assetfactory.cpp:685]: [LoadAssetsGUI] Loading of "gui/window_create_accolade.gui" is complete
[16:47:20][D][pdx_gui_assetfactory.cpp:676]: [LoadAssetsGUI] Loading "gui/window_culture.gui"
[16:47:21][D][pdx_gui_assetfactory.cpp:685]: [LoadAssetsGUI] Loading of "gui/window_culture.gui" is complete
[16:47:21][D][pdx_gui_assetfactory.cpp:676]: [LoadAssetsGUI] Loading "gui/window_decisions.gui"
[16:47:21][D][pdx_gui_assetfactory.cpp:685]: [LoadAssetsGUI] Loading of "gui/window_decisions.gui" is complete
[16:47:21][D][pdx_gui_assetfactory.cpp:676]: [LoadAssetsGUI] Loading "gui/window_decisions_detail.gui"
[16:47:21][D][pdx_gui_assetfactory.cpp:685]: [LoadAssetsGUI] Loading of "gui/window_decisions_detail.gui" is complete
[16:47:21][D][pdx_gui_assetfactory.cpp:676]: [LoadAssetsGUI] Loading "gui/window_diarchy.gui"
[16:47:21][D][pdx_gui_assetfactory.cpp:685]: [LoadAssetsGUI] Loading of "gui/window_diarchy.gui" is complete
[16:47:21][D][pdx_gui_assetfactory.cpp:676]: [LoadAssetsGUI] Loading "gui/window_diverge_culture.gui"
[16:47:21][D][pdx_gui_assetfactory.cpp:685]: [LoadAssetsGUI] Loading of "gui/window_diverge_culture.gui" is complete
[16:47:21][D][pdx_gui_assetfactory.cpp:676]: [LoadAssetsGUI] Loading "gui/window_dlc_info.gui"
[16:47:21][D][pdx_gui_assetfactory.cpp:685]: [LoadAssetsGUI] Loading of "gui/window_dlc_info.gui" is complete
[16:47:21][D][pdx_gui_assetfactory.cpp:676]: [LoadAssetsGUI] Loading "gui/window_domicile.gui"
[16:47:21][D][pdx_gui_assetfactory.cpp:685]: [LoadAssetsGUI] Loading of "gui/window_domicile.gui" is complete
[16:47:21][D][pdx_gui_assetfactory.cpp:676]: [LoadAssetsGUI] Loading "gui/window_dynasty_house.gui"
[16:47:21][D][pdx_gui_assetfactory.cpp:685]: [LoadAssetsGUI] Loading of "gui/window_dynasty_house.gui" is complete
[16:47:21][D][pdx_gui_assetfactory.cpp:676]: [LoadAssetsGUI] Loading "gui/window_dynasty_house_members.gui"
[16:47:21][D][pdx_gui_assetfactory.cpp:685]: [LoadAssetsGUI] Loading of "gui/window_dynasty_house_members.gui" is complete
[16:47:21][D][pdx_gui_assetfactory.cpp:676]: [LoadAssetsGUI] Loading "gui/window_dynasty_legacy.gui"
[16:47:21][D][pdx_gui_assetfactory.cpp:685]: [LoadAssetsGUI] Loading of "gui/window_dynasty_legacy.gui" is complete
[16:47:21][D][pdx_gui_assetfactory.cpp:676]: [LoadAssetsGUI] Loading "gui/window_dynasty_tree.gui"
[16:47:21][D][pdx_gui_assetfactory.cpp:685]: [LoadAssetsGUI] Loading of "gui/window_dynasty_tree.gui" is complete
[16:47:21][D][pdx_gui_assetfactory.cpp:676]: [LoadAssetsGUI] Loading "gui/window_epidemics.gui"
[16:47:21][D][pdx_gui_assetfactory.cpp:685]: [LoadAssetsGUI] Loading of "gui/window_epidemics.gui" is complete
[16:47:21][D][pdx_gui_assetfactory.cpp:676]: [LoadAssetsGUI] Loading "gui/window_factions.gui"
[16:47:21][D][pdx_gui_assetfactory.cpp:685]: [LoadAssetsGUI] Loading of "gui/window_factions.gui" is complete
[16:47:21][D][pdx_gui_assetfactory.cpp:676]: [LoadAssetsGUI] Loading "gui/window_faith.gui"
[16:47:21][D][pdx_gui_assetfactory.cpp:685]: [LoadAssetsGUI] Loading of "gui/window_faith.gui" is complete
[16:47:21][D][pdx_gui_assetfactory.cpp:676]: [LoadAssetsGUI] Loading "gui/window_faith_conversion.gui"
[16:47:21][D][pdx_gui_assetfactory.cpp:685]: [LoadAssetsGUI] Loading of "gui/window_faith_conversion.gui" is complete
[16:47:21][D][pdx_gui_assetfactory.cpp:676]: [LoadAssetsGUI] Loading "gui/window_faith_creation.gui"
[16:47:21][D][pdx_gui_assetfactory.cpp:685]: [LoadAssetsGUI] Loading of "gui/window_faith_creation.gui" is complete
[16:47:21][D][pdx_gui_assetfactory.cpp:676]: [LoadAssetsGUI] Loading "gui/window_family_attribute.gui"
[16:47:21][D][pdx_gui_assetfactory.cpp:685]: [LoadAssetsGUI] Loading of "gui/window_family_attribute.gui" is complete
[16:47:21][D][pdx_gui_assetfactory.cpp:676]: [LoadAssetsGUI] Loading "gui/window_find_title.gui"
[16:47:21][D][pdx_gui_assetfactory.cpp:685]: [LoadAssetsGUI] Loading of "gui/window_find_title.gui" is complete
[16:47:21][D][pdx_gui_assetfactory.cpp:676]: [LoadAssetsGUI] Loading "gui/window_find_vassal.gui"
[16:47:21][D][pdx_gui_assetfactory.cpp:685]: [LoadAssetsGUI] Loading of "gui/window_find_vassal.gui" is complete
[16:47:21][D][pdx_gui_assetfactory.cpp:676]: [LoadAssetsGUI] Loading "gui/window_ghw.gui"
[16:47:21][D][pdx_gui_assetfactory.cpp:685]: [LoadAssetsGUI] Loading of "gui/window_ghw.gui" is complete
[16:47:21][D][pdx_gui_assetfactory.cpp:676]: [LoadAssetsGUI] Loading "gui/window_ghw_change_target.gui"
[16:47:21][D][pdx_gui_assetfactory.cpp:685]: [LoadAssetsGUI] Loading of "gui/window_ghw_change_target.gui" is complete
[16:47:21][D][pdx_gui_assetfactory.cpp:676]: [LoadAssetsGUI] Loading "gui/window_government_administration.gui"
[16:47:21][D][pdx_gui_assetfactory.cpp:685]: [LoadAssetsGUI] Loading of "gui/window_government_administration.gui" is complete
[16:47:21][D][pdx_gui_assetfactory.cpp:676]: [LoadAssetsGUI] Loading "gui/window_great_project.gui"
[16:47:21][D][pdx_gui_assetfactory.cpp:685]: [LoadAssetsGUI] Loading of "gui/window_great_project.gui" is complete
[16:47:21][D][pdx_gui_assetfactory.cpp:676]: [LoadAssetsGUI] Loading "gui/window_hired_troops_detail.gui"
[16:47:21][D][pdx_gui_assetfactory.cpp:685]: [LoadAssetsGUI] Loading of "gui/window_hired_troops_detail.gui" is complete
[16:47:21][D][pdx_gui_assetfactory.cpp:676]: [LoadAssetsGUI] Loading "gui/window_house_aspiration.gui"
[16:47:21][D][pdx_gui_assetfactory.cpp:685]: [LoadAssetsGUI] Loading of "gui/window_house_aspiration.gui" is complete
[16:47:21][D][pdx_gui_assetfactory.cpp:676]: [LoadAssetsGUI] Loading "gui/window_house_relation_history.gui"
[16:47:21][D][pdx_gui_assetfactory.cpp:685]: [LoadAssetsGUI] Loading of "gui/window_house_relation_history.gui" is complete
[16:47:21][D][pdx_gui_assetfactory.cpp:676]: [LoadAssetsGUI] Loading "gui/window_hybridize_culture.gui"
[16:47:21][D][pdx_gui_assetfactory.cpp:685]: [LoadAssetsGUI] Loading of "gui/window_hybridize_culture.gui" is complete
[16:47:21][D][pdx_gui_assetfactory.cpp:676]: [LoadAssetsGUI] Loading "gui/window_inspirations.gui"
[16:47:21][D][pdx_gui_assetfactory.cpp:685]: [LoadAssetsGUI] Loading of "gui/window_inspirations.gui" is complete
[16:47:21][D][pdx_gui_assetfactory.cpp:676]: [LoadAssetsGUI] Loading "gui/window_intrigue.gui"
[16:47:21][D][pdx_gui_assetfactory.cpp:685]: [LoadAssetsGUI] Loading of "gui/window_intrigue.gui" is complete
[16:47:21][D][pdx_gui_assetfactory.cpp:676]: [LoadAssetsGUI] Loading "gui/window_intrigue_potential_faction_member.gui"
[16:47:21][D][pdx_gui_assetfactory.cpp:685]: [LoadAssetsGUI] Loading of "gui/window_intrigue_potential_faction_member.gui" is complete
[16:47:21][D][pdx_gui_assetfactory.cpp:676]: [LoadAssetsGUI] Loading "gui/window_intrigue_potential_scheme_agent.gui"
[16:47:21][D][pdx_gui_assetfactory.cpp:685]: [LoadAssetsGUI] Loading of "gui/window_intrigue_potential_scheme_agent.gui" is complete
[16:47:21][D][pdx_gui_assetfactory.cpp:676]: [LoadAssetsGUI] Loading "gui/window_inventory.gui"
[16:47:21][D][pdx_gui_assetfactory.cpp:685]: [LoadAssetsGUI] Loading of "gui/window_inventory.gui" is complete
[16:47:21][D][pdx_gui_assetfactory.cpp:676]: [LoadAssetsGUI] Loading "gui/window_kill_list.gui"
[16:47:21][D][pdx_gui_assetfactory.cpp:685]: [LoadAssetsGUI] Loading of "gui/window_kill_list.gui" is complete
[16:47:21][D][pdx_gui_assetfactory.cpp:676]: [LoadAssetsGUI] Loading "gui/window_knights.gui"
[16:47:21][D][pdx_gui_assetfactory.cpp:685]: [LoadAssetsGUI] Loading of "gui/window_knights.gui" is complete
[16:47:21][D][pdx_gui_assetfactory.cpp:676]: [LoadAssetsGUI] Loading "gui/window_languages.gui"
[16:47:21][D][pdx_gui_assetfactory.cpp:685]: [LoadAssetsGUI] Loading of "gui/window_languages.gui" is complete
[16:47:21][D][pdx_gui_assetfactory.cpp:676]: [LoadAssetsGUI] Loading "gui/window_lease_out_baronies.gui"
[16:47:21][D][pdx_gui_assetfactory.cpp:685]: [LoadAssetsGUI] Loading of "gui/window_lease_out_baronies.gui" is complete
[16:47:21][D][pdx_gui_assetfactory.cpp:676]: [LoadAssetsGUI] Loading "gui/window_ledger.gui"
[16:47:21][D][pdx_gui_assetfactory.cpp:685]: [LoadAssetsGUI] Loading of "gui/window_ledger.gui" is complete
[16:47:21][D][pdx_gui_assetfactory.cpp:676]: [LoadAssetsGUI] Loading "gui/window_legend_chronicle.gui"
[16:47:21][D][pdx_gui_assetfactory.cpp:685]: [LoadAssetsGUI] Loading of "gui/window_legend_chronicle.gui" is complete
[16:47:21][D][pdx_gui_assetfactory.cpp:676]: [LoadAssetsGUI] Loading "gui/window_legend_creation.gui"
[16:47:21][D][pdx_gui_assetfactory.cpp:685]: [LoadAssetsGUI] Loading of "gui/window_legend_creation.gui" is complete
[16:47:21][D][pdx_gui_assetfactory.cpp:676]: [LoadAssetsGUI] Loading "gui/window_legends.gui"
[16:47:21][D][pdx_gui_assetfactory.cpp:685]: [LoadAssetsGUI] Loading of "gui/window_legends.gui" is complete
[16:47:21][D][pdx_gui_assetfactory.cpp:676]: [LoadAssetsGUI] Loading "gui/window_levy.gui"
[16:47:21][D][pdx_gui_assetfactory.cpp:685]: [LoadAssetsGUI] Loading of "gui/window_levy.gui" is complete
[16:47:21][D][pdx_gui_assetfactory.cpp:676]: [LoadAssetsGUI] Loading "gui/window_lineage.gui"
[16:47:21][D][pdx_gui_assetfactory.cpp:685]: [LoadAssetsGUI] Loading of "gui/window_lineage.gui" is complete
[16:47:21][D][pdx_gui_assetfactory.cpp:676]: [LoadAssetsGUI] Loading "gui/window_lobby_helper.gui"
[16:47:21][D][pdx_gui_assetfactory.cpp:685]: [LoadAssetsGUI] Loading of "gui/window_lobby_helper.gui" is complete
[16:47:21][D][pdx_gui_assetfactory.cpp:676]: [LoadAssetsGUI] Loading "gui/window_manage_tax_slots.gui"
[16:47:21][D][pdx_gui_assetfactory.cpp:685]: [LoadAssetsGUI] Loading of "gui/window_manage_tax_slots.gui" is complete
[16:47:21][D][pdx_gui_assetfactory.cpp:676]: [LoadAssetsGUI] Loading "gui/window_memories.gui"
[16:47:21][D][pdx_gui_assetfactory.cpp:685]: [LoadAssetsGUI] Loading of "gui/window_memories.gui" is complete
[16:47:21][D][pdx_gui_assetfactory.cpp:676]: [LoadAssetsGUI] Loading "gui/window_menatarms.gui"
[16:47:21][D][pdx_gui_assetfactory.cpp:685]: [LoadAssetsGUI] Loading of "gui/window_menatarms.gui" is complete
[16:47:21][D][pdx_gui_assetfactory.cpp:676]: [LoadAssetsGUI] Loading "gui/window_menatarms_type_view.gui"
[16:47:21][D][pdx_gui_assetfactory.cpp:685]: [LoadAssetsGUI] Loading of "gui/window_menatarms_type_view.gui" is complete
[16:47:21][D][pdx_gui_assetfactory.cpp:676]: [LoadAssetsGUI] Loading "gui/window_message_popup.gui"
[16:47:21][D][pdx_gui_assetfactory.cpp:685]: [LoadAssetsGUI] Loading of "gui/window_message_popup.gui" is complete
[16:47:21][D][pdx_gui_assetfactory.cpp:676]: [LoadAssetsGUI] Loading "gui/window_message_settings.gui"
[16:47:21][D][pdx_gui_assetfactory.cpp:685]: [LoadAssetsGUI] Loading of "gui/window_message_settings.gui" is complete
[16:47:21][D][pdx_gui_assetfactory.cpp:676]: [LoadAssetsGUI] Loading "gui/window_migration.gui"
[16:47:21][D][pdx_gui_assetfactory.cpp:685]: [LoadAssetsGUI] Loading of "gui/window_migration.gui" is complete
[16:47:21][D][pdx_gui_assetfactory.cpp:676]: [LoadAssetsGUI] Loading "gui/window_military.gui"
[16:47:21][D][pdx_gui_assetfactory.cpp:685]: [LoadAssetsGUI] Loading of "gui/window_military.gui" is complete
[16:47:21][D][pdx_gui_assetfactory.cpp:676]: [LoadAssetsGUI] Loading "gui/window_move_domicile.gui"
[16:47:21][D][pdx_gui_assetfactory.cpp:685]: [LoadAssetsGUI] Loading of "gui/window_move_domicile.gui" is complete
[16:47:21][D][pdx_gui_assetfactory.cpp:676]: [LoadAssetsGUI] Loading "gui/window_my_realm.gui"
[16:47:21][D][pdx_gui_assetfactory.cpp:685]: [LoadAssetsGUI] Loading of "gui/window_my_realm.gui" is complete
[16:47:21][D][pdx_gui_assetfactory.cpp:676]: [LoadAssetsGUI] Loading "gui/window_plan_great_project.gui"
[16:47:21][D][pdx_gui_assetfactory.cpp:685]: [LoadAssetsGUI] Loading of "gui/window_plan_great_project.gui" is complete
[16:47:21][D][pdx_gui_assetfactory.cpp:676]: [LoadAssetsGUI] Loading "gui/window_potential_great_project_contributors.gui"
[16:47:21][D][pdx_gui_assetfactory.cpp:685]: [LoadAssetsGUI] Loading of "gui/window_potential_great_project_contributors.gui" is complete
[16:47:21][D][pdx_gui_assetfactory.cpp:676]: [LoadAssetsGUI] Loading "gui/window_raid.gui"
[16:47:21][D][pdx_gui_assetfactory.cpp:685]: [LoadAssetsGUI] Loading of "gui/window_raid.gui" is complete
[16:47:21][D][pdx_gui_assetfactory.cpp:676]: [LoadAssetsGUI] Loading "gui/window_raid_intent_selection.gui"
[16:47:21][D][pdx_gui_assetfactory.cpp:685]: [LoadAssetsGUI] Loading of "gui/window_raid_intent_selection.gui" is complete
[16:47:21][D][pdx_gui_assetfactory.cpp:676]: [LoadAssetsGUI] Loading "gui/window_rally_points.gui"
[16:47:21][D][pdx_gui_assetfactory.cpp:685]: [LoadAssetsGUI] Loading of "gui/window_rally_points.gui" is complete
[16:47:21][D][pdx_gui_assetfactory.cpp:676]: [LoadAssetsGUI] Loading "gui/window_replace_pillar.gui"
[16:47:21][D][pdx_gui_assetfactory.cpp:685]: [LoadAssetsGUI] Loading of "gui/window_replace_pillar.gui" is complete
[16:47:21][D][pdx_gui_assetfactory.cpp:676]: [LoadAssetsGUI] Loading "gui/window_resign_confirmation.gui"
[16:47:21][D][pdx_gui_assetfactory.cpp:685]: [LoadAssetsGUI] Loading of "gui/window_resign_confirmation.gui" is complete
[16:47:21][D][pdx_gui_assetfactory.cpp:676]: [LoadAssetsGUI] Loading "gui/window_royal_court.gui"
[16:47:21][D][pdx_gui_assetfactory.cpp:685]: [LoadAssetsGUI] Loading of "gui/window_royal_court.gui" is complete
[16:47:21][D][pdx_gui_assetfactory.cpp:676]: [LoadAssetsGUI] Loading "gui/window_royal_court_screenshot.gui"
[16:47:21][D][pdx_gui_assetfactory.cpp:685]: [LoadAssetsGUI] Loading of "gui/window_royal_court_screenshot.gui" is complete
[16:47:21][D][pdx_gui_assetfactory.cpp:676]: [LoadAssetsGUI] Loading "gui/window_ruler_designer.gui"
[16:47:21][D][pdx_gui_assetfactory.cpp:685]: [LoadAssetsGUI] Loading of "gui/window_ruler_designer.gui" is complete
[16:47:21][D][pdx_gui_assetfactory.cpp:676]: [LoadAssetsGUI] Loading "gui/window_ruler_designer_load.gui"
[16:47:21][D][pdx_gui_assetfactory.cpp:685]: [LoadAssetsGUI] Loading of "gui/window_ruler_designer_load.gui" is complete
[16:47:21][D][pdx_gui_assetfactory.cpp:676]: [LoadAssetsGUI] Loading "gui/window_ruler_designer_save.gui"
[16:47:21][D][pdx_gui_assetfactory.cpp:685]: [LoadAssetsGUI] Loading of "gui/window_ruler_designer_save.gui" is complete
[16:47:21][D][pdx_gui_assetfactory.cpp:676]: [LoadAssetsGUI] Loading "gui/window_save_game.gui"
[16:47:21][D][pdx_gui_assetfactory.cpp:685]: [LoadAssetsGUI] Loading of "gui/window_save_game.gui" is complete
[16:47:21][D][pdx_gui_assetfactory.cpp:676]: [LoadAssetsGUI] Loading "gui/window_select_men_at_arms_origin.gui"
[16:47:21][D][pdx_gui_assetfactory.cpp:685]: [LoadAssetsGUI] Loading of "gui/window_select_men_at_arms_origin.gui" is complete
[16:47:21][D][pdx_gui_assetfactory.cpp:676]: [LoadAssetsGUI] Loading "gui/window_select_raise_troops_at_location.gui"
[16:47:21][D][pdx_gui_assetfactory.cpp:685]: [LoadAssetsGUI] Loading of "gui/window_select_raise_troops_at_location.gui" is complete
[16:47:21][D][pdx_gui_assetfactory.cpp:676]: [LoadAssetsGUI] Loading "gui/window_select_title_troop_assignment.gui"
[16:47:21][D][pdx_gui_assetfactory.cpp:685]: [LoadAssetsGUI] Loading of "gui/window_select_title_troop_assignment.gui" is complete
[16:47:21][D][pdx_gui_assetfactory.cpp:676]: [LoadAssetsGUI] Loading "gui/window_siege.gui"
[16:47:21][D][pdx_gui_assetfactory.cpp:685]: [LoadAssetsGUI] Loading of "gui/window_siege.gui" is complete
[16:47:21][D][pdx_gui_assetfactory.cpp:676]: [LoadAssetsGUI] Loading "gui/window_silk_road.gui"
[16:47:21][D][pdx_gui_assetfactory.cpp:685]: [LoadAssetsGUI] Loading of "gui/window_silk_road.gui" is complete
[16:47:21][D][pdx_gui_assetfactory.cpp:676]: [LoadAssetsGUI] Loading "gui/window_situation.gui"
[16:47:21][D][pdx_gui_assetfactory.cpp:685]: [LoadAssetsGUI] Loading of "gui/window_situation.gui" is complete
[16:47:21][D][pdx_gui_assetfactory.cpp:676]: [LoadAssetsGUI] Loading "gui/window_situation_debug.gui"
[16:47:21][D][pdx_gui_assetfactory.cpp:685]: [LoadAssetsGUI] Loading of "gui/window_situation_debug.gui" is complete
[16:47:21][D][pdx_gui_assetfactory.cpp:676]: [LoadAssetsGUI] Loading "gui/window_situation_list.gui"
[16:47:21][D][pdx_gui_assetfactory.cpp:685]: [LoadAssetsGUI] Loading of "gui/window_situation_list.gui" is complete
[16:47:21][D][pdx_gui_assetfactory.cpp:676]: [LoadAssetsGUI] Loading "gui/window_situation_participation.gui"
[16:47:21][D][pdx_gui_assetfactory.cpp:685]: [LoadAssetsGUI] Loading of "gui/window_situation_participation.gui" is complete
[16:47:21][D][pdx_gui_assetfactory.cpp:676]: [LoadAssetsGUI] Loading "gui/window_situation_participation_debug.gui"
[16:47:21][D][pdx_gui_assetfactory.cpp:685]: [LoadAssetsGUI] Loading of "gui/window_situation_participation_debug.gui" is complete
[16:47:21][D][pdx_gui_assetfactory.cpp:676]: [LoadAssetsGUI] Loading "gui/window_situation_sub_region.gui"
[16:47:21][D][pdx_gui_assetfactory.cpp:685]: [LoadAssetsGUI] Loading of "gui/window_situation_sub_region.gui" is complete
[16:47:21][D][pdx_gui_assetfactory.cpp:676]: [LoadAssetsGUI] Loading "gui/window_struggle.gui"
[16:47:21][D][pdx_gui_assetfactory.cpp:685]: [LoadAssetsGUI] Loading of "gui/window_struggle.gui" is complete
[16:47:21][D][pdx_gui_assetfactory.cpp:676]: [LoadAssetsGUI] Loading "gui/window_struggle_involvement.gui"
[16:47:21][D][pdx_gui_assetfactory.cpp:685]: [LoadAssetsGUI] Loading of "gui/window_struggle_involvement.gui" is complete
[16:47:21][D][pdx_gui_assetfactory.cpp:676]: [LoadAssetsGUI] Loading "gui/window_succession_change_law.gui"
[16:47:21][D][pdx_gui_assetfactory.cpp:685]: [LoadAssetsGUI] Loading of "gui/window_succession_change_law.gui" is complete
[16:47:21][D][pdx_gui_assetfactory.cpp:676]: [LoadAssetsGUI] Loading "gui/window_succession_designate_heir.gui"
[16:47:21][D][pdx_gui_assetfactory.cpp:685]: [LoadAssetsGUI] Loading of "gui/window_succession_designate_heir.gui" is complete
[16:47:21][D][pdx_gui_assetfactory.cpp:676]: [LoadAssetsGUI] Loading "gui/window_succession_event.gui"
[16:47:21][D][pdx_gui_assetfactory.cpp:685]: [LoadAssetsGUI] Loading of "gui/window_succession_event.gui" is complete
[16:47:21][D][pdx_gui_assetfactory.cpp:676]: [LoadAssetsGUI] Loading "gui/window_task_contract.gui"
[16:47:21][D][pdx_gui_assetfactory.cpp:685]: [LoadAssetsGUI] Loading of "gui/window_task_contract.gui" is complete
[16:47:21][D][pdx_gui_assetfactory.cpp:676]: [LoadAssetsGUI] Loading "gui/window_tax_slot_assign_vassal.gui"
[16:47:21][D][pdx_gui_assetfactory.cpp:685]: [LoadAssetsGUI] Loading of "gui/window_tax_slot_assign_vassal.gui" is complete
[16:47:21][D][pdx_gui_assetfactory.cpp:676]: [LoadAssetsGUI] Loading "gui/window_tax_slot_obligations.gui"
[16:47:21][D][pdx_gui_assetfactory.cpp:685]: [LoadAssetsGUI] Loading of "gui/window_tax_slot_obligations.gui" is complete
[16:47:21][D][pdx_gui_assetfactory.cpp:676]: [LoadAssetsGUI] Loading "gui/window_tax_slot_vassals.gui"
[16:47:21][D][pdx_gui_assetfactory.cpp:685]: [LoadAssetsGUI] Loading of "gui/window_tax_slot_vassals.gui" is complete
[16:47:21][D][pdx_gui_assetfactory.cpp:676]: [LoadAssetsGUI] Loading "gui/window_tgp_dynastic_cycle.gui"
[16:47:21][D][pdx_gui_assetfactory.cpp:685]: [LoadAssetsGUI] Loading of "gui/window_tgp_dynastic_cycle.gui" is complete
[16:47:21][D][pdx_gui_assetfactory.cpp:676]: [LoadAssetsGUI] Loading "gui/window_tgp_natural_disaster.gui"
[16:47:21][D][pdx_gui_assetfactory.cpp:685]: [LoadAssetsGUI] Loading of "gui/window_tgp_natural_disaster.gui" is complete
[16:47:21][D][pdx_gui_assetfactory.cpp:676]: [LoadAssetsGUI] Loading "gui/window_the_great_steppe.gui"
[16:47:21][D][pdx_gui_assetfactory.cpp:685]: [LoadAssetsGUI] Loading of "gui/window_the_great_steppe.gui" is complete
[16:47:21][D][pdx_gui_assetfactory.cpp:676]: [LoadAssetsGUI] Loading "gui/window_title.gui"
[16:47:21][D][pdx_gui_assetfactory.cpp:685]: [LoadAssetsGUI] Loading of "gui/window_title.gui" is complete
[16:47:21][D][pdx_gui_assetfactory.cpp:676]: [LoadAssetsGUI] Loading "gui/window_title_add_law.gui"
[16:47:21][D][pdx_gui_assetfactory.cpp:685]: [LoadAssetsGUI] Loading of "gui/window_title_add_law.gui" is complete
[16:47:21][D][pdx_gui_assetfactory.cpp:676]: [LoadAssetsGUI] Loading "gui/window_title_appointment.gui"
[16:47:21][D][pdx_gui_assetfactory.cpp:685]: [LoadAssetsGUI] Loading of "gui/window_title_appointment.gui" is complete
[16:47:21][D][pdx_gui_assetfactory.cpp:676]: [LoadAssetsGUI] Loading "gui/window_title_claimants.gui"
[16:47:21][D][pdx_gui_assetfactory.cpp:685]: [LoadAssetsGUI] Loading of "gui/window_title_claimants.gui" is complete
[16:47:21][D][pdx_gui_assetfactory.cpp:676]: [LoadAssetsGUI] Loading "gui/window_title_customization.gui"
[16:47:21][D][pdx_gui_assetfactory.cpp:685]: [LoadAssetsGUI] Loading of "gui/window_title_customization.gui" is complete
[16:47:21][D][pdx_gui_assetfactory.cpp:676]: [LoadAssetsGUI] Loading "gui/window_title_election.gui"
[16:47:21][D][pdx_gui_assetfactory.cpp:685]: [LoadAssetsGUI] Loading of "gui/window_title_election.gui" is complete
[16:47:21][D][pdx_gui_assetfactory.cpp:676]: [LoadAssetsGUI] Loading "gui/window_title_history.gui"
[16:47:21][D][pdx_gui_assetfactory.cpp:685]: [LoadAssetsGUI] Loading of "gui/window_title_history.gui" is complete
[16:47:21][D][pdx_gui_assetfactory.cpp:676]: [LoadAssetsGUI] Loading "gui/window_travel_option_selection.gui"
[16:47:21][D][pdx_gui_assetfactory.cpp:685]: [LoadAssetsGUI] Loading of "gui/window_travel_option_selection.gui" is complete
[16:47:21][D][pdx_gui_assetfactory.cpp:676]: [LoadAssetsGUI] Loading "gui/window_travel_planner.gui"
[16:47:21][D][pdx_gui_assetfactory.cpp:685]: [LoadAssetsGUI] Loading of "gui/window_travel_planner.gui" is complete
[16:47:21][D][pdx_gui_assetfactory.cpp:676]: [LoadAssetsGUI] Loading "gui/window_travel_route_edit.gui"
[16:47:21][D][pdx_gui_assetfactory.cpp:685]: [LoadAssetsGUI] Loading of "gui/window_travel_route_edit.gui" is complete
[16:47:21][D][pdx_gui_assetfactory.cpp:676]: [LoadAssetsGUI] Loading "gui/window_treasury_budget_change.gui"
[16:47:21][D][pdx_gui_assetfactory.cpp:685]: [LoadAssetsGUI] Loading of "gui/window_treasury_budget_change.gui" is complete
[16:47:21][D][pdx_gui_assetfactory.cpp:676]: [LoadAssetsGUI] Loading "gui/window_tutorial.gui"
[16:47:21][D][pdx_gui_assetfactory.cpp:685]: [LoadAssetsGUI] Loading of "gui/window_tutorial.gui" is complete
[16:47:21][D][pdx_gui_assetfactory.cpp:676]: [LoadAssetsGUI] Loading "gui/window_war_declared_overview.gui"
[16:47:21][D][pdx_gui_assetfactory.cpp:685]: [LoadAssetsGUI] Loading of "gui/window_war_declared_overview.gui" is complete
[16:47:21][D][pdx_gui_assetfactory.cpp:676]: [LoadAssetsGUI] Loading "gui/window_war_overview.gui"
[16:47:21][D][pdx_gui_assetfactory.cpp:685]: [LoadAssetsGUI] Loading of "gui/window_war_overview.gui" is complete
[16:47:21][D][pdx_gui_assetfactory.cpp:676]: [LoadAssetsGUI] Loading "gui/window_war_results.gui"
[16:47:21][D][pdx_gui_assetfactory.cpp:685]: [LoadAssetsGUI] Loading of "gui/window_war_results.gui" is complete
[16:47:21][D][pdx_gui_assetfactory.cpp:676]: [LoadAssetsGUI] Loading "gui/achievements/jomini_achievements_types.gui"
[16:47:21][D][pdx_gui_assetfactory.cpp:685]: [LoadAssetsGUI] Loading of "gui/achievements/jomini_achievements_types.gui" is complete
[16:47:21][D][pdx_gui_assetfactory.cpp:676]: [LoadAssetsGUI] Loading "gui/achievements/jomini_achievements_window.gui"
[16:47:21][D][pdx_gui_assetfactory.cpp:685]: [LoadAssetsGUI] Loading of "gui/achievements/jomini_achievements_window.gui" is complete
[16:47:21][D][pdx_gui_assetfactory.cpp:676]: [LoadAssetsGUI] Loading "gui/achievements/popup.gui"
[16:47:21][D][pdx_gui_assetfactory.cpp:685]: [LoadAssetsGUI] Loading of "gui/achievements/popup.gui" is complete
[16:47:21][D][pdx_gui_assetfactory.cpp:676]: [LoadAssetsGUI] Loading "gui/activity_locale_widgets/locale_artisan_armorsmith_west.gui"
[16:47:21][D][pdx_gui_assetfactory.cpp:685]: [LoadAssetsGUI] Loading of "gui/activity_locale_widgets/locale_artisan_armorsmith_west.gui" is complete
[16:47:21][D][pdx_gui_assetfactory.cpp:676]: [LoadAssetsGUI] Loading "gui/activity_locale_widgets/locale_artisan_farrier_west.gui"
[16:47:21][D][pdx_gui_assetfactory.cpp:685]: [LoadAssetsGUI] Loading of "gui/activity_locale_widgets/locale_artisan_farrier_west.gui" is complete
[16:47:21][D][pdx_gui_assetfactory.cpp:676]: [LoadAssetsGUI] Loading "gui/activity_locale_widgets/locale_artisan_fletcher_west.gui"
[16:47:21][D][pdx_gui_assetfactory.cpp:685]: [LoadAssetsGUI] Loading of "gui/activity_locale_widgets/locale_artisan_fletcher_west.gui" is complete
[16:47:21][D][pdx_gui_assetfactory.cpp:676]: [LoadAssetsGUI] Loading "gui/activity_locale_widgets/locale_artisan_india.gui"
[16:47:21][D][pdx_gui_assetfactory.cpp:685]: [LoadAssetsGUI] Loading of "gui/activity_locale_widgets/locale_artisan_india.gui" is complete
[16:47:21][D][pdx_gui_assetfactory.cpp:676]: [LoadAssetsGUI] Loading "gui/activity_locale_widgets/locale_artisan_mena.gui"
[16:47:21][D][pdx_gui_assetfactory.cpp:685]: [LoadAssetsGUI] Loading of "gui/activity_locale_widgets/locale_artisan_mena.gui" is complete
[16:47:21][D][pdx_gui_assetfactory.cpp:676]: [LoadAssetsGUI] Loading "gui/activity_locale_widgets/locale_artisan_tailor_west.gui"
[16:47:21][D][pdx_gui_assetfactory.cpp:685]: [LoadAssetsGUI] Loading of "gui/activity_locale_widgets/locale_artisan_tailor_west.gui" is complete
[16:47:21][D][pdx_gui_assetfactory.cpp:676]: [LoadAssetsGUI] Loading "gui/activity_locale_widgets/locale_artisan_weaponsmith_west.gui"
[16:47:21][D][pdx_gui_assetfactory.cpp:685]: [LoadAssetsGUI] Loading of "gui/activity_locale_widgets/locale_artisan_weaponsmith_west.gui" is complete
[16:47:21][D][pdx_gui_assetfactory.cpp:676]: [LoadAssetsGUI] Loading "gui/activity_locale_widgets/locale_artisan_west.gui"
[16:47:21][D][pdx_gui_assetfactory.cpp:685]: [LoadAssetsGUI] Loading of "gui/activity_locale_widgets/locale_artisan_west.gui" is complete
[16:47:21][D][pdx_gui_assetfactory.cpp:676]: [LoadAssetsGUI] Loading "gui/activity_locale_widgets/locale_camp_india.gui"
[16:47:21][D][pdx_gui_assetfactory.cpp:685]: [LoadAssetsGUI] Loading of "gui/activity_locale_widgets/locale_camp_india.gui" is complete
[16:47:21][D][pdx_gui_assetfactory.cpp:676]: [LoadAssetsGUI] Loading "gui/activity_locale_widgets/locale_camp_mena.gui"
[16:47:21][D][pdx_gui_assetfactory.cpp:685]: [LoadAssetsGUI] Loading of "gui/activity_locale_widgets/locale_camp_mena.gui" is complete
[16:47:21][D][pdx_gui_assetfactory.cpp:676]: [LoadAssetsGUI] Loading "gui/activity_locale_widgets/locale_camp_west.gui"
[16:47:21][D][pdx_gui_assetfactory.cpp:685]: [LoadAssetsGUI] Loading of "gui/activity_locale_widgets/locale_camp_west.gui" is complete
[16:47:21][D][pdx_gui_assetfactory.cpp:676]: [LoadAssetsGUI] Loading "gui/activity_locale_widgets/locale_entertainment_india.gui"
[16:47:21][D][pdx_gui_assetfactory.cpp:685]: [LoadAssetsGUI] Loading of "gui/activity_locale_widgets/locale_entertainment_india.gui" is complete
[16:47:21][D][pdx_gui_assetfactory.cpp:676]: [LoadAssetsGUI] Loading "gui/activity_locale_widgets/locale_entertainment_mena.gui"
[16:47:21][D][pdx_gui_assetfactory.cpp:685]: [LoadAssetsGUI] Loading of "gui/activity_locale_widgets/locale_entertainment_mena.gui" is complete
[16:47:21][D][pdx_gui_assetfactory.cpp:676]: [LoadAssetsGUI] Loading "gui/activity_locale_widgets/locale_entertainment_west.gui"
[16:47:21][D][pdx_gui_assetfactory.cpp:685]: [LoadAssetsGUI] Loading of "gui/activity_locale_widgets/locale_entertainment_west.gui" is complete
[16:47:21][D][pdx_gui_assetfactory.cpp:676]: [LoadAssetsGUI] Loading "gui/activity_locale_widgets/locale_temple_india.gui"
[16:47:21][D][pdx_gui_assetfactory.cpp:685]: [LoadAssetsGUI] Loading of "gui/activity_locale_widgets/locale_temple_india.gui" is complete
[16:47:21][D][pdx_gui_assetfactory.cpp:676]: [LoadAssetsGUI] Loading "gui/activity_locale_widgets/locale_temple_mena.gui"
[16:47:21][D][pdx_gui_assetfactory.cpp:685]: [LoadAssetsGUI] Loading of "gui/activity_locale_widgets/locale_temple_mena.gui" is complete
[16:47:21][D][pdx_gui_assetfactory.cpp:676]: [LoadAssetsGUI] Loading "gui/activity_locale_widgets/locale_temple_west.gui"
[16:47:21][D][pdx_gui_assetfactory.cpp:685]: [LoadAssetsGUI] Loading of "gui/activity_locale_widgets/locale_temple_west.gui" is complete
[16:47:21][D][pdx_gui_assetfactory.cpp:676]: [LoadAssetsGUI] Loading "gui/activity_locale_widgets/locale_tournament1_india.gui"
[16:47:21][D][pdx_gui_assetfactory.cpp:685]: [LoadAssetsGUI] Loading of "gui/activity_locale_widgets/locale_tournament1_india.gui" is complete
[16:47:21][D][pdx_gui_assetfactory.cpp:676]: [LoadAssetsGUI] Loading "gui/activity_locale_widgets/locale_tournament1_mena.gui"
[16:47:21][D][pdx_gui_assetfactory.cpp:685]: [LoadAssetsGUI] Loading of "gui/activity_locale_widgets/locale_tournament1_mena.gui" is complete
[16:47:21][D][pdx_gui_assetfactory.cpp:676]: [LoadAssetsGUI] Loading "gui/activity_locale_widgets/locale_tournament1_west.gui"
[16:47:21][D][pdx_gui_assetfactory.cpp:685]: [LoadAssetsGUI] Loading of "gui/activity_locale_widgets/locale_tournament1_west.gui" is complete
[16:47:21][D][pdx_gui_assetfactory.cpp:676]: [LoadAssetsGUI] Loading "gui/activity_locale_widgets/locale_tournament3_india.gui"
[16:47:21][D][pdx_gui_assetfactory.cpp:685]: [LoadAssetsGUI] Loading of "gui/activity_locale_widgets/locale_tournament3_india.gui" is complete
[16:47:21][D][pdx_gui_assetfactory.cpp:676]: [LoadAssetsGUI] Loading "gui/activity_locale_widgets/locale_tournament3_mena.gui"
[16:47:21][D][pdx_gui_assetfactory.cpp:685]: [LoadAssetsGUI] Loading of "gui/activity_locale_widgets/locale_tournament3_mena.gui" is complete
[16:47:21][D][pdx_gui_assetfactory.cpp:676]: [LoadAssetsGUI] Loading "gui/activity_locale_widgets/locale_tournament3_west.gui"
[16:47:21][D][pdx_gui_assetfactory.cpp:685]: [LoadAssetsGUI] Loading of "gui/activity_locale_widgets/locale_tournament3_west.gui" is complete
[16:47:21][D][pdx_gui_assetfactory.cpp:676]: [LoadAssetsGUI] Loading "gui/activity_locale_widgets/locale_town_india.gui"
[16:47:21][D][pdx_gui_assetfactory.cpp:685]: [LoadAssetsGUI] Loading of "gui/activity_locale_widgets/locale_town_india.gui" is complete
[16:47:21][D][pdx_gui_assetfactory.cpp:676]: [LoadAssetsGUI] Loading "gui/activity_locale_widgets/locale_town_mena.gui"
[16:47:21][D][pdx_gui_assetfactory.cpp:685]: [LoadAssetsGUI] Loading of "gui/activity_locale_widgets/locale_town_mena.gui" is complete
[16:47:21][D][pdx_gui_assetfactory.cpp:676]: [LoadAssetsGUI] Loading "gui/activity_locale_widgets/locale_town_west.gui"
[16:47:21][D][pdx_gui_assetfactory.cpp:685]: [LoadAssetsGUI] Loading of "gui/activity_locale_widgets/locale_town_west.gui" is complete
[16:47:21][D][pdx_gui_assetfactory.cpp:676]: [LoadAssetsGUI] Loading "gui/activity_locale_widgets/locale_widget_base.gui"
[16:47:21][D][pdx_gui_assetfactory.cpp:685]: [LoadAssetsGUI] Loading of "gui/activity_locale_widgets/locale_widget_base.gui" is complete
[16:47:21][D][pdx_gui_assetfactory.cpp:676]: [LoadAssetsGUI] Loading "gui/activity_locale_widgets/tournament_terrain_europe_farmland.gui"
[16:47:21][D][pdx_gui_assetfactory.cpp:685]: [LoadAssetsGUI] Loading of "gui/activity_locale_widgets/tournament_terrain_europe_farmland.gui" is complete
[16:47:21][D][pdx_gui_assetfactory.cpp:676]: [LoadAssetsGUI] Loading "gui/activity_locale_widgets/tournament_terrain_europe_farmland_top_layer.gui"
[16:47:21][D][pdx_gui_assetfactory.cpp:685]: [LoadAssetsGUI] Loading of "gui/activity_locale_widgets/tournament_terrain_europe_farmland_top_layer.gui" is complete
[16:47:21][D][pdx_gui_assetfactory.cpp:676]: [LoadAssetsGUI] Loading "gui/activity_locale_widgets/tournament_terrain_jungle.gui"
[16:47:21][D][pdx_gui_assetfactory.cpp:685]: [LoadAssetsGUI] Loading of "gui/activity_locale_widgets/tournament_terrain_jungle.gui" is complete
[16:47:21][D][pdx_gui_assetfactory.cpp:676]: [LoadAssetsGUI] Loading "gui/activity_locale_widgets/tournament_terrain_jungle_top_layer.gui"
[16:47:21][D][pdx_gui_assetfactory.cpp:685]: [LoadAssetsGUI] Loading of "gui/activity_locale_widgets/tournament_terrain_jungle_top_layer.gui" is complete
[16:47:21][D][pdx_gui_assetfactory.cpp:676]: [LoadAssetsGUI] Loading "gui/activity_locale_widgets/tournament_terrain_mena.gui"
[16:47:21][D][pdx_gui_assetfactory.cpp:685]: [LoadAssetsGUI] Loading of "gui/activity_locale_widgets/tournament_terrain_mena.gui" is complete
[16:47:21][D][pdx_gui_assetfactory.cpp:676]: [LoadAssetsGUI] Loading "gui/activity_locale_widgets/tournament_terrain_mena_top_layer.gui"
[16:47:21][D][pdx_gui_assetfactory.cpp:685]: [LoadAssetsGUI] Loading of "gui/activity_locale_widgets/tournament_terrain_mena_top_layer.gui" is complete
[16:47:21][D][pdx_gui_assetfactory.cpp:676]: [LoadAssetsGUI] Loading "gui/activity_window_widgets/activity_special_type_progression.gui"
[16:47:21][D][pdx_gui_assetfactory.cpp:685]: [LoadAssetsGUI] Loading of "gui/activity_window_widgets/activity_special_type_progression.gui" is complete
[16:47:21][D][pdx_gui_assetfactory.cpp:676]: [LoadAssetsGUI] Loading "gui/activity_window_widgets/artifact_rewards.gui"
[16:47:21][D][pdx_gui_assetfactory.cpp:685]: [LoadAssetsGUI] Loading of "gui/activity_window_widgets/artifact_rewards.gui" is complete
[16:47:21][D][pdx_gui_assetfactory.cpp:676]: [LoadAssetsGUI] Loading "gui/activity_window_widgets/chariot_race_pivotal_moment_widget.gui"
[16:47:21][D][pdx_gui_assetfactory.cpp:685]: [LoadAssetsGUI] Loading of "gui/activity_window_widgets/chariot_race_pivotal_moment_widget.gui" is complete
[16:47:21][D][pdx_gui_assetfactory.cpp:676]: [LoadAssetsGUI] Loading "gui/activity_window_widgets/chariot_race_progress_to_victory_widget.gui"
[16:47:21][D][pdx_gui_assetfactory.cpp:685]: [LoadAssetsGUI] Loading of "gui/activity_window_widgets/chariot_race_progress_to_victory_widget.gui" is complete
[16:47:21][D][pdx_gui_assetfactory.cpp:676]: [LoadAssetsGUI] Loading "gui/activity_window_widgets/chariot_race_widget_types.gui"
[16:47:21][D][pdx_gui_assetfactory.cpp:685]: [LoadAssetsGUI] Loading of "gui/activity_window_widgets/chariot_race_widget_types.gui" is complete
[16:47:21][D][pdx_gui_assetfactory.cpp:676]: [LoadAssetsGUI] Loading "gui/activity_window_widgets/coronation_special_type_progression.gui"
[16:47:21][D][pdx_gui_assetfactory.cpp:685]: [LoadAssetsGUI] Loading of "gui/activity_window_widgets/coronation_special_type_progression.gui" is complete
[16:47:21][D][pdx_gui_assetfactory.cpp:676]: [LoadAssetsGUI] Loading "gui/activity_window_widgets/coronation_supporter_detractor_widget.gui"
[16:47:21][D][pdx_gui_assetfactory.cpp:685]: [LoadAssetsGUI] Loading of "gui/activity_window_widgets/coronation_supporter_detractor_widget.gui" is complete
[16:47:21][D][pdx_gui_assetfactory.cpp:676]: [LoadAssetsGUI] Loading "gui/activity_window_widgets/coronation_widget_types.gui"
[16:47:21][D][pdx_gui_assetfactory.cpp:685]: [LoadAssetsGUI] Loading of "gui/activity_window_widgets/coronation_widget_types.gui" is complete
[16:47:21][D][pdx_gui_assetfactory.cpp:676]: [LoadAssetsGUI] Loading "gui/activity_window_widgets/debate_success_chance.gui"
[16:47:21][D][pdx_gui_assetfactory.cpp:685]: [LoadAssetsGUI] Loading of "gui/activity_window_widgets/debate_success_chance.gui" is complete
[16:47:21][D][pdx_gui_assetfactory.cpp:676]: [LoadAssetsGUI] Loading "gui/activity_window_widgets/funeral_deceased_portrait.gui"
[16:47:21][D][pdx_gui_assetfactory.cpp:685]: [LoadAssetsGUI] Loading of "gui/activity_window_widgets/funeral_deceased_portrait.gui" is complete
[16:47:21][D][pdx_gui_assetfactory.cpp:676]: [LoadAssetsGUI] Loading "gui/activity_window_widgets/funeral_deceased_selection_button.gui"
[16:47:21][D][pdx_gui_assetfactory.cpp:685]: [LoadAssetsGUI] Loading of "gui/activity_window_widgets/funeral_deceased_selection_button.gui" is complete
[16:47:21][D][pdx_gui_assetfactory.cpp:676]: [LoadAssetsGUI] Loading "gui/activity_window_widgets/funeral_deceased_selection_widget.gui"
[16:47:21][D][pdx_gui_assetfactory.cpp:685]: [LoadAssetsGUI] Loading of "gui/activity_window_widgets/funeral_deceased_selection_widget.gui" is complete
[16:47:21][D][pdx_gui_assetfactory.cpp:676]: [LoadAssetsGUI] Loading "gui/activity_window_widgets/hunt_success_chance.gui"
[16:47:21][D][pdx_gui_assetfactory.cpp:685]: [LoadAssetsGUI] Loading of "gui/activity_window_widgets/hunt_success_chance.gui" is complete
[16:47:21][D][pdx_gui_assetfactory.cpp:676]: [LoadAssetsGUI] Loading "gui/activity_window_widgets/imperial_examination_progress_widget.gui"
[16:47:21][D][pdx_gui_assetfactory.cpp:685]: [LoadAssetsGUI] Loading of "gui/activity_window_widgets/imperial_examination_progress_widget.gui" is complete
[16:47:21][D][pdx_gui_assetfactory.cpp:676]: [LoadAssetsGUI] Loading "gui/activity_window_widgets/imperial_examination_scoreboard_widget.gui"
[16:47:21][D][pdx_gui_assetfactory.cpp:685]: [LoadAssetsGUI] Loading of "gui/activity_window_widgets/imperial_examination_scoreboard_widget.gui" is complete
[16:47:21][D][pdx_gui_assetfactory.cpp:676]: [LoadAssetsGUI] Loading "gui/activity_window_widgets/imperial_examination_widget_types.gui"
[16:47:21][D][pdx_gui_assetfactory.cpp:685]: [LoadAssetsGUI] Loading of "gui/activity_window_widgets/imperial_examination_widget_types.gui" is complete
[16:47:21][D][pdx_gui_assetfactory.cpp:676]: [LoadAssetsGUI] Loading "gui/activity_window_widgets/inspection_success_chance.gui"
[16:47:21][D][pdx_gui_assetfactory.cpp:685]: [LoadAssetsGUI] Loading of "gui/activity_window_widgets/inspection_success_chance.gui" is complete
[16:47:21][D][pdx_gui_assetfactory.cpp:676]: [LoadAssetsGUI] Loading "gui/activity_window_widgets/nerge_special_type_progression.gui"
[16:47:21][D][pdx_gui_assetfactory.cpp:685]: [LoadAssetsGUI] Loading of "gui/activity_window_widgets/nerge_special_type_progression.gui" is complete
[16:47:21][D][pdx_gui_assetfactory.cpp:676]: [LoadAssetsGUI] Loading "gui/activity_window_widgets/tour_conclusion_stops.gui"
[16:47:21][D][pdx_gui_assetfactory.cpp:685]: [LoadAssetsGUI] Loading of "gui/activity_window_widgets/tour_conclusion_stops.gui" is complete
[16:47:21][D][pdx_gui_assetfactory.cpp:676]: [LoadAssetsGUI] Loading "gui/activity_window_widgets/tour_success_bar.gui"
[16:47:21][D][pdx_gui_assetfactory.cpp:685]: [LoadAssetsGUI] Loading of "gui/activity_window_widgets/tour_success_bar.gui" is complete
[16:47:21][D][pdx_gui_assetfactory.cpp:676]: [LoadAssetsGUI] Loading "gui/activity_window_widgets/tournament_active_phase_background.gui"
[16:47:21][D][pdx_gui_assetfactory.cpp:685]: [LoadAssetsGUI] Loading of "gui/activity_window_widgets/tournament_active_phase_background.gui" is complete
[16:47:21][D][pdx_gui_assetfactory.cpp:676]: [LoadAssetsGUI] Loading "gui/activity_window_widgets/tournament_active_phase_contest_info_button.gui"
[16:47:21][D][pdx_gui_assetfactory.cpp:685]: [LoadAssetsGUI] Loading of "gui/activity_window_widgets/tournament_active_phase_contest_info_button.gui" is complete
[16:47:21][D][pdx_gui_assetfactory.cpp:676]: [LoadAssetsGUI] Loading "gui/activity_window_widgets/tournament_bottom_middle_widget.gui"
[16:47:21][D][pdx_gui_assetfactory.cpp:685]: [LoadAssetsGUI] Loading of "gui/activity_window_widgets/tournament_bottom_middle_widget.gui" is complete
[16:47:21][D][pdx_gui_assetfactory.cpp:676]: [LoadAssetsGUI] Loading "gui/activity_window_widgets/tournament_contest_information.gui"
[16:47:21][D][pdx_gui_assetfactory.cpp:685]: [LoadAssetsGUI] Loading of "gui/activity_window_widgets/tournament_contest_information.gui" is complete
[16:47:21][D][pdx_gui_assetfactory.cpp:676]: [LoadAssetsGUI] Loading "gui/activity_window_widgets/tournament_contest_selection.gui"
[16:47:21][D][pdx_gui_assetfactory.cpp:685]: [LoadAssetsGUI] Loading of "gui/activity_window_widgets/tournament_contest_selection.gui" is complete
[16:47:21][D][pdx_gui_assetfactory.cpp:676]: [LoadAssetsGUI] Loading "gui/activity_window_widgets/tournament_contestant_leaderboard_widget.gui"
[16:47:21][D][pdx_gui_assetfactory.cpp:685]: [LoadAssetsGUI] Loading of "gui/activity_window_widgets/tournament_contestant_leaderboard_widget.gui" is complete
[16:47:21][D][pdx_gui_assetfactory.cpp:676]: [LoadAssetsGUI] Loading "gui/activity_window_widgets/tournament_fullscreen_pivotal_event_widget.gui"
[16:47:21][D][pdx_gui_assetfactory.cpp:685]: [LoadAssetsGUI] Loading of "gui/activity_window_widgets/tournament_fullscreen_pivotal_event_widget.gui" is complete
[16:47:21][D][pdx_gui_assetfactory.cpp:676]: [LoadAssetsGUI] Loading "gui/activity_window_widgets/tournament_my_aptitudes.gui"
[16:47:21][D][pdx_gui_assetfactory.cpp:685]: [LoadAssetsGUI] Loading of "gui/activity_window_widgets/tournament_my_aptitudes.gui" is complete
[16:47:21][D][pdx_gui_assetfactory.cpp:676]: [LoadAssetsGUI] Loading "gui/activity_window_widgets/tournament_my_attending_knights_view.gui"
[16:47:21][D][pdx_gui_assetfactory.cpp:685]: [LoadAssetsGUI] Loading of "gui/activity_window_widgets/tournament_my_attending_knights_view.gui" is complete
[16:47:21][D][pdx_gui_assetfactory.cpp:676]: [LoadAssetsGUI] Loading "gui/activity_window_widgets/tournament_my_status_icon.gui"
[16:47:21][D][pdx_gui_assetfactory.cpp:685]: [LoadAssetsGUI] Loading of "gui/activity_window_widgets/tournament_my_status_icon.gui" is complete
[16:47:21][D][pdx_gui_assetfactory.cpp:676]: [LoadAssetsGUI] Loading "gui/activity_window_widgets/tournament_planning_selected_contests.gui"
[16:47:21][D][pdx_gui_assetfactory.cpp:685]: [LoadAssetsGUI] Loading of "gui/activity_window_widgets/tournament_planning_selected_contests.gui" is complete
[16:47:21][D][pdx_gui_assetfactory.cpp:676]: [LoadAssetsGUI] Loading "gui/activity_window_widgets/tournament_progress_to_victory_widget.gui"
[16:47:21][D][pdx_gui_assetfactory.cpp:685]: [LoadAssetsGUI] Loading of "gui/activity_window_widgets/tournament_progress_to_victory_widget.gui" is complete
[16:47:21][D][pdx_gui_assetfactory.cpp:676]: [LoadAssetsGUI] Loading "gui/activity_window_widgets/tournament_toggle_my_knights_button.gui"
[16:47:21][D][pdx_gui_assetfactory.cpp:685]: [LoadAssetsGUI] Loading of "gui/activity_window_widgets/tournament_toggle_my_knights_button.gui" is complete
[16:47:21][D][pdx_gui_assetfactory.cpp:676]: [LoadAssetsGUI] Loading "gui/activity_window_widgets/tournament_widget_types.gui"
[16:47:21][D][pdx_gui_assetfactory.cpp:685]: [LoadAssetsGUI] Loading of "gui/activity_window_widgets/tournament_widget_types.gui" is complete
[16:47:21][D][pdx_gui_assetfactory.cpp:676]: [LoadAssetsGUI] Loading "gui/activity_window_widgets/trait_rewards.gui"
[16:47:21][D][pdx_gui_assetfactory.cpp:685]: [LoadAssetsGUI] Loading of "gui/activity_window_widgets/trait_rewards.gui" is complete
[16:47:21][D][pdx_gui_assetfactory.cpp:676]: [LoadAssetsGUI] Loading "gui/applicationutils/console.gui"
[16:47:21][D][pdx_gui_assetfactory.cpp:685]: [LoadAssetsGUI] Loading of "gui/applicationutils/console.gui" is complete
[16:47:21][D][pdx_gui_assetfactory.cpp:676]: [LoadAssetsGUI] Loading "gui/applicationutils/curve_editor.gui"
[16:47:21][D][pdx_gui_assetfactory.cpp:685]: [LoadAssetsGUI] Loading of "gui/applicationutils/curve_editor.gui" is complete
[16:47:21][D][pdx_gui_assetfactory.cpp:676]: [LoadAssetsGUI] Loading "gui/applicationutils/drawcmds_viewer.gui"
[16:47:21][D][pdx_gui_assetfactory.cpp:685]: [LoadAssetsGUI] Loading of "gui/applicationutils/drawcmds_viewer.gui" is complete
[16:47:21][D][pdx_gui_assetfactory.cpp:676]: [LoadAssetsGUI] Loading "gui/applicationutils/screenshot.gui"
[16:47:21][D][pdx_gui_assetfactory.cpp:685]: [LoadAssetsGUI] Loading of "gui/applicationutils/screenshot.gui" is complete
[16:47:21][D][pdx_gui_assetfactory.cpp:676]: [LoadAssetsGUI] Loading "gui/applicationutils/settings.gui"
[16:47:21][D][pdx_gui_assetfactory.cpp:685]: [LoadAssetsGUI] Loading of "gui/applicationutils/settings.gui" is complete
[16:47:21][D][pdx_gui_assetfactory.cpp:676]: [LoadAssetsGUI] Loading "gui/applicationutils/texture_importer.gui"
[16:47:21][D][pdx_gui_assetfactory.cpp:685]: [LoadAssetsGUI] Loading of "gui/applicationutils/texture_importer.gui" is complete
[16:47:21][D][pdx_gui_assetfactory.cpp:676]: [LoadAssetsGUI] Loading "gui/applicationutils/texture_list.gui"
[16:47:21][D][pdx_gui_assetfactory.cpp:685]: [LoadAssetsGUI] Loading of "gui/applicationutils/texture_list.gui" is complete
[16:47:21][D][pdx_gui_assetfactory.cpp:676]: [LoadAssetsGUI] Loading "gui/applicationutils/texture_viewer.gui"
[16:47:21][D][pdx_gui_assetfactory.cpp:685]: [LoadAssetsGUI] Loading of "gui/applicationutils/texture_viewer.gui" is complete
[16:47:21][D][pdx_gui_assetfactory.cpp:676]: [LoadAssetsGUI] Loading "gui/applicationutils/tools_gui_bundle_properties.gui"
[16:47:21][D][pdx_gui_assetfactory.cpp:685]: [LoadAssetsGUI] Loading of "gui/applicationutils/tools_gui_bundle_properties.gui" is complete
[16:47:21][D][pdx_gui_assetfactory.cpp:676]: [LoadAssetsGUI] Loading "gui/applicationutils/tools_gui_custom_properties.gui"
[16:47:21][D][pdx_gui_assetfactory.cpp:685]: [LoadAssetsGUI] Loading of "gui/applicationutils/tools_gui_custom_properties.gui" is complete
[16:47:21][D][pdx_gui_assetfactory.cpp:676]: [LoadAssetsGUI] Loading "gui/applicationutils/tools_gui_dialogs.gui"
[16:47:21][D][pdx_gui_assetfactory.cpp:685]: [LoadAssetsGUI] Loading of "gui/applicationutils/tools_gui_dialogs.gui" is complete
[16:47:21][D][pdx_gui_assetfactory.cpp:676]: [LoadAssetsGUI] Loading "gui/applicationutils/tools_gui_dialogs_properties.gui"
[16:47:21][D][pdx_gui_assetfactory.cpp:685]: [LoadAssetsGUI] Loading of "gui/applicationutils/tools_gui_dialogs_properties.gui" is complete
[16:47:21][D][pdx_gui_assetfactory.cpp:676]: [LoadAssetsGUI] Loading "gui/applicationutils/tools_gui_search.gui"
[16:47:21][D][pdx_gui_assetfactory.cpp:685]: [LoadAssetsGUI] Loading of "gui/applicationutils/tools_gui_search.gui" is complete
[16:47:21][D][pdx_gui_assetfactory.cpp:676]: [LoadAssetsGUI] Loading "gui/debug/ai_war_coordinator_watch_window.gui"
[16:47:21][D][pdx_gui_assetfactory.cpp:685]: [LoadAssetsGUI] Loading of "gui/debug/ai_war_coordinator_watch_window.gui" is complete
[16:47:21][D][pdx_gui_assetfactory.cpp:676]: [LoadAssetsGUI] Loading "gui/debug/animation_test_window.gui"
[16:47:21][D][pdx_gui_assetfactory.cpp:685]: [LoadAssetsGUI] Loading of "gui/debug/animation_test_window.gui" is complete
[16:47:21][D][pdx_gui_assetfactory.cpp:676]: [LoadAssetsGUI] Loading "gui/debug/debug_menus.gui"
[16:47:21][D][pdx_gui_assetfactory.cpp:685]: [LoadAssetsGUI] Loading of "gui/debug/debug_menus.gui" is complete
[16:47:21][D][pdx_gui_assetfactory.cpp:676]: [LoadAssetsGUI] Loading "gui/debug/debug_tutorial_window.gui"
[16:47:21][D][pdx_gui_assetfactory.cpp:685]: [LoadAssetsGUI] Loading of "gui/debug/debug_tutorial_window.gui" is complete
[16:47:21][D][pdx_gui_assetfactory.cpp:676]: [LoadAssetsGUI] Loading "gui/debug/placeholder_types_templates.gui"
[16:47:21][D][pdx_gui_assetfactory.cpp:685]: [LoadAssetsGUI] Loading of "gui/debug/placeholder_types_templates.gui" is complete
[16:47:21][D][pdx_gui_assetfactory.cpp:676]: [LoadAssetsGUI] Loading "gui/debug/session_recorder.gui"
[16:47:21][D][pdx_gui_assetfactory.cpp:685]: [LoadAssetsGUI] Loading of "gui/debug/session_recorder.gui" is complete
[16:47:21][D][pdx_gui_assetfactory.cpp:676]: [LoadAssetsGUI] Loading "gui/debug/test_gui.gui"
[16:47:21][D][pdx_gui_assetfactory.cpp:685]: [LoadAssetsGUI] Loading of "gui/debug/test_gui.gui" is complete
[16:47:21][D][pdx_gui_assetfactory.cpp:676]: [LoadAssetsGUI] Loading "gui/debug/window_component_library.gui"
[16:47:21][D][pdx_gui_assetfactory.cpp:685]: [LoadAssetsGUI] Loading of "gui/debug/window_component_library.gui" is complete
[16:47:21][D][pdx_gui_assetfactory.cpp:676]: [LoadAssetsGUI] Loading "gui/debug/window_watch.gui"
[16:47:21][D][pdx_gui_assetfactory.cpp:685]: [LoadAssetsGUI] Loading of "gui/debug/window_watch.gui" is complete
[16:47:21][D][pdx_gui_assetfactory.cpp:676]: [LoadAssetsGUI] Loading "gui/debug/window_watch_ai.gui"
[16:47:21][D][pdx_gui_assetfactory.cpp:685]: [LoadAssetsGUI] Loading of "gui/debug/window_watch_ai.gui" is complete
[16:47:21][D][pdx_gui_assetfactory.cpp:676]: [LoadAssetsGUI] Loading "gui/debug/window_watch_character_pool.gui"
[16:47:21][D][pdx_gui_assetfactory.cpp:685]: [LoadAssetsGUI] Loading of "gui/debug/window_watch_character_pool.gui" is complete
[16:47:21][D][pdx_gui_assetfactory.cpp:676]: [LoadAssetsGUI] Loading "gui/decision_view_widgets/decision_view_widget_activity_debug.gui"
[16:47:21][D][pdx_gui_assetfactory.cpp:685]: [LoadAssetsGUI] Loading of "gui/decision_view_widgets/decision_view_widget_activity_debug.gui" is complete
[16:47:21][D][pdx_gui_assetfactory.cpp:676]: [LoadAssetsGUI] Loading "gui/decision_view_widgets/decision_view_widget_commission_artifact.gui"
[16:47:21][D][pdx_gui_assetfactory.cpp:685]: [LoadAssetsGUI] Loading of "gui/decision_view_widgets/decision_view_widget_commission_artifact.gui" is complete
[16:47:21][D][pdx_gui_assetfactory.cpp:676]: [LoadAssetsGUI] Loading "gui/decision_view_widgets/decision_view_widget_convert_to_mandala.gui"
[16:47:21][D][pdx_gui_assetfactory.cpp:685]: [LoadAssetsGUI] Loading of "gui/decision_view_widgets/decision_view_widget_convert_to_mandala.gui" is complete
[16:47:21][D][pdx_gui_assetfactory.cpp:676]: [LoadAssetsGUI] Loading "gui/decision_view_widgets/decision_view_widget_create_holy_order.gui"
[16:47:21][D][pdx_gui_assetfactory.cpp:685]: [LoadAssetsGUI] Loading of "gui/decision_view_widgets/decision_view_widget_create_holy_order.gui" is complete
[16:47:21][D][pdx_gui_assetfactory.cpp:676]: [LoadAssetsGUI] Loading "gui/decision_view_widgets/decision_view_widget_decision_option_list_controller.gui"
[16:47:21][D][pdx_gui_assetfactory.cpp:685]: [LoadAssetsGUI] Loading of "gui/decision_view_widgets/decision_view_widget_decision_option_list_controller.gui" is complete
[16:47:21][D][pdx_gui_assetfactory.cpp:676]: [LoadAssetsGUI] Loading "gui/decision_view_widgets/decision_view_widget_fp3_foundation_ending.gui"
[16:47:21][D][pdx_gui_assetfactory.cpp:685]: [LoadAssetsGUI] Loading of "gui/decision_view_widgets/decision_view_widget_fp3_foundation_ending.gui" is complete
[16:47:21][D][pdx_gui_assetfactory.cpp:676]: [LoadAssetsGUI] Loading "gui/decision_view_widgets/decision_view_widget_generic_multichoice_with_effects.gui"
[16:47:21][D][pdx_gui_assetfactory.cpp:685]: [LoadAssetsGUI] Loading of "gui/decision_view_widgets/decision_view_widget_generic_multichoice_with_effects.gui" is complete
[16:47:21][D][pdx_gui_assetfactory.cpp:676]: [LoadAssetsGUI] Loading "gui/decision_view_widgets/decision_view_widget_option_list_generic.gui"
[16:47:21][D][pdx_gui_assetfactory.cpp:685]: [LoadAssetsGUI] Loading of "gui/decision_view_widgets/decision_view_widget_option_list_generic.gui" is complete
[16:47:21][D][pdx_gui_assetfactory.cpp:676]: [LoadAssetsGUI] Loading "gui/decision_view_widgets/decision_view_widget_pay_homage.gui"
[16:47:21][D][pdx_gui_assetfactory.cpp:685]: [LoadAssetsGUI] Loading of "gui/decision_view_widgets/decision_view_widget_pay_homage.gui" is complete
[16:47:21][D][pdx_gui_assetfactory.cpp:676]: [LoadAssetsGUI] Loading "gui/decision_view_widgets/decision_view_widget_pay_tribute.gui"
[16:47:21][D][pdx_gui_assetfactory.cpp:685]: [LoadAssetsGUI] Loading of "gui/decision_view_widgets/decision_view_widget_pay_tribute.gui" is complete
[16:47:21][D][pdx_gui_assetfactory.cpp:676]: [LoadAssetsGUI] Loading "gui/decision_view_widgets/decision_view_widget_petition_liege.gui"
[16:47:21][D][pdx_gui_assetfactory.cpp:685]: [LoadAssetsGUI] Loading of "gui/decision_view_widgets/decision_view_widget_petition_liege.gui" is complete
[16:47:21][D][pdx_gui_assetfactory.cpp:676]: [LoadAssetsGUI] Loading "gui/decision_view_widgets/decision_view_widget_unity_steer_house_direction.gui"
[16:47:21][D][pdx_gui_assetfactory.cpp:685]: [LoadAssetsGUI] Loading of "gui/decision_view_widgets/decision_view_widget_unity_steer_house_direction.gui" is complete
[16:47:21][D][pdx_gui_assetfactory.cpp:676]: [LoadAssetsGUI] Loading "gui/entity_editor/entity_editor.gui"
[16:47:21][D][pdx_gui_assetfactory.cpp:685]: [LoadAssetsGUI] Loading of "gui/entity_editor/entity_editor.gui" is complete
[16:47:21][D][pdx_gui_assetfactory.cpp:676]: [LoadAssetsGUI] Loading "gui/entity_editor/entity_editor_player.gui"
[16:47:21][D][pdx_gui_assetfactory.cpp:685]: [LoadAssetsGUI] Loading of "gui/entity_editor/entity_editor_player.gui" is complete
[16:47:21][D][pdx_gui_assetfactory.cpp:676]: [LoadAssetsGUI] Loading "gui/entity_editor/entity_editor_properties_tab.gui"
[16:47:21][D][pdx_gui_assetfactory.cpp:685]: [LoadAssetsGUI] Loading of "gui/entity_editor/entity_editor_properties_tab.gui" is complete
[16:47:21][D][pdx_gui_assetfactory.cpp:676]: [LoadAssetsGUI] Loading "gui/entity_editor/entity_event_editor.gui"
[16:47:21][D][pdx_gui_assetfactory.cpp:685]: [LoadAssetsGUI] Loading of "gui/entity_editor/entity_event_editor.gui" is complete
[16:47:21][D][pdx_gui_assetfactory.cpp:676]: [LoadAssetsGUI] Loading "gui/event_window_widgets/child_examination_success_chance.gui"
[16:47:21][D][pdx_gui_assetfactory.cpp:685]: [LoadAssetsGUI] Loading of "gui/event_window_widgets/child_examination_success_chance.gui" is complete
[16:47:21][D][pdx_gui_assetfactory.cpp:676]: [LoadAssetsGUI] Loading "gui/event_window_widgets/event_window_widget_activity_intent.gui"
[16:47:21][D][pdx_gui_assetfactory.cpp:685]: [LoadAssetsGUI] Loading of "gui/event_window_widgets/event_window_widget_activity_intent.gui" is complete
[16:47:21][D][pdx_gui_assetfactory.cpp:676]: [LoadAssetsGUI] Loading "gui/event_window_widgets/event_window_widget_enter_text.gui"
[16:47:21][D][pdx_gui_assetfactory.cpp:685]: [LoadAssetsGUI] Loading of "gui/event_window_widgets/event_window_widget_enter_text.gui" is complete
[16:47:21][D][pdx_gui_assetfactory.cpp:676]: [LoadAssetsGUI] Loading "gui/event_window_widgets/event_window_widget_event_chain_progress.gui"
[16:47:21][D][pdx_gui_assetfactory.cpp:685]: [LoadAssetsGUI] Loading of "gui/event_window_widgets/event_window_widget_event_chain_progress.gui" is complete
[16:47:21][D][pdx_gui_assetfactory.cpp:676]: [LoadAssetsGUI] Loading "gui/event_window_widgets/event_window_widget_harrying.gui"
[16:47:21][D][pdx_gui_assetfactory.cpp:685]: [LoadAssetsGUI] Loading of "gui/event_window_widgets/event_window_widget_harrying.gui" is complete
[16:47:21][D][pdx_gui_assetfactory.cpp:676]: [LoadAssetsGUI] Loading "gui/event_window_widgets/event_window_widget_name_child.gui"
[16:47:21][D][pdx_gui_assetfactory.cpp:685]: [LoadAssetsGUI] Loading of "gui/event_window_widgets/event_window_widget_name_child.gui" is complete
[16:47:21][D][pdx_gui_assetfactory.cpp:676]: [LoadAssetsGUI] Loading "gui/event_window_widgets/event_window_widget_peasant_leader.gui"
[16:47:21][D][pdx_gui_assetfactory.cpp:685]: [LoadAssetsGUI] Loading of "gui/event_window_widgets/event_window_widget_peasant_leader.gui" is complete
[16:47:21][D][pdx_gui_assetfactory.cpp:676]: [LoadAssetsGUI] Loading "gui/event_window_widgets/event_window_widget_scheme.gui"
[16:47:21][D][pdx_gui_assetfactory.cpp:685]: [LoadAssetsGUI] Loading of "gui/event_window_widgets/event_window_widget_scheme.gui" is complete
[16:47:21][D][pdx_gui_assetfactory.cpp:676]: [LoadAssetsGUI] Loading "gui/event_window_widgets/event_window_widget_scheme_preparations.gui"
[16:47:21][D][pdx_gui_assetfactory.cpp:685]: [LoadAssetsGUI] Loading of "gui/event_window_widgets/event_window_widget_scheme_preparations.gui" is complete
[16:47:21][D][pdx_gui_assetfactory.cpp:676]: [LoadAssetsGUI] Loading "gui/event_window_widgets/event_window_widget_situation_info.gui"
[16:47:21][D][pdx_gui_assetfactory.cpp:685]: [LoadAssetsGUI] Loading of "gui/event_window_widgets/event_window_widget_situation_info.gui" is complete
[16:47:21][D][pdx_gui_assetfactory.cpp:676]: [LoadAssetsGUI] Loading "gui/event_window_widgets/event_window_widget_situation_info_dynastic_cycle.gui"
[16:47:21][D][pdx_gui_assetfactory.cpp:685]: [LoadAssetsGUI] Loading of "gui/event_window_widgets/event_window_widget_situation_info_dynastic_cycle.gui" is complete
[16:47:21][D][pdx_gui_assetfactory.cpp:676]: [LoadAssetsGUI] Loading "gui/event_window_widgets/event_window_widget_situation_info_the_great_steppe.gui"
[16:47:21][D][pdx_gui_assetfactory.cpp:685]: [LoadAssetsGUI] Loading of "gui/event_window_widgets/event_window_widget_situation_info_the_great_steppe.gui" is complete
[16:47:21][D][pdx_gui_assetfactory.cpp:676]: [LoadAssetsGUI] Loading "gui/event_window_widgets/event_window_widget_stress.gui"
[16:47:21][D][pdx_gui_assetfactory.cpp:685]: [LoadAssetsGUI] Loading of "gui/event_window_widgets/event_window_widget_stress.gui" is complete
[16:47:21][D][pdx_gui_assetfactory.cpp:676]: [LoadAssetsGUI] Loading "gui/event_window_widgets/event_window_widget_struggle_info.gui"
[16:47:21][D][pdx_gui_assetfactory.cpp:685]: [LoadAssetsGUI] Loading of "gui/event_window_widgets/event_window_widget_struggle_info.gui" is complete
[16:47:21][D][pdx_gui_assetfactory.cpp:676]: [LoadAssetsGUI] Loading "gui/event_window_widgets/event_window_widget_vfx_conclusion_smoke.gui"
[16:47:21][D][pdx_gui_assetfactory.cpp:685]: [LoadAssetsGUI] Loading of "gui/event_window_widgets/event_window_widget_vfx_conclusion_smoke.gui" is complete
[16:47:21][D][pdx_gui_assetfactory.cpp:676]: [LoadAssetsGUI] Loading "gui/event_window_widgets/event_window_widget_vfx_earthquake.gui"
[16:47:21][D][pdx_gui_assetfactory.cpp:685]: [LoadAssetsGUI] Loading of "gui/event_window_widgets/event_window_widget_vfx_earthquake.gui" is complete
[16:47:21][D][pdx_gui_assetfactory.cpp:676]: [LoadAssetsGUI] Loading "gui/event_window_widgets/event_window_widget_vfx_fog.gui"
[16:47:21][D][pdx_gui_assetfactory.cpp:685]: [LoadAssetsGUI] Loading of "gui/event_window_widgets/event_window_widget_vfx_fog.gui" is complete
[16:47:21][D][pdx_gui_assetfactory.cpp:676]: [LoadAssetsGUI] Loading "gui/event_window_widgets/event_window_widget_vfx_godray.gui"
[16:47:21][D][pdx_gui_assetfactory.cpp:685]: [LoadAssetsGUI] Loading of "gui/event_window_widgets/event_window_widget_vfx_godray.gui" is complete
[16:47:21][D][pdx_gui_assetfactory.cpp:676]: [LoadAssetsGUI] Loading "gui/event_window_widgets/event_window_widget_vfx_heavy_smoke.gui"
[16:47:21][D][pdx_gui_assetfactory.cpp:685]: [LoadAssetsGUI] Loading of "gui/event_window_widgets/event_window_widget_vfx_heavy_smoke.gui" is complete
[16:47:21][D][pdx_gui_assetfactory.cpp:676]: [LoadAssetsGUI] Loading "gui/event_window_widgets/event_window_widget_vfx_lightning_storm.gui"
[16:47:21][D][pdx_gui_assetfactory.cpp:685]: [LoadAssetsGUI] Loading of "gui/event_window_widgets/event_window_widget_vfx_lightning_storm.gui" is complete
[16:47:21][D][pdx_gui_assetfactory.cpp:676]: [LoadAssetsGUI] Loading "gui/event_window_widgets/event_window_widget_vfx_rain_storm.gui"
[16:47:21][D][pdx_gui_assetfactory.cpp:685]: [LoadAssetsGUI] Loading of "gui/event_window_widgets/event_window_widget_vfx_rain_storm.gui" is complete
[16:47:21][D][pdx_gui_assetfactory.cpp:676]: [LoadAssetsGUI] Loading "gui/event_window_widgets/event_window_widget_vfx_rainy_fog.gui"
[16:47:21][D][pdx_gui_assetfactory.cpp:685]: [LoadAssetsGUI] Loading of "gui/event_window_widgets/event_window_widget_vfx_rainy_fog.gui" is complete
[16:47:21][D][pdx_gui_assetfactory.cpp:676]: [LoadAssetsGUI] Loading "gui/event_window_widgets/event_window_widget_vfx_sandstorm.gui"
[16:47:21][D][pdx_gui_assetfactory.cpp:685]: [LoadAssetsGUI] Loading of "gui/event_window_widgets/event_window_widget_vfx_sandstorm.gui" is complete
[16:47:21][D][pdx_gui_assetfactory.cpp:676]: [LoadAssetsGUI] Loading "gui/event_window_widgets/event_window_widget_vfx_snow.gui"
[16:47:21][D][pdx_gui_assetfactory.cpp:685]: [LoadAssetsGUI] Loading of "gui/event_window_widgets/event_window_widget_vfx_snow.gui" is complete
[16:47:21][D][pdx_gui_assetfactory.cpp:676]: [LoadAssetsGUI] Loading "gui/event_window_widgets/event_window_widget_vfx_snowstorm.gui"
[16:47:21][D][pdx_gui_assetfactory.cpp:685]: [LoadAssetsGUI] Loading of "gui/event_window_widgets/event_window_widget_vfx_snowstorm.gui" is complete
[16:47:21][D][pdx_gui_assetfactory.cpp:676]: [LoadAssetsGUI] Loading "gui/event_windows/anonymous_letter_event.gui"
[16:47:21][D][pdx_gui_assetfactory.cpp:685]: [LoadAssetsGUI] Loading of "gui/event_windows/anonymous_letter_event.gui" is complete
[16:47:21][D][pdx_gui_assetfactory.cpp:676]: [LoadAssetsGUI] Loading "gui/event_windows/big_event_window.gui"
[16:47:21][D][pdx_gui_assetfactory.cpp:685]: [LoadAssetsGUI] Loading of "gui/event_windows/big_event_window.gui" is complete
[16:47:21][D][pdx_gui_assetfactory.cpp:676]: [LoadAssetsGUI] Loading "gui/event_windows/character_event.gui"
[16:47:21][D][pdx_gui_assetfactory.cpp:685]: [LoadAssetsGUI] Loading of "gui/event_windows/character_event.gui" is complete
[16:47:21][D][pdx_gui_assetfactory.cpp:676]: [LoadAssetsGUI] Loading "gui/event_windows/duel_event.gui"
[16:47:21][D][pdx_gui_assetfactory.cpp:685]: [LoadAssetsGUI] Loading of "gui/event_windows/duel_event.gui" is complete
[16:47:21][D][pdx_gui_assetfactory.cpp:676]: [LoadAssetsGUI] Loading "gui/event_windows/fullscreen_event.gui"
[16:47:21][D][pdx_gui_assetfactory.cpp:685]: [LoadAssetsGUI] Loading of "gui/event_windows/fullscreen_event.gui" is complete
[16:47:21][D][pdx_gui_assetfactory.cpp:676]: [LoadAssetsGUI] Loading "gui/event_windows/letter_event.gui"
[16:47:21][D][pdx_gui_assetfactory.cpp:685]: [LoadAssetsGUI] Loading of "gui/event_windows/letter_event.gui" is complete
[16:47:21][D][pdx_gui_assetfactory.cpp:676]: [LoadAssetsGUI] Loading "gui/event_windows/scheme_conclusion_event_no_header.gui"
[16:47:21][D][pdx_gui_assetfactory.cpp:685]: [LoadAssetsGUI] Loading of "gui/event_windows/scheme_conclusion_event_no_header.gui" is complete
[16:47:21][D][pdx_gui_assetfactory.cpp:676]: [LoadAssetsGUI] Loading "gui/event_windows/scheme_failed_event.gui"
[16:47:21][D][pdx_gui_assetfactory.cpp:685]: [LoadAssetsGUI] Loading of "gui/event_windows/scheme_failed_event.gui" is complete
[16:47:21][D][pdx_gui_assetfactory.cpp:676]: [LoadAssetsGUI] Loading "gui/event_windows/scheme_preparations_event.gui"
[16:47:21][D][pdx_gui_assetfactory.cpp:685]: [LoadAssetsGUI] Loading of "gui/event_windows/scheme_preparations_event.gui" is complete
[16:47:21][D][pdx_gui_assetfactory.cpp:676]: [LoadAssetsGUI] Loading "gui/event_windows/scheme_successful_event.gui"
[16:47:21][D][pdx_gui_assetfactory.cpp:685]: [LoadAssetsGUI] Loading of "gui/event_windows/scheme_successful_event.gui" is complete
[16:47:21][D][pdx_gui_assetfactory.cpp:676]: [LoadAssetsGUI] Loading "gui/event_windows/visit_settlement_window.gui"
[16:47:21][D][pdx_gui_assetfactory.cpp:685]: [LoadAssetsGUI] Loading of "gui/event_windows/visit_settlement_window.gui" is complete
[16:47:21][D][pdx_gui_assetfactory.cpp:676]: [LoadAssetsGUI] Loading "gui/gui_animation_editor/gui_animation_curve_editor_dockable.gui"
[16:47:21][D][pdx_gui_assetfactory.cpp:685]: [LoadAssetsGUI] Loading of "gui/gui_animation_editor/gui_animation_curve_editor_dockable.gui" is complete
[16:47:21][D][pdx_gui_assetfactory.cpp:676]: [LoadAssetsGUI] Loading "gui/gui_animation_editor/gui_animation_editor_dockable.gui"
[16:47:21][D][pdx_gui_assetfactory.cpp:685]: [LoadAssetsGUI] Loading of "gui/gui_animation_editor/gui_animation_editor_dockable.gui" is complete
[16:47:21][D][pdx_gui_assetfactory.cpp:676]: [LoadAssetsGUI] Loading "gui/gui_animation_editor/gui_animation_editor_properties.gui"
[16:47:21][D][pdx_gui_assetfactory.cpp:685]: [LoadAssetsGUI] Loading of "gui/gui_animation_editor/gui_animation_editor_properties.gui" is complete
[16:47:21][D][pdx_gui_assetfactory.cpp:676]: [LoadAssetsGUI] Loading "gui/gui_editor/gui_editor.gui"
[16:47:21][D][pdx_gui_assetfactory.cpp:685]: [LoadAssetsGUI] Loading of "gui/gui_editor/gui_editor.gui" is complete
[16:47:21][D][pdx_gui_assetfactory.cpp:676]: [LoadAssetsGUI] Loading "gui/gui_editor/gui_editor_datatypes.gui"
[16:47:21][D][pdx_gui_assetfactory.cpp:685]: [LoadAssetsGUI] Loading of "gui/gui_editor/gui_editor_datatypes.gui" is complete
[16:47:21][D][pdx_gui_assetfactory.cpp:676]: [LoadAssetsGUI] Loading "gui/gui_editor/gui_editor_outliner.gui"
[16:47:21][D][pdx_gui_assetfactory.cpp:685]: [LoadAssetsGUI] Loading of "gui/gui_editor/gui_editor_outliner.gui" is complete
[16:47:21][D][pdx_gui_assetfactory.cpp:676]: [LoadAssetsGUI] Loading "gui/gui_editor/gui_editor_properties.gui"
[16:47:21][D][pdx_gui_assetfactory.cpp:685]: [LoadAssetsGUI] Loading of "gui/gui_editor/gui_editor_properties.gui" is complete
[16:47:21][D][pdx_gui_assetfactory.cpp:676]: [LoadAssetsGUI] Loading "gui/gui_editor/gui_editor_toolbar.gui"
[16:47:21][D][pdx_gui_assetfactory.cpp:685]: [LoadAssetsGUI] Loading of "gui/gui_editor/gui_editor_toolbar.gui" is complete
[16:47:21][D][pdx_gui_assetfactory.cpp:676]: [LoadAssetsGUI] Loading "gui/jomini/basetextformatting.gui"
[16:47:21][D][pdx_gui_assetfactory.cpp:685]: [LoadAssetsGUI] Loading of "gui/jomini/basetextformatting.gui" is complete
[16:47:21][D][pdx_gui_assetfactory.cpp:676]: [LoadAssetsGUI] Loading "gui/jomini/core.gui"
[16:47:21][D][pdx_gui_assetfactory.cpp:685]: [LoadAssetsGUI] Loading of "gui/jomini/core.gui" is complete
[16:47:21][D][pdx_gui_assetfactory.cpp:676]: [LoadAssetsGUI] Loading "gui/jomini/credits/credits_base.gui"
[16:47:21][D][pdx_gui_assetfactory.cpp:685]: [LoadAssetsGUI] Loading of "gui/jomini/credits/credits_base.gui" is complete
[16:47:21][D][pdx_gui_assetfactory.cpp:676]: [LoadAssetsGUI] Loading "gui/jomini/encyclopedia/jomini_encyclopedia.gui"
[16:47:21][D][pdx_gui_assetfactory.cpp:685]: [LoadAssetsGUI] Loading of "gui/jomini/encyclopedia/jomini_encyclopedia.gui" is complete
[16:47:21][D][pdx_gui_assetfactory.cpp:676]: [LoadAssetsGUI] Loading "gui/jomini/music_player/music_player_mini_controller.gui"
[16:47:21][D][pdx_gui_assetfactory.cpp:685]: [LoadAssetsGUI] Loading of "gui/jomini/music_player/music_player_mini_controller.gui" is complete
[16:47:21][D][pdx_gui_assetfactory.cpp:676]: [LoadAssetsGUI] Loading "gui/jomini/music_player/music_player_view.gui"
[16:47:21][D][pdx_gui_assetfactory.cpp:685]: [LoadAssetsGUI] Loading of "gui/jomini/music_player/music_player_view.gui" is complete
[16:47:21][D][pdx_gui_assetfactory.cpp:676]: [LoadAssetsGUI] Loading "gui/log_viewer/log_viewer.gui"
[16:47:21][D][pdx_gui_assetfactory.cpp:685]: [LoadAssetsGUI] Loading of "gui/log_viewer/log_viewer.gui" is complete
[16:47:21][D][pdx_gui_assetfactory.cpp:676]: [LoadAssetsGUI] Loading "gui/map_editor/brush_settings_widget.gui"
[16:47:21][D][pdx_gui_assetfactory.cpp:685]: [LoadAssetsGUI] Loading of "gui/map_editor/brush_settings_widget.gui" is complete
[16:47:21][D][pdx_gui_assetfactory.cpp:676]: [LoadAssetsGUI] Loading "gui/map_editor/custom_brushes.gui"
[16:47:21][D][pdx_gui_assetfactory.cpp:685]: [LoadAssetsGUI] Loading of "gui/map_editor/custom_brushes.gui" is complete
[16:47:21][D][pdx_gui_assetfactory.cpp:676]: [LoadAssetsGUI] Loading "gui/map_editor/detail_data_dockable.gui"
[16:47:21][D][pdx_gui_assetfactory.cpp:685]: [LoadAssetsGUI] Loading of "gui/map_editor/detail_data_dockable.gui" is complete
[16:47:21][D][pdx_gui_assetfactory.cpp:676]: [LoadAssetsGUI] Loading "gui/map_editor/dockable_map_mode_selector.gui"
[16:47:21][D][pdx_gui_assetfactory.cpp:685]: [LoadAssetsGUI] Loading of "gui/map_editor/dockable_map_mode_selector.gui" is complete
[16:47:21][D][pdx_gui_assetfactory.cpp:676]: [LoadAssetsGUI] Loading "gui/map_editor/export_tool.gui"
[16:47:21][D][pdx_gui_assetfactory.cpp:685]: [LoadAssetsGUI] Loading of "gui/map_editor/export_tool.gui" is complete
[16:47:21][D][pdx_gui_assetfactory.cpp:676]: [LoadAssetsGUI] Loading "gui/map_editor/eyedropper.gui"
[16:47:21][D][pdx_gui_assetfactory.cpp:685]: [LoadAssetsGUI] Loading of "gui/map_editor/eyedropper.gui" is complete
[16:47:21][D][pdx_gui_assetfactory.cpp:676]: [LoadAssetsGUI] Loading "gui/map_editor/heightmap_painter.gui"
[16:47:21][D][pdx_gui_assetfactory.cpp:685]: [LoadAssetsGUI] Loading of "gui/map_editor/heightmap_painter.gui" is complete
[16:47:21][D][pdx_gui_assetfactory.cpp:676]: [LoadAssetsGUI] Loading "gui/map_editor/heightmap_resolution.gui"
[16:47:21][D][pdx_gui_assetfactory.cpp:685]: [LoadAssetsGUI] Loading of "gui/map_editor/heightmap_resolution.gui" is complete
[16:47:21][D][pdx_gui_assetfactory.cpp:676]: [LoadAssetsGUI] Loading "gui/map_editor/import_tool.gui"
[16:47:21][D][pdx_gui_assetfactory.cpp:685]: [LoadAssetsGUI] Loading of "gui/map_editor/import_tool.gui" is complete
[16:47:21][D][pdx_gui_assetfactory.cpp:676]: [LoadAssetsGUI] Loading "gui/map_editor/map_content.gui"
[16:47:21][D][pdx_gui_assetfactory.cpp:685]: [LoadAssetsGUI] Loading of "gui/map_editor/map_content.gui" is complete
[16:47:21][D][pdx_gui_assetfactory.cpp:676]: [LoadAssetsGUI] Loading "gui/map_editor/map_editor_defaults.gui"
[16:47:21][D][pdx_gui_assetfactory.cpp:685]: [LoadAssetsGUI] Loading of "gui/map_editor/map_editor_defaults.gui" is complete
[16:47:21][D][pdx_gui_assetfactory.cpp:676]: [LoadAssetsGUI] Loading "gui/map_editor/map_object_painter.gui"
[16:47:21][D][pdx_gui_assetfactory.cpp:685]: [LoadAssetsGUI] Loading of "gui/map_editor/map_object_painter.gui" is complete
[16:47:21][D][pdx_gui_assetfactory.cpp:676]: [LoadAssetsGUI] Loading "gui/map_editor/mapcontent_editor.gui"
[16:47:21][D][pdx_gui_assetfactory.cpp:685]: [LoadAssetsGUI] Loading of "gui/map_editor/mapcontent_editor.gui" is complete
[16:47:21][D][pdx_gui_assetfactory.cpp:676]: [LoadAssetsGUI] Loading "gui/map_editor/mapeditor.gui"
[16:47:21][D][pdx_gui_assetfactory.cpp:685]: [LoadAssetsGUI] Loading of "gui/map_editor/mapeditor.gui" is complete
[16:47:21][D][pdx_gui_assetfactory.cpp:676]: [LoadAssetsGUI] Loading "gui/map_editor/mapobjects.gui"
[16:47:21][D][pdx_gui_assetfactory.cpp:685]: [LoadAssetsGUI] Loading of "gui/map_editor/mapobjects.gui" is complete
[16:47:21][D][pdx_gui_assetfactory.cpp:676]: [LoadAssetsGUI] Loading "gui/map_editor/mapobjects_mapcontent.gui"
[16:47:21][D][pdx_gui_assetfactory.cpp:685]: [LoadAssetsGUI] Loading of "gui/map_editor/mapobjects_mapcontent.gui" is complete
[16:47:21][D][pdx_gui_assetfactory.cpp:676]: [LoadAssetsGUI] Loading "gui/map_editor/mask_painter.gui"
[16:47:21][D][pdx_gui_assetfactory.cpp:685]: [LoadAssetsGUI] Loading of "gui/map_editor/mask_painter.gui" is complete
[16:47:21][D][pdx_gui_assetfactory.cpp:676]: [LoadAssetsGUI] Loading "gui/map_editor/mask_painter_map_content.gui"
[16:47:21][D][pdx_gui_assetfactory.cpp:685]: [LoadAssetsGUI] Loading of "gui/map_editor/mask_painter_map_content.gui" is complete
[16:47:21][D][pdx_gui_assetfactory.cpp:676]: [LoadAssetsGUI] Loading "gui/map_editor/material_browser.gui"
[16:47:21][D][pdx_gui_assetfactory.cpp:685]: [LoadAssetsGUI] Loading of "gui/map_editor/material_browser.gui" is complete
[16:47:21][D][pdx_gui_assetfactory.cpp:676]: [LoadAssetsGUI] Loading "gui/map_editor/material_brush.gui"
[16:47:21][D][pdx_gui_assetfactory.cpp:685]: [LoadAssetsGUI] Loading of "gui/map_editor/material_brush.gui" is complete
[16:47:21][D][pdx_gui_assetfactory.cpp:676]: [LoadAssetsGUI] Loading "gui/map_editor/materials_list.gui"
[16:47:21][D][pdx_gui_assetfactory.cpp:685]: [LoadAssetsGUI] Loading of "gui/map_editor/materials_list.gui" is complete
[16:47:21][D][pdx_gui_assetfactory.cpp:676]: [LoadAssetsGUI] Loading "gui/map_editor/materialsetter.gui"
[16:47:21][D][pdx_gui_assetfactory.cpp:685]: [LoadAssetsGUI] Loading of "gui/map_editor/materialsetter.gui" is complete
[16:47:21][D][pdx_gui_assetfactory.cpp:676]: [LoadAssetsGUI] Loading "gui/map_editor/preview_mask.gui"
[16:47:21][D][pdx_gui_assetfactory.cpp:685]: [LoadAssetsGUI] Loading of "gui/map_editor/preview_mask.gui" is complete
[16:47:21][D][pdx_gui_assetfactory.cpp:676]: [LoadAssetsGUI] Loading "gui/map_editor/smart_brush.gui"
[16:47:21][D][pdx_gui_assetfactory.cpp:685]: [LoadAssetsGUI] Loading of "gui/map_editor/smart_brush.gui" is complete
[16:47:21][D][pdx_gui_assetfactory.cpp:676]: [LoadAssetsGUI] Loading "gui/map_editor/spline_adjustment_tool.gui"
[16:47:21][D][pdx_gui_assetfactory.cpp:685]: [LoadAssetsGUI] Loading of "gui/map_editor/spline_adjustment_tool.gui" is complete
[16:47:21][D][pdx_gui_assetfactory.cpp:676]: [LoadAssetsGUI] Loading "gui/map_editor/spline_inspector_dockable.gui"
[16:47:21][D][pdx_gui_assetfactory.cpp:685]: [LoadAssetsGUI] Loading of "gui/map_editor/spline_inspector_dockable.gui" is complete
[16:47:21][D][pdx_gui_assetfactory.cpp:676]: [LoadAssetsGUI] Loading "gui/map_editor/spline_river_tool.gui"
[16:47:21][D][pdx_gui_assetfactory.cpp:685]: [LoadAssetsGUI] Loading of "gui/map_editor/spline_river_tool.gui" is complete
[16:47:21][D][pdx_gui_assetfactory.cpp:676]: [LoadAssetsGUI] Loading "gui/map_editor/spline_strip_tool.gui"
[16:47:21][D][pdx_gui_assetfactory.cpp:685]: [LoadAssetsGUI] Loading of "gui/map_editor/spline_strip_tool.gui" is complete
[16:47:21][D][pdx_gui_assetfactory.cpp:676]: [LoadAssetsGUI] Loading "gui/map_editor/spline_tools_map_content.gui"
[16:47:21][D][pdx_gui_assetfactory.cpp:685]: [LoadAssetsGUI] Loading of "gui/map_editor/spline_tools_map_content.gui" is complete
[16:47:21][D][pdx_gui_assetfactory.cpp:676]: [LoadAssetsGUI] Loading "gui/map_editor/spline_viewport.gui"
[16:47:21][D][pdx_gui_assetfactory.cpp:685]: [LoadAssetsGUI] Loading of "gui/map_editor/spline_viewport.gui" is complete
[16:47:21][D][pdx_gui_assetfactory.cpp:676]: [LoadAssetsGUI] Loading "gui/map_editor/spline_visibility_widget.gui"
[16:47:21][D][pdx_gui_assetfactory.cpp:685]: [LoadAssetsGUI] Loading of "gui/map_editor/spline_visibility_widget.gui" is complete
[16:47:21][D][pdx_gui_assetfactory.cpp:676]: [LoadAssetsGUI] Loading "gui/node_editor/graph_panel.gui"
[16:47:21][D][pdx_gui_assetfactory.cpp:685]: [LoadAssetsGUI] Loading of "gui/node_editor/graph_panel.gui" is complete
[16:47:21][D][pdx_gui_assetfactory.cpp:676]: [LoadAssetsGUI] Loading "gui/node_editor/infobox_node_window.gui"
[16:47:21][D][pdx_gui_assetfactory.cpp:685]: [LoadAssetsGUI] Loading of "gui/node_editor/infobox_node_window.gui" is complete
[16:47:21][D][pdx_gui_assetfactory.cpp:676]: [LoadAssetsGUI] Loading "gui/node_editor/node_editor.gui"
[16:47:21][D][pdx_gui_assetfactory.cpp:685]: [LoadAssetsGUI] Loading of "gui/node_editor/node_editor.gui" is complete
[16:47:21][D][pdx_gui_assetfactory.cpp:676]: [LoadAssetsGUI] Loading "gui/node_editor/search_list_window.gui"
[16:47:21][D][pdx_gui_assetfactory.cpp:685]: [LoadAssetsGUI] Loading of "gui/node_editor/search_list_window.gui" is complete
[16:47:21][D][pdx_gui_assetfactory.cpp:676]: [LoadAssetsGUI] Loading "gui/node_editor/viewport.gui"
[16:47:21][D][pdx_gui_assetfactory.cpp:685]: [LoadAssetsGUI] Loading of "gui/node_editor/viewport.gui" is complete
[16:47:21][D][pdx_gui_assetfactory.cpp:676]: [LoadAssetsGUI] Loading "gui/notifications/jomini_message.gui"
[16:47:21][D][pdx_gui_assetfactory.cpp:685]: [LoadAssetsGUI] Loading of "gui/notifications/jomini_message.gui" is complete
[16:47:21][D][pdx_gui_assetfactory.cpp:676]: [LoadAssetsGUI] Loading "gui/notifications/notification_overlay.gui"
[16:47:21][D][pdx_gui_assetfactory.cpp:685]: [LoadAssetsGUI] Loading of "gui/notifications/notification_overlay.gui" is complete
[16:47:21][D][pdx_gui_assetfactory.cpp:676]: [LoadAssetsGUI] Loading "gui/object_explorer/common.gui"
[16:47:21][D][pdx_gui_assetfactory.cpp:685]: [LoadAssetsGUI] Loading of "gui/object_explorer/common.gui" is complete
[16:47:21][D][pdx_gui_assetfactory.cpp:676]: [LoadAssetsGUI] Loading "gui/object_explorer/common_inspector.gui"
[16:47:21][D][pdx_gui_assetfactory.cpp:685]: [LoadAssetsGUI] Loading of "gui/object_explorer/common_inspector.gui" is complete
[16:47:21][D][pdx_gui_assetfactory.cpp:676]: [LoadAssetsGUI] Loading "gui/object_explorer/object_browser.gui"
[16:47:21][D][pdx_gui_assetfactory.cpp:685]: [LoadAssetsGUI] Loading of "gui/object_explorer/object_browser.gui" is complete
[16:47:21][D][pdx_gui_assetfactory.cpp:676]: [LoadAssetsGUI] Loading "gui/object_explorer/object_inspector.gui"
[16:47:21][D][pdx_gui_assetfactory.cpp:685]: [LoadAssetsGUI] Loading of "gui/object_explorer/object_inspector.gui" is complete
[16:47:21][D][pdx_gui_assetfactory.cpp:676]: [LoadAssetsGUI] Loading "gui/object_explorer/scope_debug_inspector.gui"
[16:47:21][D][pdx_gui_assetfactory.cpp:685]: [LoadAssetsGUI] Loading of "gui/object_explorer/scope_debug_inspector.gui" is complete
[16:47:21][D][pdx_gui_assetfactory.cpp:676]: [LoadAssetsGUI] Loading "gui/object_explorer/scope_object_provider.gui"
[16:47:21][D][pdx_gui_assetfactory.cpp:685]: [LoadAssetsGUI] Loading of "gui/object_explorer/scope_object_provider.gui" is complete
[16:47:21][D][pdx_gui_assetfactory.cpp:676]: [LoadAssetsGUI] Loading "gui/object_explorer/script_runner_inspector.gui"
[16:47:21][D][pdx_gui_assetfactory.cpp:685]: [LoadAssetsGUI] Loading of "gui/object_explorer/script_runner_inspector.gui" is complete
[16:47:21][D][pdx_gui_assetfactory.cpp:676]: [LoadAssetsGUI] Loading "gui/object_explorer/variable_inspector.gui"
[16:47:21][D][pdx_gui_assetfactory.cpp:685]: [LoadAssetsGUI] Loading of "gui/object_explorer/variable_inspector.gui" is complete
[16:47:21][D][pdx_gui_assetfactory.cpp:676]: [LoadAssetsGUI] Loading "gui/object_explorer/variable_list_inspector.gui"
[16:47:21][D][pdx_gui_assetfactory.cpp:685]: [LoadAssetsGUI] Loading of "gui/object_explorer/variable_list_inspector.gui" is complete
[16:47:21][D][pdx_gui_assetfactory.cpp:676]: [LoadAssetsGUI] Loading "gui/particle_editor/particle_editor_userdata_dialog.gui"
[16:47:21][D][pdx_gui_assetfactory.cpp:685]: [LoadAssetsGUI] Loading of "gui/particle_editor/particle_editor_userdata_dialog.gui" is complete
[16:47:21][D][pdx_gui_assetfactory.cpp:676]: [LoadAssetsGUI] Loading "gui/particle_editor/particle_nodes.gui"
[16:47:21][D][pdx_gui_assetfactory.cpp:685]: [LoadAssetsGUI] Loading of "gui/particle_editor/particle_nodes.gui" is complete
[16:47:21][D][pdx_gui_assetfactory.cpp:676]: [LoadAssetsGUI] Loading "gui/pdx_account/base_types.gui"
[16:47:21][D][pdx_gui_assetfactory.cpp:685]: [LoadAssetsGUI] Loading of "gui/pdx_account/base_types.gui" is complete
[16:47:21][D][pdx_gui_assetfactory.cpp:676]: [LoadAssetsGUI] Loading "gui/pdx_account/create_account_window.gui"
[16:47:21][D][pdx_gui_assetfactory.cpp:685]: [LoadAssetsGUI] Loading of "gui/pdx_account/create_account_window.gui" is complete
[16:47:21][D][pdx_gui_assetfactory.cpp:676]: [LoadAssetsGUI] Loading "gui/pdx_account/create_account_window_instanced.gui"
[16:47:21][D][pdx_gui_assetfactory.cpp:685]: [LoadAssetsGUI] Loading of "gui/pdx_account/create_account_window_instanced.gui" is complete
[16:47:21][D][pdx_gui_assetfactory.cpp:676]: [LoadAssetsGUI] Loading "gui/pdx_account/create_social_profile_window.gui"
[16:47:21][D][pdx_gui_assetfactory.cpp:685]: [LoadAssetsGUI] Loading of "gui/pdx_account/create_social_profile_window.gui" is complete
[16:47:21][D][pdx_gui_assetfactory.cpp:676]: [LoadAssetsGUI] Loading "gui/pdx_account/create_social_profile_window_base.gui"
[16:47:21][D][pdx_gui_assetfactory.cpp:685]: [LoadAssetsGUI] Loading of "gui/pdx_account/create_social_profile_window_base.gui" is complete
[16:47:21][D][pdx_gui_assetfactory.cpp:676]: [LoadAssetsGUI] Loading "gui/pdx_account/legal_docs_viewer.gui"
[16:47:21][D][pdx_gui_assetfactory.cpp:685]: [LoadAssetsGUI] Loading of "gui/pdx_account/legal_docs_viewer.gui" is complete
[16:47:21][D][pdx_gui_assetfactory.cpp:676]: [LoadAssetsGUI] Loading "gui/pdx_account/legal_docs_viewer_instanced.gui"
[16:47:21][D][pdx_gui_assetfactory.cpp:685]: [LoadAssetsGUI] Loading of "gui/pdx_account/legal_docs_viewer_instanced.gui" is complete
[16:47:21][D][pdx_gui_assetfactory.cpp:676]: [LoadAssetsGUI] Loading "gui/pdx_account/login_window.gui"
[16:47:21][D][pdx_gui_assetfactory.cpp:685]: [LoadAssetsGUI] Loading of "gui/pdx_account/login_window.gui" is complete
[16:47:21][D][pdx_gui_assetfactory.cpp:676]: [LoadAssetsGUI] Loading "gui/pdx_account/login_window_instanced.gui"
[16:47:21][D][pdx_gui_assetfactory.cpp:685]: [LoadAssetsGUI] Loading of "gui/pdx_account/login_window_instanced.gui" is complete
[16:47:21][D][pdx_gui_assetfactory.cpp:676]: [LoadAssetsGUI] Loading "gui/pdx_account/status_widget.gui"
[16:47:21][D][pdx_gui_assetfactory.cpp:685]: [LoadAssetsGUI] Loading of "gui/pdx_account/status_widget.gui" is complete
[16:47:21][D][pdx_gui_assetfactory.cpp:676]: [LoadAssetsGUI] Loading "gui/preload/defaults.gui"
[16:47:21][D][pdx_gui_assetfactory.cpp:685]: [LoadAssetsGUI] Loading of "gui/preload/defaults.gui" is complete
[16:47:21][D][pdx_gui_assetfactory.cpp:676]: [LoadAssetsGUI] Loading "gui/preload/fonts.gui"
[16:47:21][D][pdx_gui_assetfactory.cpp:685]: [LoadAssetsGUI] Loading of "gui/preload/fonts.gui" is complete
[16:47:21][D][pdx_gui_assetfactory.cpp:676]: [LoadAssetsGUI] Loading "gui/preload/frontend_loadingscreen.gui"
[16:47:21][D][pdx_gui_assetfactory.cpp:685]: [LoadAssetsGUI] Loading of "gui/preload/frontend_loadingscreen.gui" is complete
[16:47:21][D][pdx_gui_assetfactory.cpp:676]: [LoadAssetsGUI] Loading "gui/preload/labels.gui"
[16:47:21][D][pdx_gui_assetfactory.cpp:685]: [LoadAssetsGUI] Loading of "gui/preload/labels.gui" is complete
[16:47:21][D][pdx_gui_assetfactory.cpp:676]: [LoadAssetsGUI] Loading "gui/preload/textformatting.gui"
[16:47:21][D][pdx_gui_assetfactory.cpp:685]: [LoadAssetsGUI] Loading of "gui/preload/textformatting.gui" is complete
[16:47:21][D][pdx_gui_assetfactory.cpp:676]: [LoadAssetsGUI] Loading "gui/preload/tooltip.gui"
[16:47:21][D][pdx_gui_assetfactory.cpp:685]: [LoadAssetsGUI] Loading of "gui/preload/tooltip.gui" is complete
[16:47:21][D][pdx_gui_assetfactory.cpp:676]: [LoadAssetsGUI] Loading "gui/script_profiler/script_profiler.gui"
[16:47:21][D][pdx_gui_assetfactory.cpp:685]: [LoadAssetsGUI] Loading of "gui/script_profiler/script_profiler.gui" is complete
[16:47:21][D][pdx_gui_assetfactory.cpp:676]: [LoadAssetsGUI] Loading "gui/settings/setting_types.gui"
[16:47:21][D][pdx_gui_assetfactory.cpp:685]: [LoadAssetsGUI] Loading of "gui/settings/setting_types.gui" is complete
[16:47:21][D][pdx_gui_assetfactory.cpp:676]: [LoadAssetsGUI] Loading "gui/settings/settings.gui"
[16:47:21][D][pdx_gui_assetfactory.cpp:685]: [LoadAssetsGUI] Loading of "gui/settings/settings.gui" is complete
[16:47:21][D][pdx_gui_assetfactory.cpp:676]: [LoadAssetsGUI] Loading "gui/shared/animation.gui"
[16:47:21][D][pdx_gui_assetfactory.cpp:685]: [LoadAssetsGUI] Loading of "gui/shared/animation.gui" is complete
[16:47:21][D][pdx_gui_assetfactory.cpp:676]: [LoadAssetsGUI] Loading "gui/shared/backgrounds.gui"
[16:47:21][D][pdx_gui_assetfactory.cpp:685]: [LoadAssetsGUI] Loading of "gui/shared/backgrounds.gui" is complete
[16:47:21][D][pdx_gui_assetfactory.cpp:676]: [LoadAssetsGUI] Loading "gui/shared/buttons.gui"
[16:47:21][D][pdx_gui_assetfactory.cpp:685]: [LoadAssetsGUI] Loading of "gui/shared/buttons.gui" is complete
[16:47:21][D][pdx_gui_assetfactory.cpp:676]: [LoadAssetsGUI] Loading "gui/shared/buttons_icons.gui"
[16:47:21][D][pdx_gui_assetfactory.cpp:685]: [LoadAssetsGUI] Loading of "gui/shared/buttons_icons.gui" is complete
[16:47:21][D][pdx_gui_assetfactory.cpp:676]: [LoadAssetsGUI] Loading "gui/shared/cards.gui"
[16:47:21][D][pdx_gui_assetfactory.cpp:685]: [LoadAssetsGUI] Loading of "gui/shared/cards.gui" is complete
[16:47:21][D][pdx_gui_assetfactory.cpp:676]: [LoadAssetsGUI] Loading "gui/shared/coa_designer.gui"
[16:47:21][D][pdx_gui_assetfactory.cpp:685]: [LoadAssetsGUI] Loading of "gui/shared/coa_designer.gui" is complete
[16:47:21][D][pdx_gui_assetfactory.cpp:676]: [LoadAssetsGUI] Loading "gui/shared/coat_of_arms.gui"
[16:47:21][D][pdx_gui_assetfactory.cpp:685]: [LoadAssetsGUI] Loading of "gui/shared/coat_of_arms.gui" is complete
[16:47:21][D][pdx_gui_assetfactory.cpp:676]: [LoadAssetsGUI] Loading "gui/shared/color_picker.gui"
[16:47:21][D][pdx_gui_assetfactory.cpp:685]: [LoadAssetsGUI] Loading of "gui/shared/color_picker.gui" is complete
[16:47:21][D][pdx_gui_assetfactory.cpp:676]: [LoadAssetsGUI] Loading "gui/shared/colors.gui"
[16:47:21][D][pdx_gui_assetfactory.cpp:685]: [LoadAssetsGUI] Loading of "gui/shared/colors.gui" is complete
[16:47:21][D][pdx_gui_assetfactory.cpp:676]: [LoadAssetsGUI] Loading "gui/shared/cooltip.gui"
[16:47:21][D][pdx_gui_assetfactory.cpp:685]: [LoadAssetsGUI] Loading of "gui/shared/cooltip.gui" is complete
[16:47:21][D][pdx_gui_assetfactory.cpp:676]: [LoadAssetsGUI] Loading "gui/shared/court_positions.gui"
[16:47:21][D][pdx_gui_assetfactory.cpp:685]: [LoadAssetsGUI] Loading of "gui/shared/court_positions.gui" is complete
[16:47:21][D][pdx_gui_assetfactory.cpp:676]: [LoadAssetsGUI] Loading "gui/shared/dialogs.gui"
[16:47:21][D][pdx_gui_assetfactory.cpp:685]: [LoadAssetsGUI] Loading of "gui/shared/dialogs.gui" is complete
[16:47:21][D][pdx_gui_assetfactory.cpp:676]: [LoadAssetsGUI] Loading "gui/shared/edit_boxes.gui"
[16:47:21][D][pdx_gui_assetfactory.cpp:685]: [LoadAssetsGUI] Loading of "gui/shared/edit_boxes.gui" is complete
[16:47:21][D][pdx_gui_assetfactory.cpp:676]: [LoadAssetsGUI] Loading "gui/shared/event_windows.gui"
[16:47:21][D][pdx_gui_assetfactory.cpp:685]: [LoadAssetsGUI] Loading of "gui/shared/event_windows.gui" is complete
[16:47:21][D][pdx_gui_assetfactory.cpp:676]: [LoadAssetsGUI] Loading "gui/shared/icons.gui"
[16:47:21][D][pdx_gui_assetfactory.cpp:685]: [LoadAssetsGUI] Loading of "gui/shared/icons.gui" is complete
[16:47:21][D][pdx_gui_assetfactory.cpp:676]: [LoadAssetsGUI] Loading "gui/shared/lines.gui"
[16:47:21][D][pdx_gui_assetfactory.cpp:685]: [LoadAssetsGUI] Loading of "gui/shared/lines.gui" is complete
[16:47:21][D][pdx_gui_assetfactory.cpp:676]: [LoadAssetsGUI] Loading "gui/shared/lists.gui"
[16:47:21][D][pdx_gui_assetfactory.cpp:685]: [LoadAssetsGUI] Loading of "gui/shared/lists.gui" is complete
[16:47:21][D][pdx_gui_assetfactory.cpp:676]: [LoadAssetsGUI] Loading "gui/shared/mapmodes.gui"
[16:47:21][D][pdx_gui_assetfactory.cpp:685]: [LoadAssetsGUI] Loading of "gui/shared/mapmodes.gui" is complete
[16:47:21][D][pdx_gui_assetfactory.cpp:676]: [LoadAssetsGUI] Loading "gui/shared/misc_components.gui"
[16:47:21][D][pdx_gui_assetfactory.cpp:685]: [LoadAssetsGUI] Loading of "gui/shared/misc_components.gui" is complete
[16:47:21][D][pdx_gui_assetfactory.cpp:676]: [LoadAssetsGUI] Loading "gui/shared/popups.gui"
[16:47:21][D][pdx_gui_assetfactory.cpp:685]: [LoadAssetsGUI] Loading of "gui/shared/popups.gui" is complete
[16:47:21][D][pdx_gui_assetfactory.cpp:676]: [LoadAssetsGUI] Loading "gui/shared/portraits.gui"
[16:47:21][D][pdx_gui_assetfactory.cpp:685]: [LoadAssetsGUI] Loading of "gui/shared/portraits.gui" is complete
[16:47:21][D][pdx_gui_assetfactory.cpp:676]: [LoadAssetsGUI] Loading "gui/shared/progressbars.gui"
[16:47:21][D][pdx_gui_assetfactory.cpp:685]: [LoadAssetsGUI] Loading of "gui/shared/progressbars.gui" is complete
[16:47:21][D][pdx_gui_assetfactory.cpp:676]: [LoadAssetsGUI] Loading "gui/shared/sounds.gui"
[16:47:21][D][pdx_gui_assetfactory.cpp:685]: [LoadAssetsGUI] Loading of "gui/shared/sounds.gui" is complete
[16:47:21][D][pdx_gui_assetfactory.cpp:676]: [LoadAssetsGUI] Loading "gui/shared/texticons_religion.gui"
[16:47:23][D][pdx_gui_assetfactory.cpp:685]: [LoadAssetsGUI] Loading of "gui/shared/texticons_religion.gui" is complete
[16:47:23][D][pdx_gui_assetfactory.cpp:676]: [LoadAssetsGUI] Loading "gui/shared/texticons_trigger.gui"
[16:47:23][D][pdx_gui_assetfactory.cpp:685]: [LoadAssetsGUI] Loading of "gui/shared/texticons_trigger.gui" is complete
[16:47:23][D][pdx_gui_assetfactory.cpp:676]: [LoadAssetsGUI] Loading "gui/shared/texticons_ui.gui"
[16:47:23][D][pdx_gui_assetfactory.cpp:685]: [LoadAssetsGUI] Loading of "gui/shared/texticons_ui.gui" is complete
[16:47:23][D][pdx_gui_assetfactory.cpp:676]: [LoadAssetsGUI] Loading "gui/shared/value_breakdown.gui"
[16:47:23][D][pdx_gui_assetfactory.cpp:685]: [LoadAssetsGUI] Loading of "gui/shared/value_breakdown.gui" is complete
[16:47:23][D][pdx_gui_assetfactory.cpp:676]: [LoadAssetsGUI] Loading "gui/shared/windows.gui"
[16:47:23][D][pdx_gui_assetfactory.cpp:685]: [LoadAssetsGUI] Loading of "gui/shared/windows.gui" is complete
[16:47:23][D][pdx_gui_assetfactory.cpp:676]: [LoadAssetsGUI] Loading "gui/social/add_friend_window.gui"
[16:47:23][D][pdx_gui_assetfactory.cpp:685]: [LoadAssetsGUI] Loading of "gui/social/add_friend_window.gui" is complete
[16:47:23][D][pdx_gui_assetfactory.cpp:676]: [LoadAssetsGUI] Loading "gui/social/add_friend_window_base.gui"
[16:47:23][D][pdx_gui_assetfactory.cpp:685]: [LoadAssetsGUI] Loading of "gui/social/add_friend_window_base.gui" is complete
[16:47:23][D][pdx_gui_assetfactory.cpp:676]: [LoadAssetsGUI] Loading "gui/social/chat_window.gui"
[16:47:23][D][pdx_gui_assetfactory.cpp:685]: [LoadAssetsGUI] Loading of "gui/social/chat_window.gui" is complete
[16:47:23][D][pdx_gui_assetfactory.cpp:676]: [LoadAssetsGUI] Loading "gui/social/chat_window_base.gui"
[16:47:23][D][pdx_gui_assetfactory.cpp:685]: [LoadAssetsGUI] Loading of "gui/social/chat_window_base.gui" is complete
[16:47:23][D][pdx_gui_assetfactory.cpp:676]: [LoadAssetsGUI] Loading "gui/social/friend_list_window.gui"
[16:47:23][D][pdx_gui_assetfactory.cpp:685]: [LoadAssetsGUI] Loading of "gui/social/friend_list_window.gui" is complete
[16:47:23][D][pdx_gui_assetfactory.cpp:676]: [LoadAssetsGUI] Loading "gui/social/friend_list_window_base.gui"
[16:47:23][D][pdx_gui_assetfactory.cpp:685]: [LoadAssetsGUI] Loading of "gui/social/friend_list_window_base.gui" is complete
[16:47:23][D][pdx_gui_assetfactory.cpp:676]: [LoadAssetsGUI] Loading "gui/social/remove_friend_confirm_window.gui"
[16:47:23][D][pdx_gui_assetfactory.cpp:685]: [LoadAssetsGUI] Loading of "gui/social/remove_friend_confirm_window.gui" is complete
[16:47:23][D][pdx_gui_assetfactory.cpp:676]: [LoadAssetsGUI] Loading "gui/social/remove_friend_confirm_window_base.gui"
[16:47:23][D][pdx_gui_assetfactory.cpp:685]: [LoadAssetsGUI] Loading of "gui/social/remove_friend_confirm_window_base.gui" is complete
[16:47:23][D][pdx_gui_assetfactory.cpp:676]: [LoadAssetsGUI] Loading "gui/social/social_base_types.gui"
[16:47:23][D][pdx_gui_assetfactory.cpp:685]: [LoadAssetsGUI] Loading of "gui/social/social_base_types.gui" is complete
[16:47:23][D][pdx_gui_assetfactory.cpp:676]: [LoadAssetsGUI] Loading "gui/social/social_chat_notification_window.gui"
[16:47:23][D][pdx_gui_assetfactory.cpp:685]: [LoadAssetsGUI] Loading of "gui/social/social_chat_notification_window.gui" is complete
[16:47:23][D][pdx_gui_assetfactory.cpp:676]: [LoadAssetsGUI] Loading "gui/social/social_chat_notification_window_base.gui"
[16:47:23][D][pdx_gui_assetfactory.cpp:685]: [LoadAssetsGUI] Loading of "gui/social/social_chat_notification_window_base.gui" is complete
[16:47:23][D][pdx_gui_assetfactory.cpp:676]: [LoadAssetsGUI] Loading "gui/social/social_widget.gui"
[16:47:23][D][pdx_gui_assetfactory.cpp:685]: [LoadAssetsGUI] Loading of "gui/social/social_widget.gui" is complete
[16:47:23][D][pdx_gui_assetfactory.cpp:676]: [LoadAssetsGUI] Loading "gui/tools/backgrounds.gui"
[16:47:23][D][pdx_gui_assetfactory.cpp:685]: [LoadAssetsGUI] Loading of "gui/tools/backgrounds.gui" is complete
[16:47:23][D][pdx_gui_assetfactory.cpp:676]: [LoadAssetsGUI] Loading "gui/tools/dockable_layout_manager.gui"
[16:47:23][D][pdx_gui_assetfactory.cpp:685]: [LoadAssetsGUI] Loading of "gui/tools/dockable_layout_manager.gui" is complete
[16:47:23][D][pdx_gui_assetfactory.cpp:676]: [LoadAssetsGUI] Loading "gui/tools/dropdown.gui"
[16:47:23][D][pdx_gui_assetfactory.cpp:685]: [LoadAssetsGUI] Loading of "gui/tools/dropdown.gui" is complete
[16:47:23][D][pdx_gui_assetfactory.cpp:676]: [LoadAssetsGUI] Loading "gui/tools/foldouts.gui"
[16:47:23][D][pdx_gui_assetfactory.cpp:685]: [LoadAssetsGUI] Loading of "gui/tools/foldouts.gui" is complete
[16:47:23][D][pdx_gui_assetfactory.cpp:676]: [LoadAssetsGUI] Loading "gui/tools/gfx_skin_editor.gui"
[16:47:23][D][pdx_gui_assetfactory.cpp:685]: [LoadAssetsGUI] Loading of "gui/tools/gfx_skin_editor.gui" is complete
[16:47:23][D][pdx_gui_assetfactory.cpp:676]: [LoadAssetsGUI] Loading "gui/tools/gruvbox_colors.gui"
[16:47:23][D][pdx_gui_assetfactory.cpp:685]: [LoadAssetsGUI] Loading of "gui/tools/gruvbox_colors.gui" is complete
[16:47:23][D][pdx_gui_assetfactory.cpp:676]: [LoadAssetsGUI] Loading "gui/tools/helper.gui"
[16:47:23][D][pdx_gui_assetfactory.cpp:685]: [LoadAssetsGUI] Loading of "gui/tools/helper.gui" is complete
[16:47:23][D][pdx_gui_assetfactory.cpp:676]: [LoadAssetsGUI] Loading "gui/tools/indents.gui"
[16:47:23][D][pdx_gui_assetfactory.cpp:685]: [LoadAssetsGUI] Loading of "gui/tools/indents.gui" is complete
[16:47:23][D][pdx_gui_assetfactory.cpp:676]: [LoadAssetsGUI] Loading "gui/tools/notifications.gui"
[16:47:23][D][pdx_gui_assetfactory.cpp:685]: [LoadAssetsGUI] Loading of "gui/tools/notifications.gui" is complete
[16:47:23][D][pdx_gui_assetfactory.cpp:676]: [LoadAssetsGUI] Loading "gui/tools/save_dialog.gui"
[16:47:23][D][pdx_gui_assetfactory.cpp:685]: [LoadAssetsGUI] Loading of "gui/tools/save_dialog.gui" is complete
[16:47:23][D][pdx_gui_assetfactory.cpp:676]: [LoadAssetsGUI] Loading "gui/tools/slider.gui"
[16:47:23][D][pdx_gui_assetfactory.cpp:685]: [LoadAssetsGUI] Loading of "gui/tools/slider.gui" is complete
[16:47:23][D][pdx_gui_assetfactory.cpp:676]: [LoadAssetsGUI] Loading "gui/tools/table.gui"
[16:47:23][D][pdx_gui_assetfactory.cpp:685]: [LoadAssetsGUI] Loading of "gui/tools/table.gui" is complete
[16:47:23][D][pdx_gui_assetfactory.cpp:676]: [LoadAssetsGUI] Loading "gui/tools/tool_options.gui"
[16:47:23][D][pdx_gui_assetfactory.cpp:685]: [LoadAssetsGUI] Loading of "gui/tools/tool_options.gui" is complete
[16:47:23][D][pdx_gui_assetfactory.cpp:676]: [LoadAssetsGUI] Loading "gui/tools/toolbox.gui"
[16:47:23][D][pdx_gui_assetfactory.cpp:685]: [LoadAssetsGUI] Loading of "gui/tools/toolbox.gui" is complete
[16:47:23][D][pdx_gui_assetfactory.cpp:676]: [LoadAssetsGUI] Loading "gui/tools/tools_style.gui"
[16:47:23][D][pdx_gui_assetfactory.cpp:685]: [LoadAssetsGUI] Loading of "gui/tools/tools_style.gui" is complete
[16:47:23][D][pdx_gui_assetfactory.cpp:676]: [LoadAssetsGUI] Loading "gui/tweaker/tweaker.gui"
[16:47:23][D][pdx_gui_assetfactory.cpp:685]: [LoadAssetsGUI] Loading of "gui/tweaker/tweaker.gui" is complete
[16:47:23][D][pdx_gui_assetfactory.cpp:676]: [LoadAssetsGUI] Loading "gui/undo_history_viewer/undo_history_viewer.gui"
[16:47:23][D][pdx_gui_assetfactory.cpp:685]: [LoadAssetsGUI] Loading of "gui/undo_history_viewer/undo_history_viewer.gui" is complete
[16:50:23][D][jomini_eventmanager.cpp:641]: >=== NAMESPACE > 'birth' is set to #1000000
[16:50:23][D][jomini_eventmanager.cpp:641]: >=== NAMESPACE > 'accolade' is set to #1010000
[16:50:23][D][jomini_eventmanager.cpp:641]: >=== NAMESPACE > 'blackmail' is set to #1020000
[16:50:23][D][jomini_eventmanager.cpp:641]: >=== NAMESPACE > 'bookmark' is set to #1030000
[16:50:23][D][jomini_eventmanager.cpp:641]: >=== NAMESPACE > 'court_maintenance' is set to #1040000
[16:50:23][D][jomini_eventmanager.cpp:641]: >=== NAMESPACE > 'board_games' is set to #1050000
[16:50:23][D][jomini_eventmanager.cpp:641]: >=== NAMESPACE > 'bp1_yearly' is set to #1060000
[16:50:23][D][jomini_eventmanager.cpp:641]: >=== NAMESPACE > 'court_position_management_event' is set to #1070000
[16:50:23][D][jomini_eventmanager.cpp:594]: Loaded [2] events from 'events/court_position_management_events.txt' 
[16:50:23][D][jomini_eventmanager.cpp:641]: >=== NAMESPACE > 'mpo_flavor_events_settled' is set to #1080000
[16:50:23][D][jomini_eventmanager.cpp:594]: Loaded [2] events from 'events/dlc/mpo/mpo_flavor_events_settled.txt' 
[16:50:23][D][jomini_eventmanager.cpp:594]: Loaded [6] events from 'events/court_maintenance_events.txt' 
[16:50:23][D][jomini_eventmanager.cpp:594]: Loaded [3] events from 'events/blackmail_events.txt' 
[16:50:23][D][jomini_eventmanager.cpp:641]: >=== NAMESPACE > 'mpo_events_tova' is set to #1090000
[16:50:23][D][jomini_eventmanager.cpp:594]: Loaded [18] events from 'events/bp1_dan_events.txt' 
[16:50:23][D][jomini_eventmanager.cpp:641]: >=== NAMESPACE > 'mpo_events_ariana' is set to #1100000
[16:50:23][D][jomini_eventmanager.cpp:594]: Loaded [33] events from 'events/birth_events.txt' 
[16:50:23][D][jomini_eventmanager.cpp:594]: Loaded [2] events from 'events/accolade_events.txt' 
[16:50:23][D][jomini_eventmanager.cpp:641]: >=== NAMESPACE > 'mpo_events_anna' is set to #1110000
[16:50:23][D][jomini_eventmanager.cpp:641]: >=== NAMESPACE > 'mpo_decisions_events' is set to #1120000
[16:50:23][D][jomini_eventmanager.cpp:594]: Loaded [10] events from 'events/dlc/mpo/mpo_events_tova.txt' 
[16:50:23][D][jomini_eventmanager.cpp:594]: Loaded [6] events from 'events/dlc/mpo/mpo_events_anna.txt' 
[16:50:23][D][jomini_eventmanager.cpp:594]: Loaded [18] events from 'events/bookmark_events.txt' 
[16:50:23][D][jomini_eventmanager.cpp:641]: >=== NAMESPACE > 'fp3_yearly' is set to #1130000
[16:50:23][D][jomini_eventmanager.cpp:641]: >=== NAMESPACE > 'court_astrologer_events' is set to #1140000
[16:50:23][D][jomini_eventmanager.cpp:594]: Loaded [2] events from 'events/dlc/mpo/court_astrologer_events.txt' 
[16:50:23][D][jomini_eventmanager.cpp:594]: Loaded [3] events from 'events/dlc/fp3/fp3_yearly_frontier_chains.txt' 
[16:50:23][D][jomini_eventmanager.cpp:641]: >=== NAMESPACE > 'fp3_h_yearly' is set to #1150000
[16:50:23][D][jomini_eventmanager.cpp:594]: Loaded [1] events from 'events/dlc/fp3/fp3_yearly_events_hugo.txt' 
[16:50:23][D][jomini_eventmanager.cpp:594]: Loaded [8] events from 'events/board_game_events.txt' 
[16:50:23][D][jomini_eventmanager.cpp:641]: >=== NAMESPACE > 'fp3_clan' is set to #1160000
[16:50:23][D][jomini_eventmanager.cpp:594]: Loaded [5] events from 'events/dlc/fp3/fp3_tax_collector_flavor_events.txt' 
[16:50:23][D][jomini_eventmanager.cpp:641]: >=== NAMESPACE > 'fp3_struggle' is set to #1170000
[16:50:23][D][jomini_eventmanager.cpp:641]: >=== NAMESPACE > 'fp3_story_cycle_zanj_rebellion_events' is set to #1180000
[16:50:23][D][jomini_eventmanager.cpp:594]: Loaded [16] events from 'events/dlc/mpo/mpo_events_ariana.txt' 
[16:50:23][D][jomini_eventmanager.cpp:594]: Loaded [6] events from 'events/dlc/fp3/fp3_tax_collector_events_ola.txt' 
[16:50:23][D][jomini_eventmanager.cpp:594]: Loaded [8] events from 'events/dlc/fp3/fp3_story_cycle_zanj_rebellion_events.txt' 
[16:50:23][D][jomini_eventmanager.cpp:594]: Loaded [23] events from 'events/dlc/fp3/fp3_struggle_events.txt' 
[16:50:23][D][jomini_eventmanager.cpp:594]: Loaded [16] events from 'events/dlc/fp3/fp3_yearly_events_eren.txt' 
[16:50:23][D][jomini_eventmanager.cpp:641]: >=== NAMESPACE > 'fp3_story_cycle_seljuks_invasion_events' is set to #1190000
[16:50:23][D][jomini_eventmanager.cpp:594]: Loaded [2] events from 'events/dlc/fp3/fp3_story_cycle_seljuks_invasion_events.txt' 
[16:50:23][D][jomini_eventmanager.cpp:641]: >=== NAMESPACE > 'fp3_scholarship' is set to #1200000
[16:50:23][D][jomini_eventmanager.cpp:594]: Loaded [18] events from 'events/dlc/fp3/fp3_yearly_events_ola_batch_1.txt' 
[16:50:23][D][jomini_eventmanager.cpp:641]: >=== NAMESPACE > 'fp3_decision' is set to #1210000
[16:50:23][D][jomini_eventmanager.cpp:641]: >=== NAMESPACE > 'fp3_frontier_story_cycle' is set to #1220000
[16:50:23][D][jomini_eventmanager.cpp:641]: >=== NAMESPACE > 'fp3_misc_decisions' is set to #1230000
[16:50:23][D][jomini_eventmanager.cpp:594]: Loaded [9] events from 'events/dlc/fp3/fp3_religious_decision_events.txt' 
[16:50:23][D][jomini_eventmanager.cpp:594]: Loaded [16] events from 'events/dlc/fp3/fp3_scholarship_events.txt' 
[16:50:23][D][jomini_eventmanager.cpp:641]: >=== NAMESPACE > 'fp3_dynasty_decision' is set to #1240000
[16:50:23][D][jomini_eventmanager.cpp:594]: Loaded [8] events from 'events/dlc/fp3/fp3_frontier_story_cycle.txt' 
[16:50:23][D][jomini_eventmanager.cpp:594]: Loaded [5] events from 'events/dlc/fp3/fp3_dynasty_decision_events.txt' 
[16:50:23][D][jomini_eventmanager.cpp:594]: Loaded [16] events from 'events/dlc/fp3/fp3_extra_flavor_events.txt' 
[16:50:23][D][jomini_eventmanager.cpp:594]: Loaded [3] events from 'events/dlc/fp3/fp3_clan_events_persia_specific_ola.txt' 
[16:50:23][D][jomini_eventmanager.cpp:594]: Loaded [34] events from 'events/dlc/mpo/mpo_decisions_events.txt' 
[16:50:23][D][jomini_eventmanager.cpp:594]: Loaded [18] events from 'events/dlc/fp3/fp3_heritage_events.txt' 
[16:50:23][D][jomini_eventmanager.cpp:594]: Loaded [21] events from 'events/dlc/fp3/fp3_misc_decision_events.txt' 
[16:50:23][D][jomini_eventmanager.cpp:641]: >=== NAMESPACE > 'clan_event' is set to #1250000
[16:50:23][D][jomini_eventmanager.cpp:641]: >=== NAMESPACE > 'neutral_struggle' is set to #1260000
[16:50:23][D][jomini_eventmanager.cpp:594]: Loaded [1] events from 'events/dlc/fp3/fp3_clan_events_hugo.txt' 
[16:50:23][D][jomini_eventmanager.cpp:641]: >=== NAMESPACE > 'fp2_yearly' is set to #1270000
[16:50:23][D][jomini_eventmanager.cpp:641]: >=== NAMESPACE > 'neutral_situation' is set to #1280000
[16:50:23][D][jomini_eventmanager.cpp:641]: >=== NAMESPACE > 'fp2_struggle' is set to #1290000
[16:50:23][D][jomini_eventmanager.cpp:594]: Loaded [8] events from 'events/dlc/fp2/neutral_struggle_events.txt' 
[16:50:23][D][jomini_eventmanager.cpp:594]: Loaded [8] events from 'events/dlc/fp3/fp3_clan_events_ola.txt' 
[16:50:23][D][jomini_eventmanager.cpp:641]: >=== NAMESPACE > 'fp2_other_decisions' is set to #1300000
[16:50:23][D][jomini_eventmanager.cpp:594]: Loaded [5] events from 'events/dlc/fp3/fp3_clan_events_2000.txt' 
[16:50:23][D][jomini_eventmanager.cpp:641]: >=== NAMESPACE > 'fp2_lyonese_monk' is set to #1310000
[16:50:23][D][jomini_eventmanager.cpp:641]: >=== NAMESPACE > 'fp1_yearly' is set to #1320000
[16:50:23][D][jomini_eventmanager.cpp:594]: Loaded [3] events from 'events/dlc/fp2/fp2_el_cid_events.txt' 
[16:50:23][D][jomini_eventmanager.cpp:641]: >=== NAMESPACE > 'fp1_varangian_adventures' is set to #1330000
[16:50:23][D][jomini_eventmanager.cpp:594]: Loaded [1] events from 'events/dlc/fp1/fp1_varangian_adventure_events.txt' 
[16:50:23][D][jomini_eventmanager.cpp:641]: >=== NAMESPACE > 'fp1_tbc' is set to #1340000
[16:50:23][D][jomini_eventmanager.cpp:594]: Loaded [10] events from 'events/dlc/fp2/fp2_other_decision_events.txt' 
[16:50:23][D][jomini_eventmanager.cpp:641]: >=== NAMESPACE > 'fp1_trade_events' is set to #1350000
[16:50:23][D][jomini_eventmanager.cpp:594]: Loaded [17] events from 'events/dlc/fp1/fp1_yearly_events_oltner.txt' 
[16:50:23][D][jomini_eventmanager.cpp:594]: Loaded [10] events from 'events/dlc/fp1/fp1_trial_by_combat_events.txt' 
[16:50:23][D][jomini_eventmanager.cpp:641]: >=== NAMESPACE > 'fp1_shieldmaiden' is set to #1360000
[16:50:23][D][jomini_eventmanager.cpp:641]: >=== NAMESPACE > 'fp1_scandinavian_adventurers' is set to #1370000
[16:50:23][D][jomini_eventmanager.cpp:594]: Loaded [27] events from 'events/dlc/fp2/fp2_lyonese_monk_events.txt' 
[16:50:23][D][jomini_eventmanager.cpp:641]: >=== NAMESPACE > 'fp1_other_decisions' is set to #1380000
[16:50:23][D][jomini_eventmanager.cpp:594]: Loaded [11] events from 'events/dlc/fp1/fp1_trade_events.txt' 
[16:50:23][D][jomini_eventmanager.cpp:594]: Loaded [8] events from 'events/dlc/fp1/fp1_scandinavian_adventurer_events.txt' 
[16:50:23][D][jomini_eventmanager.cpp:594]: Loaded [36] events from 'events/dlc/fp2/fp2_yearly_events.txt' 
[16:50:23][D][jomini_eventmanager.cpp:594]: Loaded [7] events from 'events/dlc/fp1/fp1_shieldmaiden_events.txt' 
[16:50:23][D][jomini_eventmanager.cpp:641]: >=== NAMESPACE > 'fp1_major_decisions' is set to #1390000
[16:50:23][D][jomini_eventmanager.cpp:641]: >=== NAMESPACE > 'fp1_jomsvikings' is set to #1400000
[16:50:23][D][jomini_eventmanager.cpp:641]: >=== NAMESPACE > 'ep3_yearly' is set to #1410000
[16:50:23][D][jomini_eventmanager.cpp:594]: Loaded [1] events from 'events/dlc/ep3/ep3_yearly_3.txt' 
[16:50:23][D][jomini_eventmanager.cpp:594]: Loaded [16] events from 'events/dlc/fp1/fp1_major_decision_events.txt' 
[16:50:23][D][jomini_eventmanager.cpp:641]: >=== NAMESPACE > 'ep3_wedding' is set to #1420000
[16:50:23][D][jomini_eventmanager.cpp:594]: Loaded [1] events from 'events/dlc/ep3/ep3_yearly_1.txt' 
[16:50:23][D][jomini_eventmanager.cpp:594]: Loaded [15] events from 'events/dlc/fp1/fp1_other_decision_events.txt' 
[16:50:23][D][jomini_eventmanager.cpp:641]: >=== NAMESPACE > 'ep3_travel_events' is set to #1430000
[16:50:23][D][jomini_eventmanager.cpp:641]: >=== NAMESPACE > 'ep3_travel_option_events' is set to #1440000
[16:50:23][D][jomini_eventmanager.cpp:594]: Loaded [9] events from 'events/dlc/fp1/fp1_jomsvikings_events.txt' 
[16:50:23][D][jomini_eventmanager.cpp:594]: Loaded [4] events from 'events/dlc/ep3/ep3_travel_events_8.txt' 
[16:50:23][D][jomini_eventmanager.cpp:594]: Loaded [3] events from 'events/dlc/ep3/ep3_wedding_events.txt' 
[16:50:23][D][jomini_eventmanager.cpp:641]: >=== NAMESPACE > 'tgp_travel_danger_events' is set to #1450000
[16:50:23][D][jomini_eventmanager.cpp:594]: Loaded [1] events from 'events/dlc/tgp/tgp_travel_danger_events.txt' 
[16:50:23][D][jomini_eventmanager.cpp:641]: >=== NAMESPACE > 'tgp_tai_migration_event' is set to #1460000
[16:50:23][D][jomini_eventmanager.cpp:641]: >=== NAMESPACE > 'tgp_silk_road_events' is set to #1470000
[16:50:23][D][jomini_eventmanager.cpp:594]: Loaded [2] events from 'events/dlc/tgp/tgp_silk_road_events.txt' 
[16:50:23][D][jomini_eventmanager.cpp:594]: Loaded [3] events from 'events/yearly_events/bp1_yearly_jason.txt' 
[16:50:23][D][jomini_eventmanager.cpp:594]: Loaded [5] events from 'events/dlc/tgp/tgp_tai_migration_events.txt' 
[16:50:23][D][jomini_eventmanager.cpp:641]: >=== NAMESPACE > 'tgp_natural_disaster_contract_event' is set to #1480000
[16:50:23][D][jomini_eventmanager.cpp:641]: >=== NAMESPACE > 'natural_disaster_flavor_events' is set to #1490000
[16:50:23][D][jomini_eventmanager.cpp:594]: Loaded [8] events from 'events/dlc/tgp/tgp_natural_disaster_contract_events.txt' 
[16:50:23][D][jomini_eventmanager.cpp:594]: Loaded [39] events from 'events/dlc/fp2/fp2_struggle_events.txt' 
[16:50:23][D][jomini_eventmanager.cpp:641]: >=== NAMESPACE > 'tgp_movement_events' is set to #1500000
[16:50:23][D][jomini_eventmanager.cpp:594]: Loaded [4] events from 'events/dlc/tgp/tgp_natural_disaster_flavor_events.txt' 
[16:50:23][D][jomini_eventmanager.cpp:641]: >=== NAMESPACE > 'mentoring_scheme_event' is set to #1510000
[16:50:23][D][jomini_eventmanager.cpp:594]: Loaded [4] events from 'events/dlc/ep3/ep3_travel_option_events.txt' 
[16:50:23][D][jomini_eventmanager.cpp:594]: Loaded [2] events from 'events/dlc/tgp/tgp_mentoring_scheme_events.txt' 
[16:50:23][D][jomini_eventmanager.cpp:641]: >=== NAMESPACE > 'tgp_east_asia_mandala_task_contract_events' is set to #1520000
[16:50:23][D][jomini_eventmanager.cpp:641]: >=== NAMESPACE > 'tgp_east_asia_mandala_events' is set to #1530000
[16:50:23][D][jomini_eventmanager.cpp:641]: >=== NAMESPACE > 'devaraja' is set to #1540000
[16:50:23][D][jomini_eventmanager.cpp:641]: >=== NAMESPACE > 'tgp_east_asia_mandala_capital_events' is set to #1550000
[16:50:23][D][jomini_eventmanager.cpp:594]: Loaded [2] events from 'events/dlc/tgp/tgp_mandala_capital_events.txt' 
[16:50:23][D][jomini_eventmanager.cpp:594]: Loaded [0] events from 'events/dlc/tgp/tgp_maintenance_events.txt' 
[16:50:23][D][jomini_eventmanager.cpp:641]: >=== NAMESPACE > 'tgp_korea_decision' is set to #1560000
[16:50:23][D][jomini_eventmanager.cpp:594]: Loaded [2] events from 'events/dlc/tgp/tgp_korea_decision_events.txt' 
[16:50:23][D][jomini_eventmanager.cpp:594]: Loaded [17] events from 'events/dlc/tgp/tgp_movement_events.txt' 
[16:50:23][D][jomini_eventmanager.cpp:641]: >=== NAMESPACE > 'tgp_japan_yearly_events' is set to #1570000
[16:50:23][D][jomini_eventmanager.cpp:641]: >=== NAMESPACE > 'tgp_japan_general' is set to #1580000
[16:50:23][D][jomini_eventmanager.cpp:594]: Loaded [10] events from 'events/dlc/tgp/tgp_mandala_devaraja_events.txt' 
[16:50:23][D][jomini_eventmanager.cpp:594]: Loaded [17] events from 'events/dlc/tgp/tgp_mandala_events.txt' 
[16:50:23][D][jomini_eventmanager.cpp:641]: >=== NAMESPACE > 'tgp_japan_decision' is set to #1590000
[16:50:23][D][jomini_eventmanager.cpp:594]: Loaded [7] events from 'events/dlc/tgp/tgp_japan_general_events.txt' 
[16:50:23][D][jomini_eventmanager.cpp:594]: Loaded [56] events from 'events/dlc/fp1/fp1_yearly_events.txt' 
[16:50:23][D][jomini_eventmanager.cpp:641]: >=== NAMESPACE > 'tgp_interaction_event' is set to #1600000
[16:50:23][D][jomini_eventmanager.cpp:641]: >=== NAMESPACE > 'tgp_japan_career' is set to #1610000
[16:50:23][D][jomini_eventmanager.cpp:641]: >=== NAMESPACE > 'tgp_house_blocs' is set to #1620000
[16:50:23][D][jomini_eventmanager.cpp:594]: Loaded [1] events from 'events/dlc/tgp/tgp_japan_career_events.txt' 
[16:50:23][D][jomini_eventmanager.cpp:594]: Loaded [4] events from 'events/dlc/tgp/tgp_house_blocs.txt' 
[16:50:23][D][jomini_eventmanager.cpp:641]: >=== NAMESPACE > 'tgp_governor_contract_event' is set to #1630000
[16:50:23][D][jomini_eventmanager.cpp:641]: >=== NAMESPACE > 'tgp_genpei_character' is set to #1640000
[16:50:23][D][jomini_eventmanager.cpp:594]: Loaded [13] events from 'events/dlc/tgp/tgp_interaction_events.txt' 
[16:50:23][D][jomini_eventmanager.cpp:594]: Loaded [4] events from 'events/dlc/tgp/tgp_governor_contract_events_2000.txt' 
[16:50:23][D][jomini_eventmanager.cpp:641]: >=== NAMESPACE > 'tgp_faction_events' is set to #1650000
[16:50:23][D][jomini_eventmanager.cpp:594]: Loaded [19] events from 'events/dlc/tgp/tgp_japan_yearly_events.txt' 
[16:50:23][D][jomini_eventmanager.cpp:594]: Loaded [11] events from 'events/dlc/tgp/tgp_faction_events.txt' 
[16:50:23][D][jomini_eventmanager.cpp:594]: Loaded [11] events from 'events/dlc/tgp/tgp_genpei_character_events.txt' 
[16:50:23][D][jomini_eventmanager.cpp:641]: >=== NAMESPACE > 'tgp_east_asia_interaction_events' is set to #1660000
[16:50:23][D][jomini_eventmanager.cpp:594]: Loaded [27] events from 'events/dlc/tgp/tgp_japan_yearly_events_ariana.txt' 
[16:50:23][D][jomini_eventmanager.cpp:641]: >=== NAMESPACE > 'tgp_east_asia_decision_events' is set to #1670000
[16:50:23][D][jomini_eventmanager.cpp:594]: Loaded [42] events from 'events/dlc/tgp/tgp_mandala_task_contract_events.txt' 
[16:50:23][D][jomini_eventmanager.cpp:641]: >=== NAMESPACE > 'tgp_dynastic_cycle_events' is set to #1680000
[16:50:23][D][jomini_eventmanager.cpp:641]: >=== NAMESPACE > 'tgp_dynastic_cycle' is set to #1690000
[16:50:23][D][jomini_eventmanager.cpp:594]: Loaded [26] events from 'events/dlc/tgp/tgp_japan_decision_events.txt' 
[16:50:23][D][jomini_eventmanager.cpp:594]: Loaded [9] events from 'events/dlc/tgp/tgp_east_asia_interaction_events.txt' 
[16:50:23][D][jomini_eventmanager.cpp:594]: Loaded [11] events from 'events/dlc/tgp/tgp_east_asia_decision_events.txt' 
[16:50:23][D][jomini_eventmanager.cpp:641]: >=== NAMESPACE > 'tgp_dynastic_cycle_decision_event' is set to #1700000
[16:50:23][D][jomini_eventmanager.cpp:641]: >=== NAMESPACE > 'tgp_china_yearly' is set to #1710000
[16:50:23][D][jomini_eventmanager.cpp:594]: Loaded [2] events from 'events/dlc/tgp/tgp_dynastic_cycle_decision_events.txt' 
[16:50:23][D][jomini_eventmanager.cpp:641]: >=== NAMESPACE > 'author_book' is set to #1720000
[16:50:23][D][jomini_eventmanager.cpp:594]: Loaded [6] events from 'events/dlc/tgp/tgp_dynastic_cycle_flavor_events.txt' 
[16:50:23][D][jomini_eventmanager.cpp:641]: >=== NAMESPACE > 'tgp_china_ministry' is set to #1730000
[16:50:23][D][jomini_eventmanager.cpp:594]: Loaded [31] events from 'events/dlc/tgp/tgp_governor_contract_events.txt' 
[16:50:23][D][jomini_eventmanager.cpp:594]: Loaded [5] events from 'events/dlc/tgp/tgp_china_yearly_events.txt' 
[16:50:23][D][jomini_eventmanager.cpp:641]: >=== NAMESPACE > 'tgp_china_career' is set to #1740000
[16:50:23][D][jomini_eventmanager.cpp:641]: >=== NAMESPACE > 'tgp_china_decision' is set to #1750000
[16:50:23][D][jomini_eventmanager.cpp:641]: >=== NAMESPACE > 'tgp_child_personality' is set to #1760000
[16:50:23][D][jomini_eventmanager.cpp:594]: Loaded [4] events from 'events/dlc/tgp/tgp_china_career_events.txt' 
[16:50:23][D][jomini_eventmanager.cpp:594]: Loaded [12] events from 'events/dlc/tgp/tgp_china_ministry_events.txt' 
[16:50:23][D][jomini_eventmanager.cpp:641]: >=== NAMESPACE > 'tgp_ceremonial_liege_events' is set to #1770000
[16:50:23][D][jomini_eventmanager.cpp:641]: >=== NAMESPACE > 'mpo_temujin_flavor' is set to #1780000
[16:50:23][D][jomini_eventmanager.cpp:594]: Loaded [4] events from 'events/dlc/tgp/tgp_china_decision_events.txt' 
[16:50:23][D][jomini_eventmanager.cpp:641]: >=== NAMESPACE > 'mpo_nomads_season_events' is set to #1790000
[16:50:23][D][jomini_eventmanager.cpp:594]: Loaded [20] events from 'events/dlc/tgp/tgp_dynastic_cycle_events.txt' 
[16:50:23][D][jomini_eventmanager.cpp:594]: Loaded [4] events from 'events/dlc/tgp/tgp_commission_book.txt' 
[16:50:23][D][jomini_eventmanager.cpp:641]: >=== NAMESPACE > 'nomad_events_oltner' is set to #1800000
[16:50:23][D][jomini_eventmanager.cpp:594]: Loaded [4] events from 'events/dlc/mpo/mpo_story_cycle_temujin_flavor_events.txt' 
[16:50:23][D][jomini_eventmanager.cpp:641]: >=== NAMESPACE > 'mpo_bb_events' is set to #1810000
[16:50:23][D][jomini_eventmanager.cpp:641]: >=== NAMESPACE > 'mpo_nomad_events' is set to #1820000
[16:50:23][D][jomini_eventmanager.cpp:641]: >=== NAMESPACE > 'migration_events' is set to #1830000
[16:50:23][D][jomini_eventmanager.cpp:641]: >=== NAMESPACE > 'mpo_migration_travel_events' is set to #1840000
[16:50:23][D][jomini_eventmanager.cpp:641]: >=== NAMESPACE > 'nomad_events' is set to #1850000
[16:50:23][D][jomini_eventmanager.cpp:641]: >=== NAMESPACE > 'mpo_contract_events' is set to #1860000
[16:50:23][D][jomini_eventmanager.cpp:594]: Loaded [1] events from 'events/dlc/mpo/mpo_nomads_blood_brothers_windy.txt' 
[16:50:23][D][jomini_eventmanager.cpp:594]: Loaded [4] events from 'events/dlc/mpo/mpo_nomads_season_events.txt' 
[16:50:23][D][jomini_eventmanager.cpp:594]: Loaded [5] events from 'events/dlc/tgp/tgp_ceremonial_liege_events.txt' 
[16:50:23][D][jomini_eventmanager.cpp:594]: Loaded [7] events from 'events/dlc/mpo/mpo_migration_travel_events.txt' 
[16:50:23][D][jomini_eventmanager.cpp:594]: Loaded [30] events from 'events/dlc/mpo/mpo_migration_contract_events.txt' 
[16:50:23][D][jomini_eventmanager.cpp:641]: >=== NAMESPACE > 'mpo_jamukha_flavor' is set to #1870000
[16:50:23][D][jomini_eventmanager.cpp:594]: Loaded [7] events from 'events/dlc/mpo/mpo_nomads_flavour_events_oltner.txt' 
[16:50:23][D][jomini_eventmanager.cpp:641]: >=== NAMESPACE > 'court_yearly' is set to #1880000
[16:50:23][D][jomini_eventmanager.cpp:641]: >=== NAMESPACE > 'learn_commander_trait' is set to #1890000
[16:50:23][D][jomini_eventmanager.cpp:594]: Loaded [3] events from 'events/dlc/mpo/mpo_jamukha_flavor_events.txt' 
[16:50:23][D][jomini_eventmanager.cpp:641]: >=== NAMESPACE > 'historical_commander_trait' is set to #1900000
[16:50:23][D][jomini_eventmanager.cpp:641]: >=== NAMESPACE > 'mpo_interactions_events' is set to #1910000
[16:50:23][D][jomini_eventmanager.cpp:641]: >=== NAMESPACE > 'journey_events' is set to #1920000
[16:50:23][D][jomini_eventmanager.cpp:641]: >=== NAMESPACE > 'internal_affairs' is set to #1930000
[16:50:23][D][jomini_eventmanager.cpp:641]: >=== NAMESPACE > 'wanderer_lifestyle_events' is set to #1940000
[16:50:23][D][jomini_eventmanager.cpp:594]: Loaded [7] events from 'events/lifestyles/warfare_lifestyle/historical_commander_trait_events.txt' 
[16:50:23][D][jomini_eventmanager.cpp:641]: >=== NAMESPACE > 'destination_events' is set to #1950000
[16:50:23][D][jomini_eventmanager.cpp:594]: Loaded [11] events from 'events/dlc/mpo/mpo_interactions_events.txt' 
[16:50:23][D][jomini_eventmanager.cpp:594]: Loaded [16] events from 'events/lifestyles/wanderer_lifestyle/wanderer_journey_events.txt' 
[16:50:23][D][jomini_eventmanager.cpp:594]: Loaded [6] events from 'events/lifestyles/wanderer_lifestyle/wanderer_generic_events.txt' 
[16:50:23][D][jomini_eventmanager.cpp:594]: Loaded [4] events from 'events/lifestyles/wanderer_lifestyle/wanderer_destination_events.txt' 
[16:50:23][D][jomini_eventmanager.cpp:594]: Loaded [10] events from 'events/dlc/mpo/mpo_migration_events.txt' 
[16:50:23][D][jomini_eventmanager.cpp:594]: Loaded [6] events from 'events/lifestyles/wanderer_lifestyle/wanderer_internal_affairs_events.txt' 
[16:50:23][D][jomini_eventmanager.cpp:641]: >=== NAMESPACE > 'diplomacy_majesty' is set to #1960000
[16:50:23][D][jomini_eventmanager.cpp:594]: Loaded [60] events from 'events/lifestyles/warfare_lifestyle/learn_commander_trait_events.txt' 
[16:50:23][D][jomini_eventmanager.cpp:641]: >=== NAMESPACE > 'diplomacy_generic' is set to #1970000
[16:50:23][D][jomini_eventmanager.cpp:594]: Loaded [50] events from 'events/dlc/tgp/tgp_child_personality_events.txt' 
[16:50:23][D][jomini_eventmanager.cpp:641]: >=== NAMESPACE > 'diplomacy_foreign' is set to #1980000
[16:50:23][D][jomini_eventmanager.cpp:641]: >=== NAMESPACE > 'learning_theology' is set to #1990000
[16:50:23][D][jomini_eventmanager.cpp:641]: >=== NAMESPACE > 'diplomacy_family' is set to #2000000
[16:50:23][D][jomini_eventmanager.cpp:641]: >=== NAMESPACE > 'learning_theology_special' is set to #2010000
[16:50:23][D][jomini_eventmanager.cpp:641]: >=== NAMESPACE > 'learning_scholarship' is set to #2020000
[16:50:23][D][jomini_eventmanager.cpp:641]: >=== NAMESPACE > 'learning_scholarship_special' is set to #2030000
[16:50:23][D][jomini_eventmanager.cpp:641]: >=== NAMESPACE > 'learning_medicine' is set to #2040000
[16:50:23][D][jomini_eventmanager.cpp:641]: >=== NAMESPACE > 'learning_medicine_special' is set to #2050000
[16:50:23][D][jomini_eventmanager.cpp:594]: Loaded [27] events from 'events/dlc/mpo/mpo_nomads_flavour_events.txt' 
[16:50:23][D][jomini_eventmanager.cpp:594]: Loaded [4] events from 'events/lifestyles/statecraft_lifestyle/diplomacy_generic_events.txt' 
[16:50:23][D][jomini_eventmanager.cpp:641]: >=== NAMESPACE > 'diplomacy_foreign_special' is set to #2060000
[16:50:23][D][jomini_eventmanager.cpp:641]: >=== NAMESPACE > 'intrigue_temptation' is set to #2070000
[16:50:23][D][jomini_eventmanager.cpp:641]: >=== NAMESPACE > 'intrigue_temptation_special' is set to #2080000
[16:50:23][D][jomini_eventmanager.cpp:641]: >=== NAMESPACE > 'diplomacy_majesty_special' is set to #2090000
[16:50:23][D][jomini_eventmanager.cpp:641]: >=== NAMESPACE > 'intrigue_scheming' is set to #2100000
[16:50:23][D][jomini_eventmanager.cpp:641]: >=== NAMESPACE > 'intrigue_scheming_special' is set to #2110000
[16:50:23][D][jomini_eventmanager.cpp:641]: >=== NAMESPACE > 'intrigue_lover' is set to #2120000
[16:50:23][D][jomini_eventmanager.cpp:641]: >=== NAMESPACE > 'diplomacy_family_special' is set to #2130000
[16:50:23][D][jomini_eventmanager.cpp:594]: Loaded [26] events from 'events/yearly_events/court_yearly_events.txt' 
[16:50:23][D][jomini_eventmanager.cpp:594]: Loaded [3] events from 'events/lifestyles/intrigue_lifestyle/intrigue_events_bjorn.txt' 
[16:50:23][D][jomini_eventmanager.cpp:594]: Loaded [22] events from 'events/lifestyles/statecraft_lifestyle/diplomacy_majesty_events.txt' 
[16:50:23][D][jomini_eventmanager.cpp:641]: >=== NAMESPACE > 'intrigue_dread' is set to #2140000
[16:50:23][D][jomini_eventmanager.cpp:641]: >=== NAMESPACE > 'intrigue_dread_special' is set to #2150000
[16:50:23][D][jomini_eventmanager.cpp:594]: Loaded [20] events from 'events/dlc/mpo/mpo_nomad_events_1.txt' 
[16:50:23][D][jomini_eventmanager.cpp:594]: Loaded [8] events from 'events/lifestyles/intrigue_lifestyle/intrigue_temptation_events_2.txt' 
[16:50:23][D][jomini_eventmanager.cpp:594]: Loaded [18] events from 'events/lifestyles/intrigue_lifestyle/intrigue_temptation_events.txt' 
[16:50:23][D][jomini_eventmanager.cpp:594]: Loaded [28] events from 'events/lifestyles/scholarship_lifestyle/learning_theology_events.txt' 
[16:50:23][D][jomini_eventmanager.cpp:594]: Loaded [32] events from 'events/lifestyles/scholarship_lifestyle/learning_scholarship_events.txt' 
[16:50:23][D][jomini_eventmanager.cpp:641]: >=== NAMESPACE > 'stewardship_wealth' is set to #2160000
[16:50:23][D][jomini_eventmanager.cpp:641]: >=== NAMESPACE > 'stewardship_general' is set to #2170000
[16:50:23][D][jomini_eventmanager.cpp:594]: Loaded [34] events from 'events/lifestyles/statecraft_lifestyle/diplomacy_foreign_events.txt' 
[16:50:23][D][jomini_eventmanager.cpp:594]: Loaded [26] events from 'events/lifestyles/scholarship_lifestyle/learning_medicine_events.txt' 
[16:50:23][D][jomini_eventmanager.cpp:641]: >=== NAMESPACE > 'stewardship_duty' is set to #2180000
[16:50:23][D][jomini_eventmanager.cpp:641]: >=== NAMESPACE > 'stewardship_domain' is set to #2190000
[16:50:23][D][jomini_eventmanager.cpp:641]: >=== NAMESPACE > 'subject_extortion' is set to #2200000
[16:50:23][D][jomini_eventmanager.cpp:641]: >=== NAMESPACE > 'mystic_lifestyle' is set to #2210000
[16:50:23][D][jomini_eventmanager.cpp:641]: >=== NAMESPACE > 'sell_titles' is set to #2220000
[16:50:23][D][jomini_eventmanager.cpp:641]: >=== NAMESPACE > 'commission_epic' is set to #2230000
[16:50:23][D][jomini_eventmanager.cpp:641]: >=== NAMESPACE > 'dynasty_legacy' is set to #2240000
[16:50:23][D][jomini_eventmanager.cpp:594]: Loaded [7] events from 'events/lifestyles/subject_extortion_events.txt' 
[16:50:23][D][jomini_eventmanager.cpp:594]: Loaded [1] events from 'events/legacy_events/dynasty_legacy_events.txt' 
[16:50:23][D][jomini_eventmanager.cpp:641]: >=== NAMESPACE > 'vassal_interaction' is set to #2250000
[16:50:23][D][jomini_eventmanager.cpp:594]: Loaded [10] events from 'events/lifestyles/mystic_lifestyle_events.txt' 
[16:50:23][D][jomini_eventmanager.cpp:641]: >=== NAMESPACE > 'stewardship_general_special' is set to #2260000
[16:50:23][D][jomini_eventmanager.cpp:594]: Loaded [7] events from 'events/lifestyles/governance_lifestyle/stewardship_general_events.txt' 
[16:50:23][D][jomini_eventmanager.cpp:594]: Loaded [13] events from 'events/lifestyles/sell_titles_events.txt' 
[16:50:23][D][jomini_eventmanager.cpp:594]: Loaded [33] events from 'events/lifestyles/statecraft_lifestyle/diplomacy_family_events.txt' 
[16:50:23][D][jomini_eventmanager.cpp:641]: >=== NAMESPACE > 'perk_interaction' is set to #2270000
[16:50:23][D][jomini_eventmanager.cpp:641]: >=== NAMESPACE > 'stewardship_domain_special' is set to #2280000
[16:50:23][D][jomini_eventmanager.cpp:594]: Loaded [5] events from 'events/interaction_events/perk_interaction_events.txt' 
[16:50:23][D][jomini_eventmanager.cpp:641]: >=== NAMESPACE > 'marriage_interaction' is set to #2290000
[16:50:23][D][jomini_eventmanager.cpp:594]: Loaded [18] events from 'events/interaction_events/vassal_interaction_events.txt' 
[16:50:23][D][jomini_eventmanager.cpp:641]: >=== NAMESPACE > 'stewardship_wealth_special' is set to #2300000
[16:50:23][D][jomini_eventmanager.cpp:594]: Loaded [13] events from 'events/lifestyles/governance_lifestyle/stewardship_wealth_events.txt' 
[16:50:23][D][jomini_eventmanager.cpp:641]: >=== NAMESPACE > 'council_interaction' is set to #2310000
[16:50:23][D][jomini_eventmanager.cpp:594]: Loaded [5] events from 'events/interaction_events/council_interaction_events.txt' 
[16:50:23][D][jomini_eventmanager.cpp:641]: >=== NAMESPACE > 'char_interaction' is set to #2320000
[16:50:23][D][jomini_eventmanager.cpp:641]: >=== NAMESPACE > 'bastard_interaction' is set to #2330000
[16:50:23][D][jomini_eventmanager.cpp:594]: Loaded [10] events from 'events/interaction_events/bastard_interaction_events.txt' 
[16:50:23][D][jomini_eventmanager.cpp:641]: >=== NAMESPACE > 'adoption' is set to #2340000
[16:50:23][D][jomini_eventmanager.cpp:594]: Loaded [31] events from 'events/lifestyles/commission_epic_events.txt' 
[16:50:23][D][jomini_eventmanager.cpp:641]: >=== NAMESPACE > 'call_ally' is set to #2350000
[16:50:23][D][jomini_eventmanager.cpp:594]: Loaded [2] events from 'events/interaction_events/adoption_events.txt' 
[16:50:23][D][jomini_eventmanager.cpp:594]: Loaded [3] events from 'events/interaction_events/alliance_interaction_events.txt' 
[16:50:23][D][jomini_eventmanager.cpp:594]: Loaded [17] events from 'events/interaction_events/marriage_interaction_events.txt' 
[16:50:23][D][jomini_eventmanager.cpp:594]: Loaded [32] events from 'events/lifestyles/intrigue_lifestyle/intrigue_dread_events.txt' 
[16:50:23][D][jomini_eventmanager.cpp:641]: >=== NAMESPACE > 'tribal' is set to #2360000
[16:50:23][D][jomini_eventmanager.cpp:641]: >=== NAMESPACE > 'clan' is set to #2370000
[16:50:23][D][jomini_eventmanager.cpp:641]: >=== NAMESPACE > 'faction_invitation' is set to #2380000
[16:50:23][D][jomini_eventmanager.cpp:594]: Loaded [62] events from 'events/lifestyles/intrigue_lifestyle/intrigue_scheming_events.txt' 
[16:50:23][D][jomini_eventmanager.cpp:594]: Loaded [3] events from 'events/factions/faction_invitations.txt' 
[16:50:23][D][jomini_eventmanager.cpp:594]: Loaded [5] events from 'events/government_events/clan_events.txt' 
[16:50:23][D][jomini_eventmanager.cpp:641]: >=== NAMESPACE > 'stewardship_duty_special' is set to #2390000
[16:50:23][D][jomini_eventmanager.cpp:641]: >=== NAMESPACE > 'coming_of_age' is set to #2400000
[16:50:23][D][jomini_eventmanager.cpp:641]: >=== NAMESPACE > 'faction_demand' is set to #2410000
[16:50:23][D][jomini_eventmanager.cpp:641]: >=== NAMESPACE > 'chinese_students' is set to #2420000
[16:50:23][D][jomini_eventmanager.cpp:641]: >=== NAMESPACE > 'childhood' is set to #2430000
[16:50:23][D][jomini_eventmanager.cpp:641]: >=== NAMESPACE > 'child_personality' is set to #2440000
[16:50:23][D][jomini_eventmanager.cpp:641]: >=== NAMESPACE > 'childhood_education' is set to #2450000
[16:50:23][D][jomini_eventmanager.cpp:594]: Loaded [81] events from 'events/interaction_events/character_interaction_events.txt' 
[16:50:23][D][jomini_eventmanager.cpp:641]: >=== NAMESPACE > 'tribute_mission' is set to #2460000
[16:50:23][D][jomini_eventmanager.cpp:594]: Loaded [25] events from 'events/government_events/tribal_events.txt' 
[16:50:23][D][jomini_eventmanager.cpp:594]: Loaded [17] events from 'events/education_and_childhood/childhood_education_events.txt' 
[16:50:23][D][jomini_eventmanager.cpp:641]: >=== NAMESPACE > 'yearly' is set to #2470000
[16:50:23][D][jomini_eventmanager.cpp:594]: Loaded [8] events from 'events/education_and_childhood/childhood_events_oltner.txt' 
[16:50:23][D][jomini_eventmanager.cpp:641]: >=== NAMESPACE > 'scheme_critical_moments' is set to #2480000
[16:50:23][D][jomini_eventmanager.cpp:594]: Loaded [15] events from 'events/education_and_childhood/coming_of_age_events.txt' 
[16:50:23][D][jomini_eventmanager.cpp:641]: >=== NAMESPACE > 'personal_scheme_ongoing' is set to #2490000
[16:50:23][D][jomini_eventmanager.cpp:594]: Loaded [74] events from 'events/lifestyles/governance_lifestyle/stewardship_duty_events.txt' 
[16:50:23][D][jomini_eventmanager.cpp:594]: Loaded [1] events from 'events/scheme_events/personal_scheme_ongoing_events.txt' 
[16:50:23][D][jomini_eventmanager.cpp:641]: >=== NAMESPACE > 'laamp_extra_contract_schemes' is set to #2500000
[16:50:23][D][jomini_eventmanager.cpp:641]: >=== NAMESPACE > 'laamp_base_learning_contract_events' is set to #2510000
[16:50:23][D][jomini_eventmanager.cpp:594]: Loaded [10] events from 'events/education_and_childhood/chinese_disciple_events.txt' 
[16:50:23][D][jomini_eventmanager.cpp:594]: Loaded [46] events from 'events/factions/faction_demands.txt' 
[16:50:23][D][jomini_eventmanager.cpp:641]: >=== NAMESPACE > 'intrigue_scheme_ongoing' is set to #2520000
[16:50:23][D][jomini_eventmanager.cpp:594]: Loaded [9] events from 'events/yearly_events/yearly_events.txt' 
[16:50:23][D][jomini_eventmanager.cpp:641]: >=== NAMESPACE > 'laamp_base_contract_schemes' is set to #2530000
[16:50:23][D][jomini_eventmanager.cpp:594]: Loaded [87] events from 'events/lifestyles/governance_lifestyle/stewardship_domain_events.txt' 
[16:50:23][D][jomini_eventmanager.cpp:594]: Loaded [12] events from 'events/scheme_events/laamp_extra_contract_scheme_events.txt' 
[16:50:23][D][jomini_eventmanager.cpp:594]: Loaded [23] events from 'events/dlc/tgp/tgp_tribute_mission_events.txt' 
[16:50:23][D][jomini_eventmanager.cpp:641]: >=== NAMESPACE > 'intrigue_scheme_lifestyle' is set to #2540000
[16:50:23][D][jomini_eventmanager.cpp:641]: >=== NAMESPACE > 'governor_contract_event' is set to #2550000
[16:50:23][D][jomini_eventmanager.cpp:641]: >=== NAMESPACE > 'hostile_scheme_discovery' is set to #2560000
[16:50:23][D][jomini_eventmanager.cpp:641]: >=== NAMESPACE > 'diplomatic_scheme_lifestyle' is set to #2570000
[16:50:23][D][jomini_eventmanager.cpp:594]: Loaded [9] events from 'events/scheme_events/intrigue_scheme_lifestyle_events.txt' 
[16:50:23][D][jomini_eventmanager.cpp:594]: Loaded [4] events from 'events/scheme_events/diplomatic_scheme_lifestyle_events.txt' 
[16:50:23][D][jomini_eventmanager.cpp:641]: >=== NAMESPACE > 'religious_interaction' is set to #2580000
[16:50:23][D][jomini_eventmanager.cpp:594]: Loaded [8] events from 'events/scheme_events/hostile_scheme_discovery_events.txt' 
[16:50:23][D][jomini_eventmanager.cpp:594]: Loaded [43] events from 'events/education_and_childhood/childhood_events.txt' 
[16:50:23][D][jomini_eventmanager.cpp:641]: >=== NAMESPACE > 'agent_events' is set to #2590000
[16:50:23][D][jomini_eventmanager.cpp:594]: Loaded [28] events from 'events/education_and_childhood/child_personality_events_2.txt' 
[16:50:23][D][jomini_eventmanager.cpp:641]: >=== NAMESPACE > 'local_rites' is set to #2600000
[16:50:23][D][jomini_eventmanager.cpp:641]: >=== NAMESPACE > 'jewish_events' is set to #2610000
[16:50:23][D][jomini_eventmanager.cpp:641]: >=== NAMESPACE > 'religious_decision' is set to #2620000
[16:50:23][D][jomini_eventmanager.cpp:594]: Loaded [1] events from 'events/religion_events/jewish_events.txt' 
[16:50:23][D][jomini_eventmanager.cpp:641]: >=== NAMESPACE > 'human_sacrifice' is set to #2630000
[16:50:23][D][jomini_eventmanager.cpp:594]: Loaded [2] events from 'events/religion_events/human_sacrifice_events.txt' 
[16:50:23][D][jomini_eventmanager.cpp:641]: >=== NAMESPACE > 'holy_order' is set to #2640000
[16:50:23][D][jomini_eventmanager.cpp:594]: Loaded [6] events from 'events/religion_events/local_shrine_events.txt' 
[16:50:23][D][jomini_eventmanager.cpp:594]: Loaded [44] events from 'events/scheme_events/intrigue_scheme_ongoing_events.txt' 
[16:50:23][D][jomini_eventmanager.cpp:594]: Loaded [36] events from 'events/religion_events/religious_interaction_events.txt' 
[16:50:23][D][jomini_eventmanager.cpp:641]: >=== NAMESPACE > 'heresy' is set to #2650000
[16:50:23][D][jomini_eventmanager.cpp:594]: Loaded [110] events from 'events/education_and_childhood/child_personality_events.txt' 
[16:50:23][D][jomini_eventmanager.cpp:641]: >=== NAMESPACE > 'head_of_faith' is set to #2660000
[16:50:23][D][jomini_eventmanager.cpp:641]: >=== NAMESPACE > 'fervor' is set to #2670000
[16:50:23][D][jomini_eventmanager.cpp:641]: >=== NAMESPACE > 'great_holy_war' is set to #2680000
[16:50:23][D][jomini_eventmanager.cpp:641]: >=== NAMESPACE > 'false_conversion' is set to #2690000
[16:50:23][D][jomini_eventmanager.cpp:641]: >=== NAMESPACE > 'faith_creation' is set to #2700000
[16:50:23][D][jomini_eventmanager.cpp:594]: Loaded [17] events from 'events/religion_events/holy_order_events.txt' 
[16:50:23][D][jomini_eventmanager.cpp:594]: Loaded [4] events from 'events/religion_events/heresy_events.txt' 
[16:50:23][D][jomini_eventmanager.cpp:594]: Loaded [5] events from 'events/religion_events/head_of_faith_events.txt' 
[16:50:23][D][jomini_eventmanager.cpp:594]: Loaded [40] events from 'events/scheme_events/governor_contract_events.txt' 
[16:50:23][D][jomini_eventmanager.cpp:594]: Loaded [25] events from 'events/scheme_events/agent_events.txt' 
[16:50:23][D][jomini_eventmanager.cpp:594]: Loaded [20] events from 'events/religion_events/religious_decision_events.txt' 
[16:50:23][D][jomini_eventmanager.cpp:594]: Loaded [9] events from 'events/religion_events/faith_creation_events.txt' 
[16:50:23][D][jomini_eventmanager.cpp:594]: Loaded [153] events from 'events/scheme_events/scheme_critical_moments_events.txt' 
[16:50:23][D][jomini_eventmanager.cpp:594]: Loaded [13] events from 'events/scheme_events/laamp_base_learning_contract_events.txt' 
[16:50:23][D][jomini_eventmanager.cpp:641]: >=== NAMESPACE > 'faith_conversion' is set to #2710000
[16:50:23][D][jomini_eventmanager.cpp:641]: >=== NAMESPACE > 'vassal' is set to #2720000
[16:50:23][D][jomini_eventmanager.cpp:594]: Loaded [11] events from 'events/religion_events/false_conversion_events.txt' 
[16:50:23][D][jomini_eventmanager.cpp:641]: >=== NAMESPACE > 'sibling' is set to #2730000
[16:50:23][D][jomini_eventmanager.cpp:594]: Loaded [8] events from 'events/religion_events/faith_conversion_events.txt' 
[16:50:23][D][jomini_eventmanager.cpp:641]: >=== NAMESPACE > 'spouse' is set to #2740000
[16:50:23][D][jomini_eventmanager.cpp:641]: >=== NAMESPACE > 'rivalry' is set to #2750000
[16:50:23][D][jomini_eventmanager.cpp:594]: Loaded [4] events from 'events/religion_events/fervor_events.txt' 
[16:50:23][D][jomini_eventmanager.cpp:641]: >=== NAMESPACE > 'relation_upgrade' is set to #2760000
[16:50:23][D][jomini_eventmanager.cpp:641]: >=== NAMESPACE > 'mentor_student' is set to #2770000
[16:50:23][D][jomini_eventmanager.cpp:594]: Loaded [3] events from 'events/relations_events/mentor_student_events.txt' 
[16:50:23][D][jomini_eventmanager.cpp:641]: >=== NAMESPACE > 'lover' is set to #2780000
[16:50:23][D][jomini_eventmanager.cpp:641]: >=== NAMESPACE > 'parent' is set to #2790000
[16:50:23][D][jomini_eventmanager.cpp:641]: >=== NAMESPACE > 'friendship' is set to #2800000
[16:50:23][D][jomini_eventmanager.cpp:594]: Loaded [14] events from 'events/relations_events/sibling_events.txt' 
[16:50:23][D][jomini_eventmanager.cpp:641]: >=== NAMESPACE > 'bishop' is set to #2810000
[16:50:23][D][jomini_eventmanager.cpp:641]: >=== NAMESPACE > 'adultery' is set to #2820000
[16:50:23][D][jomini_eventmanager.cpp:641]: >=== NAMESPACE > 'prison_notification' is set to #2830000
[16:50:23][D][jomini_eventmanager.cpp:594]: Loaded [14] events from 'events/relations_events/parent_events.txt' 
[16:50:23][D][jomini_eventmanager.cpp:594]: Loaded [41] events from 'events/relations_events/spouse_events.txt' 
[16:50:23][D][jomini_eventmanager.cpp:594]: Loaded [8] events from 'events/prison_events/prison_notification_events.txt' 
[16:50:23][D][jomini_eventmanager.cpp:641]: >=== NAMESPACE > 'prison' is set to #2840000
[16:50:23][D][jomini_eventmanager.cpp:594]: Loaded [36] events from 'events/relations_events/rivalry_events.txt' 
[16:50:23][D][jomini_eventmanager.cpp:594]: Loaded [45] events from 'events/religion_events/great_holy_war_events.txt' 
[16:50:23][D][jomini_eventmanager.cpp:594]: Loaded [7] events from 'events/relations_events/bishop_events.txt' 
[16:50:23][D][jomini_eventmanager.cpp:641]: >=== NAMESPACE > 'house_arrest_ongoing' is set to #2850000
[16:50:23][D][jomini_eventmanager.cpp:594]: Loaded [36] events from 'events/relations_events/friendship_events.txt' 
[16:50:23][D][jomini_eventmanager.cpp:641]: >=== NAMESPACE > 'dungeon_ongoing' is set to #2860000
[16:50:23][D][jomini_eventmanager.cpp:641]: >=== NAMESPACE > 'ep1_notifications' is set to #2870000
[16:50:23][D][jomini_eventmanager.cpp:594]: Loaded [4] events from 'events/notification_events/ep1_notification_events.txt' 
[16:50:23][D][jomini_eventmanager.cpp:594]: Loaded [33] events from 'events/relations_events/vassal_events.txt' 
[16:50:23][D][jomini_eventmanager.cpp:594]: Loaded [5] events from 'events/prison_events/house_arrest_ongoing_events.txt' 
[16:50:23][D][jomini_eventmanager.cpp:641]: >=== NAMESPACE > 'lifestyle_nicknames' is set to #2880000
[16:50:23][D][jomini_eventmanager.cpp:641]: >=== NAMESPACE > 'warhorse' is set to #2890000
[16:50:23][D][jomini_eventmanager.cpp:594]: Loaded [13] events from 'events/relations_events/relation_upgrade_events.txt' 
[16:50:23][D][jomini_eventmanager.cpp:641]: >=== NAMESPACE > 'martial_strategy' is set to #2900000
[16:50:23][D][jomini_eventmanager.cpp:594]: Loaded [25] events from 'events/prison_events/prison_events.txt' 
[16:50:23][D][jomini_eventmanager.cpp:594]: Loaded [24] events from 'events/relations_events/adultery_events.txt' 
[16:50:23][D][jomini_eventmanager.cpp:594]: Loaded [19] events from 'events/prison_events/dungeon_ongoing_events.txt' 
[16:50:23][D][jomini_eventmanager.cpp:594]: Loaded [3] events from 'events/lifestyles/warfare_lifestyle/martial_strategy_events_2.txt' 
[16:50:23][D][jomini_eventmanager.cpp:641]: >=== NAMESPACE > 'martial_authority' is set to #2910000
[16:50:23][D][jomini_eventmanager.cpp:641]: >=== NAMESPACE > 'martial_chivalry' is set to #2920000
[16:50:23][D][jomini_eventmanager.cpp:594]: Loaded [12] events from 'events/nickname_events/nickname_events.txt' 
[16:50:23][D][jomini_eventmanager.cpp:594]: Loaded [15] events from 'events/lifestyles/warfare_lifestyle/warhorse_events.txt' 
[16:50:23][D][jomini_eventmanager.cpp:641]: >=== NAMESPACE > 'infidelity_confrontation' is set to #2930000
[16:50:23][D][jomini_eventmanager.cpp:641]: >=== NAMESPACE > 'mongol_invasion' is set to #2940000
[16:50:23][D][jomini_eventmanager.cpp:594]: Loaded [3] events from 'events/lifestyles/warfare_lifestyle/martial_authority_events_2.txt' 
[16:50:23][D][jomini_eventmanager.cpp:641]: >=== NAMESPACE > 'martial_authority_special' is set to #2950000
[16:50:23][D][jomini_eventmanager.cpp:641]: >=== NAMESPACE > 'conqueror' is set to #2960000
[16:50:23][D][jomini_eventmanager.cpp:641]: >=== NAMESPACE > 'almohad' is set to #2970000
[16:50:23][D][jomini_eventmanager.cpp:641]: >=== NAMESPACE > 'bell_special_yearly' is set to #2980000
[16:50:23][D][jomini_eventmanager.cpp:641]: >=== NAMESPACE > 'hunt_mystical_animal' is set to #2990000
[16:50:23][D][jomini_eventmanager.cpp:594]: Loaded [18] events from 'events/story_cycles/story_cycle_mongol_invasion_events.txt' 
[16:50:23][D][jomini_eventmanager.cpp:641]: >=== NAMESPACE > 'martial_strategy_special' is set to #3000000
[16:50:23][D][jomini_eventmanager.cpp:594]: Loaded [8] events from 'events/story_cycles/story_cycle_almohad_events.txt' 
[16:50:23][D][jomini_eventmanager.cpp:594]: Loaded [74] events from 'events/relations_events/lover_events.txt' 
[16:50:23][D][jomini_eventmanager.cpp:641]: >=== NAMESPACE > 'hasan_sabbah' is set to #3010000
[16:50:23][D][jomini_eventmanager.cpp:594]: Loaded [7] events from 'events/story_cycles/fp2_story_cycle_bell_of_huesca.txt' 
[16:50:23][D][jomini_eventmanager.cpp:594]: Loaded [23] events from 'events/lifestyles/warfare_lifestyle/martial_authority_events.txt' 
[16:50:23][D][jomini_eventmanager.cpp:594]: Loaded [11] events from 'events/story_cycles/story_cycle_conqueror_events.txt' 
[16:50:23][D][jomini_eventmanager.cpp:594]: Loaded [9] events from 'events/story_cycles/story_cycle_infidelity_confrontation_events.txt' 
[16:50:23][D][jomini_eventmanager.cpp:594]: Loaded [11] events from 'events/story_cycles/story_cycle_hunt_mystical_animal_events.txt' 
[16:50:23][D][jomini_eventmanager.cpp:594]: Loaded [8] events from 'events/story_cycles/ep3_story_cycle_hasan.txt' 
[16:50:23][D][jomini_eventmanager.cpp:641]: >=== NAMESPACE > 'cid' is set to #3020000
[16:50:23][D][jomini_eventmanager.cpp:641]: >=== NAMESPACE > 'debug_story_test_event' is set to #3030000
[16:50:23][D][jomini_eventmanager.cpp:594]: Loaded [27] events from 'events/lifestyles/warfare_lifestyle/martial_strategy_events.txt' 
[16:50:23][D][jomini_eventmanager.cpp:641]: >=== NAMESPACE > 'natural_disaster' is set to #3040000
[16:50:23][D][jomini_eventmanager.cpp:594]: Loaded [1] events from 'events/story_cycles/debug_story_cycle_test_events.txt' 
[16:50:23][D][jomini_eventmanager.cpp:641]: >=== NAMESPACE > 'martial_chivalry_special' is set to #3050000
[16:50:23][D][jomini_eventmanager.cpp:641]: >=== NAMESPACE > 'debug_situation' is set to #3060000
[16:50:23][D][jomini_eventmanager.cpp:641]: >=== NAMESPACE > 'secrets' is set to #3070000
[16:50:23][D][jomini_eventmanager.cpp:641]: >=== NAMESPACE > 'secret_bastard' is set to #3080000
[16:50:23][D][jomini_eventmanager.cpp:594]: Loaded [4] events from 'events/situation_events/debug.txt' 
[16:50:23][D][jomini_eventmanager.cpp:641]: >=== NAMESPACE > 'mpo_the_great_steppe' is set to #3090000
[16:50:23][D][jomini_eventmanager.cpp:641]: >=== NAMESPACE > 'sway_outcome' is set to #3100000
[16:50:23][D][jomini_eventmanager.cpp:594]: Loaded [38] events from 'events/lifestyles/warfare_lifestyle/martial_chivalry_events.txt' 
[16:50:23][D][jomini_eventmanager.cpp:641]: >=== NAMESPACE > 'sway_ongoing' is set to #3110000
[16:50:23][D][jomini_eventmanager.cpp:641]: >=== NAMESPACE > 'steal_herd_outcome' is set to #3120000
[16:50:23][D][jomini_eventmanager.cpp:594]: Loaded [3] events from 'events/situation_events/mpo_the_great_steppe_events.txt' 
[16:50:23][D][jomini_eventmanager.cpp:641]: >=== NAMESPACE > 'study_confucian_classics_outcome' is set to #3130000
[16:50:23][D][jomini_eventmanager.cpp:594]: Loaded [18] events from 'events/secret_events/secret_bastard_events.txt' 
[16:50:23][D][jomini_eventmanager.cpp:594]: Loaded [8] events from 'events/scheme_events/sway_scheme/sway_outcome_events.txt' 
[16:50:23][D][jomini_eventmanager.cpp:594]: Loaded [13] events from 'events/story_cycles/ep3_story_cycle_el_cid.txt' 
[16:50:23][D][jomini_eventmanager.cpp:594]: Loaded [6] events from 'events/scheme_events/steal_herd_scheme/steal_herd_outcome_events.txt' 
[16:50:23][D][jomini_eventmanager.cpp:641]: >=== NAMESPACE > 'steal_herd_ongoing' is set to #3140000
[16:50:23][D][jomini_eventmanager.cpp:594]: Loaded [2] events from 'events/scheme_events/steal_herd_scheme/steal_herd_ongoing_events.txt' 
[16:50:23][D][jomini_eventmanager.cpp:641]: >=== NAMESPACE > 'steal_back_artifact_outcome' is set to #3150000
[16:50:23][D][jomini_eventmanager.cpp:594]: Loaded [35] events from 'events/situation_events/tgp_natural_disaster_events.txt' 
[16:50:23][D][jomini_eventmanager.cpp:594]: Loaded [3] events from 'events/scheme_events/steal_back_artifact_scheme/steal_back_artifact_outcome_events.txt' 
[16:50:23][D][jomini_eventmanager.cpp:594]: Loaded [8] events from 'events/scheme_events/sway_scheme/sway_ongoing_events.txt' 
[16:50:23][D][jomini_eventmanager.cpp:641]: >=== NAMESPACE > 'murder_save' is set to #3160000
[16:50:23][D][jomini_eventmanager.cpp:641]: >=== NAMESPACE > 'seduce_outcome' is set to #3170000
[16:50:23][D][jomini_eventmanager.cpp:594]: Loaded [22] events from 'events/scheme_events/study_confucian_classics_scheme/study_confucian_classics_events.txt' 
[16:50:23][D][jomini_eventmanager.cpp:641]: >=== NAMESPACE > 'seduce_ongoing' is set to #3180000
[16:50:23][D][jomini_eventmanager.cpp:641]: >=== NAMESPACE > 'murder_scheme_maintenance' is set to #3190000
[16:50:23][D][jomini_eventmanager.cpp:641]: >=== NAMESPACE > 'murder_outcome_reworked' is set to #3200000
[16:50:23][D][jomini_eventmanager.cpp:641]: >=== NAMESPACE > 'steal_back_artifact_ongoing' is set to #3210000
[16:50:23][D][jomini_eventmanager.cpp:641]: >=== NAMESPACE > 'murder_outcome' is set to #3220000
[16:50:23][D][jomini_eventmanager.cpp:594]: Loaded [1] events from 'events/scheme_events/steal_back_artifact_scheme/steal_back_artifact_ongoing_events.txt' 
[16:50:23][D][jomini_eventmanager.cpp:641]: >=== NAMESPACE > 'murder_ongoing' is set to #3230000
[16:50:23][D][jomini_eventmanager.cpp:594]: Loaded [1] events from 'events/scheme_events/murder_scheme/murder_scheme_maintenance_events.txt' 
[16:50:23][D][jomini_eventmanager.cpp:594]: Loaded [2] events from 'events/scheme_events/murder_scheme/murder_outcome_events.txt' 
[16:50:23][D][jomini_eventmanager.cpp:641]: >=== NAMESPACE > 'assassination_ongoing' is set to #3240000
[16:50:23][D][jomini_eventmanager.cpp:594]: Loaded [3] events from 'events/scheme_events/murder_scheme/murder_ongoing_events.txt' 
[16:50:23][D][jomini_eventmanager.cpp:641]: >=== NAMESPACE > 'disbelieve_mandala_ongoing' is set to #3250000
[16:50:23][D][jomini_eventmanager.cpp:594]: Loaded [2] events from 'events/scheme_events/mandala_schemes/disbelieve_mandala_scheme_events.txt' 
[16:50:23][D][jomini_eventmanager.cpp:594]: Loaded [31] events from 'events/yearly_events/yearly_events_2.txt' 
[16:50:23][D][jomini_eventmanager.cpp:594]: Loaded [30] events from 'events/scheme_events/murder_scheme/murder_save_events.txt' 
[16:50:23][D][jomini_eventmanager.cpp:641]: >=== NAMESPACE > 'coerce_tributary_ongoing' is set to #3260000
[16:50:23][D][jomini_eventmanager.cpp:641]: >=== NAMESPACE > 'coerce_and_leverage_contribution_ongoing' is set to #3270000
[16:50:23][D][jomini_eventmanager.cpp:594]: Loaded [2] events from 'events/scheme_events/mandala_schemes/coerce_tributary_scheme_events.txt' 
[16:50:23][D][jomini_eventmanager.cpp:641]: >=== NAMESPACE > 'learn_language_outcome' is set to #3280000
[16:50:23][D][jomini_eventmanager.cpp:594]: Loaded [3] events from 'events/scheme_events/mandala_schemes/coerce_and_leverage_contribution_scheme_events.txt' 
[16:50:23][D][jomini_eventmanager.cpp:594]: Loaded [7] events from 'events/scheme_events/murder_scheme/assassination_ongoing_events.txt' 
[16:50:23][D][jomini_eventmanager.cpp:641]: >=== NAMESPACE > 'learn_language_ongoing' is set to #3290000
[16:50:23][D][jomini_eventmanager.cpp:594]: Loaded [52] events from 'events/secret_events/secrets_events.txt' 
[16:50:23][D][jomini_eventmanager.cpp:641]: >=== NAMESPACE > 'fabricate_hook_outcome' is set to #3300000
[16:50:23][D][jomini_eventmanager.cpp:594]: Loaded [4] events from 'events/scheme_events/learn_language_scheme/learn_language_outcome_events.txt' 
[16:50:23][D][jomini_eventmanager.cpp:641]: >=== NAMESPACE > 'elope' is set to #3310000
[16:50:23][D][jomini_eventmanager.cpp:641]: >=== NAMESPACE > 'fabricate_hook_ongoing' is set to #3320000
[16:50:23][D][jomini_eventmanager.cpp:594]: Loaded [8] events from 'events/scheme_events/fabricate_hook_scheme/fabricate_hook_outcome_events.txt' 
[16:50:23][D][jomini_eventmanager.cpp:641]: >=== NAMESPACE > 'court_outcome' is set to #3330000
[16:50:23][D][jomini_eventmanager.cpp:594]: Loaded [5] events from 'events/scheme_events/fabricate_hook_scheme/fabricate_hook_ongoing_events.txt' 
[16:50:23][D][jomini_eventmanager.cpp:641]: >=== NAMESPACE > 'court_ongoing' is set to #3340000
[16:50:23][D][jomini_eventmanager.cpp:594]: Loaded [9] events from 'events/scheme_events/elope_scheme/elope_scheme_events.txt' 
[16:50:23][D][jomini_eventmanager.cpp:641]: >=== NAMESPACE > 'claim_throne_outcome' is set to #3350000
[16:50:23][D][jomini_eventmanager.cpp:641]: >=== NAMESPACE > 'claim_throne_ongoing' is set to #3360000
[16:50:23][D][jomini_eventmanager.cpp:641]: >=== NAMESPACE > 'befriend_outcome' is set to #3370000
[16:50:23][D][jomini_eventmanager.cpp:594]: Loaded [47] events from 'events/scheme_events/seduce_scheme/seduce_scheme_outcome_events.txt' 
[16:50:23][D][jomini_eventmanager.cpp:641]: >=== NAMESPACE > 'befriend_ongoing_rival' is set to #3380000
[16:50:23][D][jomini_eventmanager.cpp:594]: Loaded [14] events from 'events/scheme_events/claim_throne_scheme/claim_throne_outcome_events.txt' 
[16:50:23][D][jomini_eventmanager.cpp:594]: Loaded [11] events from 'events/scheme_events/court_scheme/court_scheme_outcome_events.txt' 
[16:50:23][D][jomini_eventmanager.cpp:594]: Loaded [9] events from 'events/scheme_events/claim_throne_scheme/claim_throne_ongoing_events.txt' 
[16:50:23][D][jomini_eventmanager.cpp:641]: >=== NAMESPACE > 'befriend_ongoing' is set to #3390000
[16:50:23][D][jomini_eventmanager.cpp:594]: Loaded [64] events from 'events/scheme_events/murder_scheme/murder_outcome_reworked_events.txt' 
[16:50:23][D][jomini_eventmanager.cpp:641]: >=== NAMESPACE > 'befriend_ongoing_dislike' is set to #3400000
[16:50:23][D][jomini_eventmanager.cpp:594]: Loaded [9] events from 'events/scheme_events/befriend_scheme/befriend_ongoing_rival_events.txt' 
[16:50:23][D][jomini_eventmanager.cpp:594]: Loaded [21] events from 'events/scheme_events/learn_language_scheme/learn_language_ongoing_events.txt' 
[16:50:23][D][jomini_eventmanager.cpp:641]: >=== NAMESPACE > 'abduct_outcome' is set to #3410000
[16:50:23][D][jomini_eventmanager.cpp:594]: Loaded [12] events from 'events/scheme_events/befriend_scheme/befriend_ongoing_dislike_events.txt' 
[16:50:23][D][jomini_eventmanager.cpp:641]: >=== NAMESPACE > 'feast_events_ewan' is set to #3420000
[16:50:23][D][jomini_eventmanager.cpp:641]: >=== NAMESPACE > 'governor_contract_events_tova' is set to #3430000
[16:50:23][D][jomini_eventmanager.cpp:594]: Loaded [12] events from 'events/scheme_events/adbuct_scheme/abduct_outcome_events.txt' 
[16:50:23][D][jomini_eventmanager.cpp:641]: >=== NAMESPACE > 'feast_events_flavor' is set to #3440000
[16:50:23][D][jomini_eventmanager.cpp:641]: >=== NAMESPACE > 'feast_events_klank' is set to #3450000
[16:50:23][D][jomini_eventmanager.cpp:594]: Loaded [1] events from 'events/activities/feast_activity/feast_events_klank.txt' 
[16:50:23][D][jomini_eventmanager.cpp:641]: >=== NAMESPACE > 'feast_mkc' is set to #3460000
[16:50:23][D][jomini_eventmanager.cpp:594]: Loaded [1] events from 'events/activities/feast_activity/feast_events_mkc.txt' 
[16:50:23][D][jomini_eventmanager.cpp:594]: Loaded [2] events from 'events/activities/feast_activity/feast_events_flavor.txt' 
[16:50:23][D][jomini_eventmanager.cpp:594]: Loaded [37] events from 'events/scheme_events/befriend_scheme/befriend_scheme_outcome_events.txt' 
[16:50:23][D][jomini_eventmanager.cpp:594]: Loaded [198] events from 'events/scheme_events/laamp_base_contract_scheme_events.txt' 
[16:50:23][D][jomini_eventmanager.cpp:641]: >=== NAMESPACE > 'feast_events_tova' is set to #3470000
[16:50:23][D][jomini_eventmanager.cpp:594]: Loaded [14] events from 'events/scheme_events/tgp_governor_contract_events_tova.txt' 
[16:50:23][D][jomini_eventmanager.cpp:594]: Loaded [1] events from 'events/activities/feast_activity/feast_events_tova.txt' 
[16:50:23][D][jomini_eventmanager.cpp:641]: >=== NAMESPACE > 'travel_events' is set to #3480000
[16:50:23][D][jomini_eventmanager.cpp:594]: Loaded [5] events from 'events/activities/feast_activity/feast_events_ewan.txt' 
[16:50:23][D][jomini_eventmanager.cpp:641]: >=== NAMESPACE > 'travel_events_oltner_2' is set to #3490000
[16:50:23][D][jomini_eventmanager.cpp:641]: >=== NAMESPACE > 'travel_events_mpo' is set to #3500000
[16:50:23][D][jomini_eventmanager.cpp:641]: >=== NAMESPACE > 'travel_events_fp3' is set to #3510000
[16:50:23][D][jomini_eventmanager.cpp:594]: Loaded [43] events from 'events/scheme_events/court_scheme/court_scheme_ongoing_events.txt' 
[16:50:23][D][jomini_eventmanager.cpp:594]: Loaded [2] events from 'events/travel_events/travel_events_mpo.txt' 
[16:50:23][D][jomini_eventmanager.cpp:594]: Loaded [16] events from 'events/yearly_events/yearly_events_3.txt' 
[16:50:23][D][jomini_eventmanager.cpp:641]: >=== NAMESPACE > 'travel_events_cities' is set to #3520000
[16:50:23][D][jomini_eventmanager.cpp:641]: >=== NAMESPACE > 'travel_events_bp3' is set to #3530000
[16:50:23][D][jomini_eventmanager.cpp:641]: >=== NAMESPACE > 'travel_danger_events' is set to #3540000
[16:50:23][D][jomini_eventmanager.cpp:594]: Loaded [1] events from 'events/travel_events/travel_events_bjorn.txt' 
[16:50:23][D][jomini_eventmanager.cpp:594]: Loaded [17] events from 'events/travel_events/travel_events_cultural_traditions.txt' 
[16:50:23][D][jomini_eventmanager.cpp:594]: Loaded [151] events from 'events/scheme_events/seduce_scheme/seduce_ongoing_events.txt' 
[16:50:23][D][jomini_eventmanager.cpp:594]: Loaded [9] events from 'events/travel_events/travel_events_fp3.txt' 
[16:50:23][D][jomini_eventmanager.cpp:594]: Loaded [7] events from 'events/travel_events/travel_danger_events_oltner.txt' 
[16:50:23][D][jomini_eventmanager.cpp:594]: Loaded [89] events from 'events/scheme_events/befriend_scheme/befriend_ongoing_events.txt' 
[16:50:23][D][jomini_eventmanager.cpp:594]: Loaded [3] events from 'events/travel_events/travel_events_cities.txt' 
[16:50:23][D][jomini_eventmanager.cpp:594]: Loaded [2] events from 'events/travel_events/travel_danger_events_dan.txt' 
[16:50:23][D][jomini_eventmanager.cpp:594]: Loaded [6] events from 'events/travel_events/travel_danger_events_klank.txt' 
[16:50:23][D][jomini_eventmanager.cpp:594]: Loaded [14] events from 'events/travel_events/travel_events.txt' 
[16:50:23][D][jomini_eventmanager.cpp:594]: Loaded [2] events from 'events/travel_events/travel_danger_events_filippa.txt' 
[16:50:23][D][jomini_eventmanager.cpp:594]: Loaded [2] events from 'events/travel_events/travel_danger_events_chad.txt' 
[16:50:23][D][jomini_eventmanager.cpp:594]: Loaded [25] events from 'events/travel_events/travel_events_oltner_2.txt' 
[16:50:23][D][jomini_eventmanager.cpp:594]: Loaded [25] events from 'events/travel_events/travel_events_bp3.txt' 
[16:50:23][D][jomini_eventmanager.cpp:594]: Loaded [23] events from 'events/travel_events/travel_events_veronica.txt' 
[16:50:23][D][jomini_eventmanager.cpp:594]: Loaded [8] events from 'events/travel_events/travel_danger_events_joe.txt' 
[16:50:23][D][jomini_eventmanager.cpp:641]: >=== NAMESPACE > 'travel_completion_event' is set to #3550000
[16:50:23][D][jomini_eventmanager.cpp:641]: >=== NAMESPACE > 'tgp_travel_events' is set to #3560000
[16:50:23][D][jomini_eventmanager.cpp:594]: Loaded [1] events from 'events/travel_events/travel_completion_events.txt' 
[16:50:23][D][jomini_eventmanager.cpp:641]: >=== NAMESPACE > 'travel_destinations' is set to #3570000
[16:50:23][D][jomini_eventmanager.cpp:594]: Loaded [1] events from 'events/travel_events/test_events.txt' 
[16:50:23][D][jomini_eventmanager.cpp:594]: Loaded [1] events from 'events/travel_events/travel_danger_events_ariana.txt' 
[16:50:23][D][jomini_eventmanager.cpp:594]: Loaded [3] events from 'events/travel_events/travel_danger_events_arky.txt' 
[16:50:23][D][jomini_eventmanager.cpp:641]: >=== NAMESPACE > 'trait_specific_ongoing' is set to #3580000
[16:50:23][D][jomini_eventmanager.cpp:641]: >=== NAMESPACE > 'trait_specific_interactions' is set to #3590000
[16:50:23][D][jomini_eventmanager.cpp:594]: Loaded [6] events from 'events/travel_events/tgp_travel_events.txt' 
[16:50:23][D][jomini_eventmanager.cpp:641]: >=== NAMESPACE > 'trait_specific' is set to #3600000
[16:50:23][D][jomini_eventmanager.cpp:594]: Loaded [10] events from 'events/travel_events/travel_danger_events.txt' 
[16:50:23][D][jomini_eventmanager.cpp:594]: Loaded [11] events from 'events/trait_specific_events/trait_specific_interaction_events.txt' 
[16:50:23][D][jomini_eventmanager.cpp:641]: >=== NAMESPACE > 'test_court_events' is set to #3610000
[16:50:23][D][jomini_eventmanager.cpp:641]: >=== NAMESPACE > 'test_activity_events' is set to #3620000
[16:50:23][D][jomini_eventmanager.cpp:594]: Loaded [3] events from 'events/test_events/test_court_events.txt' 
[16:50:23][D][jomini_eventmanager.cpp:641]: >=== NAMESPACE > 'poetry' is set to #3630000
[16:50:23][D][jomini_eventmanager.cpp:594]: Loaded [6] events from 'events/test_events/test_activity_events.txt' 
[16:50:23][D][jomini_eventmanager.cpp:594]: Loaded [3] events from 'events/test_events/poetry_events.txt' 
[16:50:23][D][jomini_eventmanager.cpp:594]: Loaded [21] events from 'events/trait_specific_events/trait_specific_events.txt' 
[16:50:23][D][jomini_eventmanager.cpp:641]: >=== NAMESPACE > 'insult_poetry' is set to #3640000
[16:50:23][D][jomini_eventmanager.cpp:594]: Loaded [1] events from 'events/test_events/insult_poetry.txt' 
[16:50:23][D][jomini_eventmanager.cpp:641]: >=== NAMESPACE > 'debug' is set to #3650000
[16:50:23][D][jomini_eventmanager.cpp:641]: >=== NAMESPACE > 'debug_portraits' is set to #3660000
[16:50:23][D][jomini_eventmanager.cpp:594]: Loaded [3] events from 'events/test_events/debug_portraits.txt' 
[16:50:23][D][jomini_eventmanager.cpp:594]: Loaded [41] events from 'events/travel_events/travel_events_james.txt' 
[16:50:23][D][jomini_eventmanager.cpp:641]: >=== NAMESPACE > 'stress_trait_ongoing' is set to #3670000
[16:50:23][D][jomini_eventmanager.cpp:641]: >=== NAMESPACE > 'stress_trait_coping_decisions' is set to #3680000
[16:50:23][D][jomini_eventmanager.cpp:641]: >=== NAMESPACE > 'stress_threshold_special' is set to #3690000
[16:50:23][D][jomini_eventmanager.cpp:594]: Loaded [42] events from 'events/trait_specific_events/trait_specific_ongoing_events.txt' 
[16:50:23][D][jomini_eventmanager.cpp:641]: >=== NAMESPACE > 'stress_threshold_prison' is set to #3700000
[16:50:23][D][jomini_eventmanager.cpp:641]: >=== NAMESPACE > 'stress_threshold' is set to #3710000
[16:50:23][D][jomini_eventmanager.cpp:594]: Loaded [2] events from 'events/stress_events/stress_threshold_special_events.txt' 
[16:50:23][D][jomini_eventmanager.cpp:594]: Loaded [8] events from 'events/stress_events/stress_trait_ongoing_events.txt' 
[16:50:23][D][jomini_eventmanager.cpp:641]: >=== NAMESPACE > 'murders_at_court' is set to #3720000
[16:50:23][D][jomini_eventmanager.cpp:641]: >=== NAMESPACE > 'tax_rivalry' is set to #3730000
[16:50:23][D][jomini_eventmanager.cpp:594]: Loaded [12] events from 'events/stress_events/stress_threshold_prison_events.txt' 
[16:50:23][D][jomini_eventmanager.cpp:641]: >=== NAMESPACE > 'pet_animal' is set to #3740000
[16:50:23][D][jomini_eventmanager.cpp:641]: >=== NAMESPACE > 'party_baron' is set to #3750000
[16:50:23][D][jomini_eventmanager.cpp:641]: >=== NAMESPACE > 'peasant_affair' is set to #3760000
[16:50:23][D][jomini_eventmanager.cpp:594]: Loaded [26] events from 'events/stress_events/stress_trait_coping_decisions_events.txt' 
[16:50:23][D][jomini_eventmanager.cpp:594]: Loaded [52] events from 'events/travel_events/travel_events_filippa.txt' 
[16:50:23][D][jomini_eventmanager.cpp:594]: Loaded [109] events from 'events/test_events/debug.txt' 
[16:50:23][D][jomini_eventmanager.cpp:641]: >=== NAMESPACE > 'contest_events' is set to #3770000
[16:50:23][D][jomini_eventmanager.cpp:594]: Loaded [21] events from 'events/story_cycles/story_cycle_party_baron_events.txt' 
[16:50:23][D][jomini_eventmanager.cpp:594]: Loaded [18] events from 'events/story_cycles/story_cycle_tax_rivalry_events.txt' 
[16:50:23][D][jomini_eventmanager.cpp:641]: >=== NAMESPACE > 'tournament_events' is set to #3780000
[16:50:23][D][jomini_eventmanager.cpp:641]: >=== NAMESPACE > 'ep2_locale_events' is set to #3790000
[16:50:23][D][jomini_eventmanager.cpp:594]: Loaded [20] events from 'events/story_cycles/murders_at_court/story_cycle_murders_at_court_events.txt' 
[16:50:23][D][jomini_eventmanager.cpp:594]: Loaded [1] events from 'events/activities/tournaments/james_tournament_events.txt' 
[16:50:23][D][jomini_eventmanager.cpp:594]: Loaded [10] events from 'events/story_cycles/peasant_affair/story_cycle_peasant_affair_events.txt' 
[16:50:23][D][jomini_eventmanager.cpp:641]: >=== NAMESPACE > 'jason_first_race_event' is set to #3800000
[16:50:23][D][jomini_eventmanager.cpp:641]: >=== NAMESPACE > 'easteregg_event' is set to #3810000
[16:50:23][D][jomini_eventmanager.cpp:594]: Loaded [2] events from 'events/easteregg_events.txt' 
[16:50:23][D][jomini_eventmanager.cpp:641]: >=== NAMESPACE > 'travel_start_event' is set to #3820000
[16:50:23][D][jomini_eventmanager.cpp:594]: Loaded [13] events from 'events/yearly_events/yearly_events_4.txt' 
[16:50:23][D][jomini_eventmanager.cpp:594]: Loaded [1] events from 'events/activities/tournaments/jason_first_race_event.txt' 
[16:50:23][D][jomini_eventmanager.cpp:641]: >=== NAMESPACE > 'elder_events' is set to #3830000
[16:50:23][D][jomini_eventmanager.cpp:641]: >=== NAMESPACE > 'error_suppression' is set to #3840000
[16:50:23][D][jomini_eventmanager.cpp:641]: >=== NAMESPACE > 'game_rule' is set to #3850000
[16:50:23][D][jomini_eventmanager.cpp:641]: >=== NAMESPACE > 'global_culture' is set to #3860000
[16:50:23][D][jomini_eventmanager.cpp:594]: Loaded [5] events from 'events/error_suppression_events.txt' 
[16:50:23][D][jomini_eventmanager.cpp:641]: >=== NAMESPACE > 'global_religion' is set to #3870000
[16:50:23][D][jomini_eventmanager.cpp:594]: Loaded [7] events from 'events/elder_events.txt' 
[16:50:23][D][jomini_eventmanager.cpp:641]: >=== NAMESPACE > 'harm' is set to #3880000
[16:50:23][D][jomini_eventmanager.cpp:594]: Loaded [16] events from 'events/global_culture_events.txt' 
[16:50:23][D][jomini_eventmanager.cpp:594]: Loaded [69] events from 'events/story_cycles/story_cycle_pet_animal_events.txt' 
[16:50:23][D][jomini_eventmanager.cpp:641]: >=== NAMESPACE > 'health' is set to #3890000
[16:50:23][D][jomini_eventmanager.cpp:641]: >=== NAMESPACE > 'historical_char_creation_events' is set to #3900000
[16:50:23][D][jomini_eventmanager.cpp:594]: Loaded [2] events from 'events/global_religion_events.txt' 
[16:50:23][D][jomini_eventmanager.cpp:594]: Loaded [16] events from 'events/travel_events/travel_start_events.txt' 
[16:50:23][D][jomini_eventmanager.cpp:594]: Loaded [2] events from 'events/historical_character_events.txt' 
[16:50:23][D][jomini_eventmanager.cpp:641]: >=== NAMESPACE > 'jester' is set to #3910000
[16:50:23][D][jomini_eventmanager.cpp:641]: >=== NAMESPACE > 'marriage_effect' is set to #3920000
[16:50:23][D][jomini_eventmanager.cpp:641]: >=== NAMESPACE > 'misc' is set to #3930000
[16:50:23][D][jomini_eventmanager.cpp:594]: Loaded [1] events from 'events/misc_events.txt' 
[16:50:23][D][jomini_eventmanager.cpp:641]: >=== NAMESPACE > 'mpo_chaotic_kurultai_succession' is set to #3940000
[16:50:23][D][jomini_eventmanager.cpp:641]: >=== NAMESPACE > 'mpo_special_flavor_events' is set to #3950000
[16:50:23][D][jomini_eventmanager.cpp:594]: Loaded [15] events from 'events/jester_stress_relief_events.txt' 
[16:50:23][D][jomini_eventmanager.cpp:594]: Loaded [1] events from 'events/mpo_flavor_events.txt' 
[16:50:23][D][jomini_eventmanager.cpp:594]: Loaded [10] events from 'events/marriage_effect_events.txt' 
[16:50:23][D][jomini_eventmanager.cpp:641]: >=== NAMESPACE > 'mpo_misc' is set to #3960000
[16:50:23][D][jomini_eventmanager.cpp:594]: Loaded [2] events from 'events/mpo_misc.txt' 
[16:50:23][D][jomini_eventmanager.cpp:594]: Loaded [43] events from 'events/activities/tournaments/ep2_locale_events.txt' 
[16:50:23][D][jomini_eventmanager.cpp:641]: >=== NAMESPACE > 'pregnancy' is set to #3970000
[16:50:23][D][jomini_eventmanager.cpp:641]: >=== NAMESPACE > 'realm_maintenance' is set to #3980000
[16:50:23][D][jomini_eventmanager.cpp:641]: >=== NAMESPACE > 'secret_faith' is set to #3990000
[16:50:23][D][jomini_eventmanager.cpp:594]: Loaded [6] events from 'events/realm_maintenance_events.txt' 
[16:50:23][D][jomini_eventmanager.cpp:594]: Loaded [3] events from 'events/secret_faith_events.txt' 
[16:50:23][D][jomini_eventmanager.cpp:641]: >=== NAMESPACE > 'siege' is set to #4000000
[16:50:23][D][jomini_eventmanager.cpp:594]: Loaded [21] events from 'events/mpo_chaotic_kurultai_succession.txt' 
[16:50:23][D][jomini_eventmanager.cpp:641]: >=== NAMESPACE > 'single_combat' is set to #4010000
[16:50:23][D][jomini_eventmanager.cpp:594]: Loaded [29] events from 'events/pregnancy_events.txt' 
[16:50:23][D][jomini_eventmanager.cpp:594]: Loaded [39] events from 'events/game_rule_events.txt' 
[16:50:23][D][jomini_eventmanager.cpp:641]: >=== NAMESPACE > 'title_event' is set to #4020000
[16:50:23][D][jomini_eventmanager.cpp:594]: Loaded [14] events from 'events/siege_events.txt' 
[16:50:23][D][jomini_eventmanager.cpp:641]: >=== NAMESPACE > 'tutorial' is set to #4030000
[16:50:23][D][jomini_eventmanager.cpp:594]: Loaded [68] events from 'events/harm_events.txt' 
[16:50:23][D][jomini_eventmanager.cpp:641]: >=== NAMESPACE > 'varangian' is set to #4040000
[16:50:23][D][jomini_eventmanager.cpp:594]: Loaded [10] events from 'events/title_events.txt' 
[16:50:23][D][jomini_eventmanager.cpp:594]: Loaded [4] events from 'events/tutorial_events.txt' 
[16:50:23][D][jomini_eventmanager.cpp:641]: >=== NAMESPACE > 'witch' is set to #4050000
[16:50:23][D][jomini_eventmanager.cpp:641]: >=== NAMESPACE > 'activity_system' is set to #4060000
[16:50:23][D][jomini_eventmanager.cpp:641]: >=== NAMESPACE > 'chariot_race_ongoing_jp' is set to #4070000
[16:50:23][D][jomini_eventmanager.cpp:594]: Loaded [20] events from 'events/varangian_events.txt' 
[16:50:23][D][jomini_eventmanager.cpp:641]: >=== NAMESPACE > 'chariot_race' is set to #4080000
[16:50:23][D][jomini_eventmanager.cpp:594]: Loaded [23] events from 'events/activities/activity_system_events.txt' 
[16:50:23][D][jomini_eventmanager.cpp:641]: >=== NAMESPACE > 'coronation_events' is set to #4090000
[16:50:23][D][jomini_eventmanager.cpp:594]: Loaded [1] events from 'events/activities/coronation_activity/coronation_events_02.txt' 
[16:50:23][D][jomini_eventmanager.cpp:594]: Loaded [34] events from 'events/witch_events.txt' 
[16:50:23][D][jomini_eventmanager.cpp:594]: Loaded [71] events from 'events/activities/tournaments/contest_events.txt' 
[16:50:23][D][jomini_eventmanager.cpp:594]: Loaded [35] events from 'events/stress_events/stress_threshold_events.txt' 
[16:50:23][D][jomini_eventmanager.cpp:594]: Loaded [9] events from 'events/activities/chariot_race_activity/chariot_ongoing_events_jp.txt' 
[16:50:23][D][jomini_eventmanager.cpp:641]: >=== NAMESPACE > 'coronation_events_klank' is set to #4100000
[16:50:23][D][jomini_eventmanager.cpp:641]: >=== NAMESPACE > 'guest_intent_coronation_events' is set to #4110000
[16:50:23][D][jomini_eventmanager.cpp:641]: >=== NAMESPACE > 'prelude_events' is set to #4120000
[16:50:23][D][jomini_eventmanager.cpp:641]: >=== NAMESPACE > 'az_debate' is set to #4130000
[16:50:23][D][jomini_eventmanager.cpp:594]: Loaded [13] events from 'events/activities/chariot_race_activity/chariot_race_events.txt' 
[16:50:23][D][jomini_eventmanager.cpp:594]: Loaded [104] events from 'events/health_events.txt' 
[16:50:23][D][jomini_eventmanager.cpp:594]: Loaded [14] events from 'events/activities/chariot_race_activity/chariot_race_ongoing_events.txt' 
[16:50:23][D][jomini_eventmanager.cpp:594]: Loaded [16] events from 'events/activities/coronation_activity/coronation_events.txt' 
[16:50:23][D][jomini_eventmanager.cpp:641]: >=== NAMESPACE > 'feast_default_axel' is set to #4140000
[16:50:23][D][jomini_eventmanager.cpp:594]: Loaded [1] events from 'events/activities/feast_activity/feast_default_events_axel.txt' 
[16:50:23][D][jomini_eventmanager.cpp:641]: >=== NAMESPACE > 'debate_event' is set to #4150000
[16:50:23][D][jomini_eventmanager.cpp:641]: >=== NAMESPACE > 'feast_default_jason' is set to #4160000
[16:50:23][D][jomini_eventmanager.cpp:594]: Loaded [11] events from 'events/activities/debate_activity/az_debate_events.txt' 
[16:50:23][D][jomini_eventmanager.cpp:641]: >=== NAMESPACE > 'feast_default_joe' is set to #4170000
[16:50:23][D][jomini_eventmanager.cpp:594]: Loaded [1] events from 'events/activities/feast_activity/feast_default_events_joe.txt' 
[16:50:23][D][jomini_eventmanager.cpp:594]: Loaded [1] events from 'events/activities/feast_activity/feast_default_events_jason.txt' 
[16:50:23][D][jomini_eventmanager.cpp:594]: Loaded [16] events from 'events/activities/coronation_activity/coronation_events_klank.txt' 
[16:50:23][D][jomini_eventmanager.cpp:594]: Loaded [7] events from 'events/activities/coronation_activity/guest_intent_coronation_events.txt' 
[16:50:23][D][jomini_eventmanager.cpp:641]: >=== NAMESPACE > 'feast_default_laurence' is set to #4180000
[16:50:23][D][jomini_eventmanager.cpp:641]: >=== NAMESPACE > 'feast' is set to #4190000
[16:50:23][D][jomini_eventmanager.cpp:594]: Loaded [9] events from 'events/single_combat_events.txt' 
[16:50:23][D][jomini_eventmanager.cpp:594]: Loaded [3] events from 'events/activities/feast_activity/feast_default_events_laurence.txt' 
[16:50:23][D][jomini_eventmanager.cpp:641]: >=== NAMESPACE > 'major_decisions' is set to #4200000
[16:50:23][D][jomini_eventmanager.cpp:594]: Loaded [20] events from 'events/activities/coronation_activity/prelude_events.txt' 
[16:50:23][D][jomini_eventmanager.cpp:641]: >=== NAMESPACE > 'middle_east_decisions' is set to #4210000
[16:50:23][D][jomini_eventmanager.cpp:641]: >=== NAMESPACE > 'middle_europe_decisions' is set to #4220000
[16:50:23][D][jomini_eventmanager.cpp:641]: >=== NAMESPACE > 'combat_event' is set to #4230000
[16:50:23][D][jomini_eventmanager.cpp:641]: >=== NAMESPACE > 'feast_default' is set to #4240000
[16:50:23][D][jomini_eventmanager.cpp:594]: Loaded [16] events from 'events/decisions_events/middle_europe_decisions_events.txt' 
[16:50:23][D][jomini_eventmanager.cpp:594]: Loaded [24] events from 'events/activities/feast_activity/feast_events.txt' 
[16:50:23][D][jomini_eventmanager.cpp:594]: Loaded [18] events from 'events/activities/debate_activity/debate_events.txt' 
[16:50:23][D][jomini_eventmanager.cpp:594]: Loaded [27] events from 'events/decisions_events/major_decisions_events.txt' 
[16:50:23][D][jomini_eventmanager.cpp:641]: >=== NAMESPACE > 'feast_default_alex' is set to #4250000
[16:50:23][D][jomini_eventmanager.cpp:594]: Loaded [21] events from 'events/decisions_events/middle_east_decisions_events.txt' 
[16:50:23][D][jomini_eventmanager.cpp:641]: >=== NAMESPACE > 'feast_lifestyle' is set to #4260000
[16:50:23][D][jomini_eventmanager.cpp:594]: Loaded [2] events from 'events/activities/feast_activity/main_events/feast_default_events_alex.txt' 
[16:50:23][D][jomini_eventmanager.cpp:594]: Loaded [9] events from 'events/activities/feast_activity/murder_feast_events.txt' 
[16:50:23][D][jomini_eventmanager.cpp:594]: Loaded [9] events from 'events/activities/feast_activity/main_events/feast_lifestyle_events.txt' 
[16:50:23][D][jomini_eventmanager.cpp:641]: >=== NAMESPACE > 'feast_main_befriend' is set to #4270000
[16:50:23][D][jomini_eventmanager.cpp:641]: >=== NAMESPACE > 'feast_main_live_fowl' is set to #4280000
[16:50:23][D][jomini_eventmanager.cpp:594]: Loaded [20] events from 'events/war_events/combat_events.txt' 
[16:50:23][D][jomini_eventmanager.cpp:641]: >=== NAMESPACE > 'feast_main_stable_breakin' is set to #4290000
[16:50:23][D][jomini_eventmanager.cpp:594]: Loaded [34] events from 'events/activities/coronation_activity/coronation_events_1.txt' 
[16:50:23][D][jomini_eventmanager.cpp:641]: >=== NAMESPACE > 'feast_main_stew_flood' is set to #4300000
[16:50:23][D][jomini_eventmanager.cpp:594]: Loaded [11] events from 'events/activities/feast_activity/main_events/feast_main_befriend_events.txt' 
[16:50:23][D][jomini_eventmanager.cpp:594]: Loaded [13] events from 'events/activities/feast_activity/main_events/feast_main_live_fowl_events.txt' 
[16:50:23][D][jomini_eventmanager.cpp:594]: Loaded [12] events from 'events/activities/feast_activity/main_events/feast_main_stable_breakin_events.txt' 
[16:50:23][D][jomini_eventmanager.cpp:641]: >=== NAMESPACE > 'feast_tsagaan_sar_events' is set to #4310000
[16:50:23][D][jomini_eventmanager.cpp:641]: >=== NAMESPACE > 'festival' is set to #4320000
[16:50:23][D][jomini_eventmanager.cpp:641]: >=== NAMESPACE > 'funeral' is set to #4330000
[16:50:23][D][jomini_eventmanager.cpp:594]: Loaded [11] events from 'events/activities/feast_activity/main_events/feast_main_stew_flood_events.txt' 
[16:50:23][D][jomini_eventmanager.cpp:641]: >=== NAMESPACE > 'hold_court' is set to #4340000
[16:50:23][D][jomini_eventmanager.cpp:641]: >=== NAMESPACE > 'hunt' is set to #4350000
[16:50:23][D][jomini_eventmanager.cpp:594]: Loaded [3] events from 'events/activities/hold_court_activity/hold_court_events_james.txt' 
[16:50:23][D][jomini_eventmanager.cpp:641]: >=== NAMESPACE > 'hunt_events_anna' is set to #4360000
[16:50:23][D][jomini_eventmanager.cpp:594]: Loaded [33] events from 'events/yearly_events/yearly_events_5.txt' 
[16:50:23][D][jomini_eventmanager.cpp:594]: Loaded [4] events from 'events/activities/hunt_activity/hunt_events_anna.txt' 
[16:50:23][D][jomini_eventmanager.cpp:594]: Loaded [6] events from 'events/activities/hold_court_activity/hold_court_events_joe.txt' 
[16:50:23][D][jomini_eventmanager.cpp:641]: >=== NAMESPACE > 'mpo_hunt' is set to #4370000
[16:50:23][D][jomini_eventmanager.cpp:641]: >=== NAMESPACE > 'mpo_nerge' is set to #4380000
[16:50:23][D][jomini_eventmanager.cpp:594]: Loaded [22] events from 'events/activities/funeral_activity/funeral_events.txt' 
[16:50:23][D][jomini_eventmanager.cpp:641]: >=== NAMESPACE > 'tgp_hunt' is set to #4390000
[16:50:23][D][jomini_eventmanager.cpp:594]: Loaded [7] events from 'events/activities/hunt_activity/mpo_hunt_events.txt' 
[16:50:23][D][jomini_eventmanager.cpp:641]: >=== NAMESPACE > 'az_examination' is set to #4400000
[16:50:23][D][jomini_eventmanager.cpp:594]: Loaded [23] events from 'events/activities/feast_activity/main_events/feast_tsagaan_sar_events.txt' 
[16:50:23][D][jomini_eventmanager.cpp:641]: >=== NAMESPACE > 'emperor_imperial_examination' is set to #4410000
[16:50:23][D][jomini_eventmanager.cpp:594]: Loaded [19] events from 'events/activities/coronation_activity/coronation_events_6.txt' 
[16:50:23][D][jomini_eventmanager.cpp:594]: Loaded [22] events from 'events/activities/hunt_activity/jb_hunt_events.txt' 
[16:50:23][D][jomini_eventmanager.cpp:594]: Loaded [9] events from 'events/activities/hunt_activity/tgp_hunt_events.txt' 
[16:50:23][D][jomini_eventmanager.cpp:594]: Loaded [34] events from 'events/activities/festival_activity/festival_events.txt' 
[16:50:23][D][jomini_eventmanager.cpp:594]: Loaded [10] events from 'events/activities/imperial_examination_activity/emperor_prep_phase_imperial_examination_events.txt' 
[16:50:23][D][jomini_eventmanager.cpp:594]: Loaded [22] events from 'events/activities/hunt_activity/mpo_nerge_events.txt' 
[16:50:23][D][jomini_eventmanager.cpp:641]: >=== NAMESPACE > 'imperial_examination' is set to #4420000
[16:50:23][D][jomini_eventmanager.cpp:641]: >=== NAMESPACE > 'hajj' is set to #4430000
[16:50:23][D][jomini_eventmanager.cpp:641]: >=== NAMESPACE > 'petition_liege' is set to #4440000
[16:50:23][D][jomini_eventmanager.cpp:641]: >=== NAMESPACE > 'imperial_examination_jay' is set to #4450000
[16:50:23][D][jomini_eventmanager.cpp:641]: >=== NAMESPACE > 'pilgrimage' is set to #4460000
[16:50:23][D][jomini_eventmanager.cpp:641]: >=== NAMESPACE > 'pilgrimage_seasia' is set to #4470000
[16:50:23][D][jomini_eventmanager.cpp:641]: >=== NAMESPACE > 'pilgrimage_intent' is set to #4480000
[16:50:23][D][jomini_eventmanager.cpp:594]: Loaded [20] events from 'events/activities/imperial_examination_activity/az_examination_events.txt' 
[16:50:23][D][jomini_eventmanager.cpp:594]: Loaded [9] events from 'events/activities/pilgrimage_activity/hajj_events.txt' 
[16:50:23][D][jomini_eventmanager.cpp:594]: Loaded [64] events from 'events/activities/feast_activity/main_events/feast_default_events.txt' 
[16:50:23][D][jomini_eventmanager.cpp:594]: Loaded [6] events from 'events/activities/imperial_examination_activity/imperial_examination_events_jay.txt' 
[16:50:23][D][jomini_eventmanager.cpp:641]: >=== NAMESPACE > 'playdate' is set to #4490000
[16:50:23][D][jomini_eventmanager.cpp:641]: >=== NAMESPACE > 'az_tour' is set to #4500000
[16:50:23][D][jomini_eventmanager.cpp:594]: Loaded [15] events from 'events/activities/pilgrimage_activity/pilgrimage_intent_events.txt' 
[16:50:23][D][jomini_eventmanager.cpp:594]: Loaded [15] events from 'events/activities/pilgrimage_activity/pilgrimage_events_seasia.txt' 
[16:50:23][D][jomini_eventmanager.cpp:641]: >=== NAMESPACE > 'tour_grounds_events' is set to #4510000
[16:50:23][D][jomini_eventmanager.cpp:641]: >=== NAMESPACE > 'tour_general' is set to #4520000
[16:50:23][D][jomini_eventmanager.cpp:594]: Loaded [2] events from 'events/activities/tour_activity/claudia_tour_grounds_events.txt' 
[16:50:23][D][jomini_eventmanager.cpp:594]: Loaded [7] events from 'events/activities/tour_activity/tour_general_events_james.txt' 
[16:50:23][D][jomini_eventmanager.cpp:594]: Loaded [15] events from 'events/activities/tour_activity/az_tour_events.txt' 
[16:50:23][D][jomini_eventmanager.cpp:641]: >=== NAMESPACE > 'cultural_festival' is set to #4530000
[16:50:23][D][jomini_eventmanager.cpp:594]: Loaded [24] events from 'events/activities/petition_liege_activity/petition_liege_events.txt' 
[16:50:23][D][jomini_eventmanager.cpp:594]: Loaded [9] events from 'events/activities/tour_activity/tour_grounds_events_chad.txt' 
[16:50:23][D][jomini_eventmanager.cpp:594]: Loaded [13] events from 'events/activities/tour_activity/filippa_tour_general_events.txt' 
[16:50:23][D][jomini_eventmanager.cpp:594]: Loaded [13] events from 'events/activities/tour_activity/tour_phase_cultural_festival_james.txt' 
[16:50:23][D][jomini_eventmanager.cpp:594]: Loaded [13] events from 'events/activities/tour_activity/tour_general_events.txt' 
[16:50:23][D][jomini_eventmanager.cpp:594]: Loaded [53] events from 'events/activities/imperial_examination_activity/imperial_examination_events.txt' 
[16:50:23][D][jomini_eventmanager.cpp:641]: >=== NAMESPACE > 'host_dinner_events' is set to #4540000
[16:50:23][D][jomini_eventmanager.cpp:641]: >=== NAMESPACE > 'tour_travel' is set to #4550000
[16:50:23][D][jomini_eventmanager.cpp:594]: Loaded [37] events from 'events/activities/playdate_activity/playdate_events.txt' 
[16:50:23][D][jomini_eventmanager.cpp:594]: Loaded [3] events from 'events/yearly_events/yearly_events_6.txt' 
[16:50:23][D][jomini_eventmanager.cpp:594]: Loaded [4] events from 'events/activities/tour_activity/tour_travel_events_james.txt' 
[16:50:23][D][jomini_eventmanager.cpp:641]: >=== NAMESPACE > 'story_event_legends' is set to #4560000
[16:50:23][D][jomini_eventmanager.cpp:594]: Loaded [12] events from 'events/activities/tour_activity/tour_travel_events_dan.txt' 
[16:50:23][D][jomini_eventmanager.cpp:641]: >=== NAMESPACE > 'legend_events' is set to #4570000
[16:50:23][D][jomini_eventmanager.cpp:594]: Loaded [3] events from 'events/dlc/ce1/legend_ending_events.txt' 
[16:50:23][D][jomini_eventmanager.cpp:594]: Loaded [14] events from 'events/activities/tour_activity/tour_travel_events.txt' 
[16:50:23][D][jomini_eventmanager.cpp:641]: >=== NAMESPACE > 'raiding' is set to #4580000
[16:50:23][D][jomini_eventmanager.cpp:594]: Loaded [4] events from 'events/dlc/ce1/legend_events.txt' 
[16:50:23][D][jomini_eventmanager.cpp:641]: >=== NAMESPACE > 'jason_race_events' is set to #4590000
[16:50:23][D][jomini_eventmanager.cpp:641]: >=== NAMESPACE > 'jason_locale_events' is set to #4600000
[16:50:23][D][jomini_eventmanager.cpp:594]: Loaded [2] events from 'events/activities/tournaments/jason_race_events.txt' 
[16:50:23][D][jomini_eventmanager.cpp:594]: Loaded [13] events from 'events/war_events/raid_events.txt' 
[16:50:23][D][jomini_eventmanager.cpp:594]: Loaded [4] events from 'events/activities/tournaments/jb_recital_contest_events.txt' 
[16:50:23][D][jomini_eventmanager.cpp:594]: Loaded [101] events from 'events/activities/pilgrimage_activity/pilgrimage_events.txt' 
[16:50:23][D][jomini_eventmanager.cpp:594]: Loaded [47] events from 'events/activities/tour_activity/tour_phase_tour_grounds.txt' 
[16:50:23][D][jomini_eventmanager.cpp:594]: Loaded [46] events from 'events/activities/tour_activity/tour_phase_cultural_festival.txt' 
[16:50:23][D][jomini_eventmanager.cpp:594]: Loaded [9] events from 'events/activities/tournaments/passive_tournament_events_oltner.txt' 
[16:50:23][D][jomini_eventmanager.cpp:641]: >=== NAMESPACE > 'artifact' is set to #4610000
[16:50:23][D][jomini_eventmanager.cpp:641]: >=== NAMESPACE > 'historical_artifacts' is set to #4620000
[16:50:23][D][jomini_eventmanager.cpp:594]: Loaded [8] events from 'events/activities/tournaments/veronica_local_events_2.txt' 
[16:50:23][D][jomini_eventmanager.cpp:641]: >=== NAMESPACE > 'chancellor_task' is set to #4630000
[16:50:23][D][jomini_eventmanager.cpp:641]: >=== NAMESPACE > 'councillor_spouse_background' is set to #4640000
[16:50:23][D][jomini_eventmanager.cpp:594]: Loaded [1] events from 'events/councillor_task_events/councillor_spouse_background_events.txt' 
[16:50:23][D][jomini_eventmanager.cpp:594]: Loaded [2] events from 'events/artifacts/historical_artifacts_events.txt' 
[16:50:23][D][jomini_eventmanager.cpp:594]: Loaded [11] events from 'events/activities/tournaments/veronica_locale_events.txt' 
[16:50:23][D][jomini_eventmanager.cpp:594]: Loaded [5] events from 'events/activities/tournaments/jason_locale_events.txt' 
[16:50:23][D][jomini_eventmanager.cpp:594]: Loaded [70] events from 'events/activities/tour_activity/tour_phase_host_a_dinner.txt' 
[16:50:23][D][jomini_eventmanager.cpp:641]: >=== NAMESPACE > 'court_chaplain_task' is set to #4650000
[16:50:23][D][jomini_eventmanager.cpp:641]: >=== NAMESPACE > 'kurultai_task' is set to #4660000
[16:50:23][D][jomini_eventmanager.cpp:641]: >=== NAMESPACE > 'marshal_task' is set to #4670000
[16:50:23][D][jomini_eventmanager.cpp:594]: Loaded [21] events from 'events/councillor_task_events/chancellor_task_events.txt' 
[16:50:23][D][jomini_eventmanager.cpp:594]: Loaded [80] events from 'events/activities/hold_court_activity/hold_court_events_general.txt' 
[16:50:23][D][jomini_eventmanager.cpp:641]: >=== NAMESPACE > 'councillor_spouse_diplomacy' is set to #4680000
[16:50:23][D][jomini_eventmanager.cpp:641]: >=== NAMESPACE > 'spymaster_task' is set to #4690000
[16:50:23][D][jomini_eventmanager.cpp:641]: >=== NAMESPACE > 'steward_task' is set to #4700000
[16:50:23][D][jomini_eventmanager.cpp:594]: Loaded [31] events from 'events/artifacts/artifact_events.txt' 
[16:50:23][D][jomini_eventmanager.cpp:641]: >=== NAMESPACE > 'councillor_spouse_intrigue' is set to #4710000
[16:50:23][D][jomini_eventmanager.cpp:641]: >=== NAMESPACE > 'councillor_spouse_learning' is set to #4720000
[16:50:23][D][jomini_eventmanager.cpp:641]: >=== NAMESPACE > 'councillor_spouse_martial' is set to #4730000
[16:50:23][D][jomini_eventmanager.cpp:594]: Loaded [13] events from 'events/councillor_task_events/councillor_spouse_events/councillor_spouse_intrigue_events.txt' 
[16:50:23][D][jomini_eventmanager.cpp:594]: Loaded [28] events from 'events/councillor_task_events/marshal_task_events.txt' 
[16:50:23][D][jomini_eventmanager.cpp:641]: >=== NAMESPACE > 'councillor_spouse_stewardship' is set to #4740000
[16:50:23][D][jomini_eventmanager.cpp:641]: >=== NAMESPACE > 'court' is set to #4750000
[16:50:23][D][jomini_eventmanager.cpp:594]: Loaded [21] events from 'events/councillor_task_events/court_chaplain_task_events.txt' 
[16:50:23][D][jomini_eventmanager.cpp:594]: Loaded [16] events from 'events/councillor_task_events/councillor_spouse_events/councillor_spouse_learning_events.txt' 
[16:50:23][D][jomini_eventmanager.cpp:594]: Loaded [14] events from 'events/councillor_task_events/councillor_spouse_events/councillor_spouse_martial_events.txt' 
[16:50:23][D][jomini_eventmanager.cpp:641]: >=== NAMESPACE > 'court_events' is set to #4760000
[16:50:23][D][jomini_eventmanager.cpp:641]: >=== NAMESPACE > 'court_ceremonial' is set to #4770000
[16:50:23][D][jomini_eventmanager.cpp:594]: Loaded [16] events from 'events/councillor_task_events/councillor_spouse_events/councillor_spouse_stewardship_events.txt' 
[16:50:23][D][jomini_eventmanager.cpp:594]: Loaded [4] events from 'events/court_events/court_events_ceremonial.txt' 
[16:50:23][D][jomini_eventmanager.cpp:594]: Loaded [45] events from 'events/councillor_task_events/spymaster_task_events.txt' 
[16:50:23][D][jomini_eventmanager.cpp:641]: >=== NAMESPACE > 'court_new' is set to #4780000
[16:50:23][D][jomini_eventmanager.cpp:594]: Loaded [4] events from 'events/court_events/court_events_general_1.txt' 
[16:50:23][D][jomini_eventmanager.cpp:594]: Loaded [48] events from 'events/councillor_task_events/kurultai_task_events.txt' 
[16:50:23][D][jomini_eventmanager.cpp:594]: Loaded [1] events from 'events/court_events/court_events_new.txt' 
[16:50:23][D][jomini_eventmanager.cpp:594]: Loaded [17] events from 'events/court_events/01_ep3_court_events_3.txt' 
[16:50:23][D][jomini_eventmanager.cpp:641]: >=== NAMESPACE > 'court_amenities_interactions' is set to #4790000
[16:50:23][D][jomini_eventmanager.cpp:594]: Loaded [13] events from 'events/councillor_task_events/councillor_spouse_events/councillor_spouse_diplomacy_events.txt' 
[16:50:23][D][jomini_eventmanager.cpp:594]: Loaded [112] events from 'events/activities/hunt_activity/hunt_events.txt' 
[16:50:23][D][jomini_eventmanager.cpp:594]: Loaded [4] events from 'events/court_events/introduce_court_fashion_events.txt' 
[16:50:23][D][jomini_eventmanager.cpp:641]: >=== NAMESPACE > 'culture_emergence_events' is set to #4800000
[16:50:23][D][jomini_eventmanager.cpp:594]: Loaded [17] events from 'events/court_events/01_ep3_court_events.txt' 
[16:50:23][D][jomini_eventmanager.cpp:641]: >=== NAMESPACE > 'culture_notification' is set to #4810000
[16:50:23][D][jomini_eventmanager.cpp:594]: Loaded [4] events from 'events/court_events/sumptuary_debate_events.txt' 
[16:50:23][D][jomini_eventmanager.cpp:594]: Loaded [6] events from 'events/culture_events/culture_notification_events.txt' 
[16:50:23][D][jomini_eventmanager.cpp:641]: >=== NAMESPACE > 'culture_tradition_events' is set to #4820000
[16:50:23][D][jomini_eventmanager.cpp:594]: Loaded [33] events from 'events/councillor_task_events/steward_task_events.txt' 
[16:50:23][D][jomini_eventmanager.cpp:641]: >=== NAMESPACE > 'courtier_guest_management' is set to #4830000
[16:50:23][D][jomini_eventmanager.cpp:641]: >=== NAMESPACE > 'language_events' is set to #4840000
[16:50:23][D][jomini_eventmanager.cpp:641]: >=== NAMESPACE > 'death_management' is set to #4850000
[16:50:23][D][jomini_eventmanager.cpp:641]: >=== NAMESPACE > 'bp3_decisions' is set to #4860000
[16:50:23][D][jomini_eventmanager.cpp:594]: Loaded [1] events from 'events/decisions_events/bp3_decisions_events.txt' 
[16:50:23][D][jomini_eventmanager.cpp:594]: Loaded [3] events from 'events/culture_events/language_events.txt' 
[16:50:23][D][jomini_eventmanager.cpp:594]: Loaded [5] events from 'events/culture_events/culture_emergence_events.txt' 
[16:50:23][D][jomini_eventmanager.cpp:641]: >=== NAMESPACE > 'british_isles' is set to #4870000
[16:50:23][D][jomini_eventmanager.cpp:641]: >=== NAMESPACE > 'ce1_decision_events' is set to #4880000
[16:50:23][D][jomini_eventmanager.cpp:641]: >=== NAMESPACE > 'central_asia' is set to #4890000
[16:50:23][D][jomini_eventmanager.cpp:594]: Loaded [10] events from 'events/courtier_guest_management_events/courtier_guest_management_events.txt' 
[16:50:23][D][jomini_eventmanager.cpp:641]: >=== NAMESPACE > 'culture_conversion' is set to #4900000
[16:50:23][D][jomini_eventmanager.cpp:594]: Loaded [1] events from 'events/decisions_events/culture_conversion_events.txt' 
[16:50:23][D][jomini_eventmanager.cpp:594]: Loaded [6] events from 'events/decisions_events/central_asia_events.txt' 
[16:50:23][D][jomini_eventmanager.cpp:594]: Loaded [6] events from 'events/decisions_events/ce1_decision_events.txt' 
[16:50:23][D][jomini_eventmanager.cpp:641]: >=== NAMESPACE > 'east_europe' is set to #4910000
[16:50:23][D][jomini_eventmanager.cpp:594]: Loaded [23] events from 'events/decisions_events/british_isles_events.txt' 
[16:50:23][D][jomini_eventmanager.cpp:641]: >=== NAMESPACE > 'ep2_decision_events' is set to #4920000
[16:50:23][D][jomini_eventmanager.cpp:594]: Loaded [1] events from 'events/decisions_events/ep2_decision_events.txt' 
[16:50:23][D][jomini_eventmanager.cpp:641]: >=== NAMESPACE > 'iberia_north_africa' is set to #4930000
[16:50:23][D][jomini_eventmanager.cpp:594]: Loaded [12] events from 'events/decisions_events/ep4_decision_events.txt' 
[16:50:23][D][jomini_eventmanager.cpp:594]: Loaded [14] events from 'events/culture_events/culture_tradition_events.txt' 
[16:50:23][D][jomini_eventmanager.cpp:641]: >=== NAMESPACE > 'war_event' is set to #4940000
[16:50:23][D][jomini_eventmanager.cpp:641]: >=== NAMESPACE > 'minor_decisions' is set to #4950000
[16:50:23][D][jomini_eventmanager.cpp:641]: >=== NAMESPACE > 'mpo_greatest_of_khans' is set to #4960000
[16:50:23][D][jomini_eventmanager.cpp:641]: >=== NAMESPACE > 'pay_homage' is set to #4970000
[16:50:23][D][jomini_eventmanager.cpp:594]: Loaded [13] events from 'events/war_events/war_events.txt' 
[16:50:23][D][jomini_eventmanager.cpp:594]: Loaded [4] events from 'events/decisions_events/minor_decision_events.txt' 
[16:50:23][D][jomini_eventmanager.cpp:641]: >=== NAMESPACE > 'pledge_loyalty_to_liege' is set to #4980000
[16:50:23][D][jomini_eventmanager.cpp:641]: >=== NAMESPACE > 'roman_restoration' is set to #4990000
[16:50:23][D][jomini_eventmanager.cpp:594]: Loaded [35] events from 'events/decisions_events/east_europe_events.txt' 
[16:50:23][D][jomini_eventmanager.cpp:594]: Loaded [5] events from 'events/dlc/ep3/ep3_travel_events_3.txt' 
[16:50:23][D][jomini_eventmanager.cpp:641]: >=== NAMESPACE > 'pledge_loyalty_to_liege_overdue' is set to #5000000
[16:50:23][D][jomini_eventmanager.cpp:594]: Loaded [10] events from 'events/decisions_events/pledge_loyalty_to_liege_events.txt' 
[16:50:23][D][jomini_eventmanager.cpp:594]: Loaded [6] events from 'events/decisions_events/pay_homage_events.txt' 
[16:50:23][D][jomini_eventmanager.cpp:641]: >=== NAMESPACE > 'south_asia' is set to #5010000
[16:50:23][D][jomini_eventmanager.cpp:641]: >=== NAMESPACE > 'tgp_decision_events' is set to #5020000
[16:50:23][D][jomini_eventmanager.cpp:594]: Loaded [76] events from 'events/activities/tournaments/tournament_events.txt' 
[16:50:23][D][jomini_eventmanager.cpp:594]: Loaded [26] events from 'events/decisions_events/iberia_north_africa_events.txt' 
[16:50:23][D][jomini_eventmanager.cpp:641]: >=== NAMESPACE > 'diarchy' is set to #5030000
[16:50:23][D][jomini_eventmanager.cpp:594]: Loaded [17] events from 'events/decisions_events/mpo_greatest_of_khans_events.txt' 
[16:50:23][D][jomini_eventmanager.cpp:641]: >=== NAMESPACE > 'vizierate' is set to #5040000
[16:50:23][D][jomini_eventmanager.cpp:594]: Loaded [32] events from 'events/yearly_events/yearly_events_7.txt' 
[16:50:23][D][jomini_eventmanager.cpp:641]: >=== NAMESPACE > 'ach_maintenance_events' is set to #5050000
[16:50:23][D][jomini_eventmanager.cpp:641]: >=== NAMESPACE > 'ach_coronation' is set to #5060000
[16:50:23][D][jomini_eventmanager.cpp:594]: Loaded [6] events from 'events/decisions_events/tgp_decision_events.txt' 
[16:50:23][D][jomini_eventmanager.cpp:641]: >=== NAMESPACE > 'ach_yearly_events' is set to #5070000
[16:50:23][D][jomini_eventmanager.cpp:594]: Loaded [9] events from 'events/dlc/ach/ach_maintenance_events.txt' 
[16:50:23][D][jomini_eventmanager.cpp:594]: Loaded [23] events from 'events/decisions_events/south_asia_events.txt' 
[16:50:23][D][jomini_eventmanager.cpp:641]: >=== NAMESPACE > 'bp1_house_feud' is set to #5080000
[16:50:23][D][jomini_eventmanager.cpp:594]: Loaded [6] events from 'events/diarchy_events/vizierate_events.txt' 
[16:50:23][D][jomini_eventmanager.cpp:594]: Loaded [59] events from 'events/decisions_events/roman_restoration_events.txt' 
[16:50:23][D][jomini_eventmanager.cpp:594]: Loaded [47] events from 'events/death_events/death_management_events.txt' 
[16:50:23][D][jomini_eventmanager.cpp:594]: Loaded [8] events from 'events/dlc/bp1/bp1_henrik_events.txt' 
[16:50:23][D][jomini_eventmanager.cpp:594]: Loaded [6] events from 'events/dlc/ach/ach_yearly_events.txt' 
[16:50:23][D][jomini_eventmanager.cpp:594]: Loaded [4] events from 'events/dlc/bp1/bp1_yearly_develop.txt' 
[16:50:23][D][jomini_eventmanager.cpp:641]: >=== NAMESPACE > 'bp2_adult_education' is set to #5090000
[16:50:23][D][jomini_eventmanager.cpp:594]: Loaded [60] events from 'events/court_events/court_events_general.txt' 
[16:50:23][D][jomini_eventmanager.cpp:641]: >=== NAMESPACE > 'bp2_character_interaction' is set to #5100000
[16:50:23][D][jomini_eventmanager.cpp:594]: Loaded [9] events from 'events/dlc/bp1/bp1_filippa_yearly_events.txt' 
[16:50:23][D][jomini_eventmanager.cpp:594]: Loaded [2] events from 'events/dlc/bp2/bp2_character_interaction_events.txt' 
[16:50:23][D][jomini_eventmanager.cpp:641]: >=== NAMESPACE > 'destiny_child' is set to #5110000
[16:50:23][D][jomini_eventmanager.cpp:594]: Loaded [20] events from 'events/dlc/bp1/bp1_yearly_events_nick.txt' 
[16:50:23][D][jomini_eventmanager.cpp:594]: Loaded [6] events from 'events/dlc/bp1/bp1_yearly_oltner.txt' 
[16:50:23][D][jomini_eventmanager.cpp:594]: Loaded [5] events from 'events/dlc/bp2/bp2_adult_education_activity_events_oltner.txt' 
[16:50:23][D][jomini_eventmanager.cpp:641]: >=== NAMESPACE > 'bp2_decision' is set to #5120000
[16:50:23][D][jomini_eventmanager.cpp:594]: Loaded [15] events from 'events/dlc/bp1/bp1_yearly_events_chad.txt' 
[16:50:23][D][jomini_eventmanager.cpp:594]: Loaded [36] events from 'events/dlc/bp1/bp1_house_feud.txt' 
[16:50:23][D][jomini_eventmanager.cpp:641]: >=== NAMESPACE > 'bp2_hostage_system' is set to #5130000
[16:50:23][D][jomini_eventmanager.cpp:594]: Loaded [2] events from 'events/dlc/bp2/bp2_decision_events.txt' 
[16:50:23][D][jomini_eventmanager.cpp:641]: >=== NAMESPACE > 'bp2_yearly' is set to #5140000
[16:50:23][D][jomini_eventmanager.cpp:594]: Loaded [14] events from 'events/dlc/bp1/bp1_yearly_events_claudia.txt' 
[16:50:23][D][jomini_eventmanager.cpp:594]: Loaded [15] events from 'events/dlc/bp2/bp2_adult_education_activity_events.txt' 
[16:50:23][D][jomini_eventmanager.cpp:594]: Loaded [10] events from 'events/dlc/bp2/bp2_child_of_destiny_events.txt' 
[16:50:23][D][jomini_eventmanager.cpp:594]: Loaded [3] events from 'events/dlc/bp2/bp2_yearly_3.txt' 
[16:50:23][D][jomini_eventmanager.cpp:594]: Loaded [22] events from 'events/dlc/bp2/bp2_hostage_system.txt' 
[16:50:23][D][jomini_eventmanager.cpp:594]: Loaded [19] events from 'events/dlc/ach/ach_coronation_events.txt' 
[16:50:23][D][jomini_eventmanager.cpp:641]: >=== NAMESPACE > 'bp2_yearly_extra' is set to #5150000
[16:50:23][D][jomini_eventmanager.cpp:594]: Loaded [15] events from 'events/dlc/bp2/bp2_yearly_4.txt' 
[16:50:23][D][jomini_eventmanager.cpp:594]: Loaded [1] events from 'events/dlc/bp2/bp2_yearly_extra.txt' 
[16:50:23][D][jomini_eventmanager.cpp:641]: >=== NAMESPACE > 'bp3_court_position' is set to #5160000
[16:50:23][D][jomini_eventmanager.cpp:594]: Loaded [7] events from 'events/dlc/bp2/bp2_yearly_0_5.txt' 
[16:50:23][D][jomini_eventmanager.cpp:641]: >=== NAMESPACE > 'pet_rock' is set to #5170000
[16:50:23][D][jomini_eventmanager.cpp:641]: >=== NAMESPACE > 'mapmaking' is set to #5180000
[16:50:23][D][jomini_eventmanager.cpp:594]: Loaded [1] events from 'events/dlc/bp3/bp3_court_position_events.txt' 
[16:50:23][D][jomini_eventmanager.cpp:641]: >=== NAMESPACE > 'bp3_journey' is set to #5190000
[16:50:23][D][jomini_eventmanager.cpp:594]: Loaded [34] events from 'events/dlc/bp2/bp2_yearly.txt' 
[16:50:23][D][jomini_eventmanager.cpp:594]: Loaded [11] events from 'events/dlc/bp2/story_cycles/story_cycle_pet_rock_events.txt' 
[16:50:23][D][jomini_eventmanager.cpp:594]: Loaded [29] events from 'events/dlc/bp2/bp2_yearly_2.txt' 
[16:50:23][D][jomini_eventmanager.cpp:641]: >=== NAMESPACE > 'bp3_roaming' is set to #5200000
[16:50:23][D][jomini_eventmanager.cpp:641]: >=== NAMESPACE > 'bp3_survey' is set to #5210000
[16:50:23][D][jomini_eventmanager.cpp:594]: Loaded [26] events from 'events/dlc/bp2/bp2_yearly_5.txt' 
[16:50:23][D][jomini_eventmanager.cpp:641]: >=== NAMESPACE > 'epidemic_events' is set to #5220000
[16:50:23][D][jomini_eventmanager.cpp:641]: >=== NAMESPACE > 'yearly_persian' is set to #5230000
[16:50:23][D][jomini_eventmanager.cpp:594]: Loaded [3] events from 'events/yearly_events/yearly_events_persia.txt' 
[16:50:23][D][jomini_eventmanager.cpp:641]: >=== NAMESPACE > 'legend_spread_events' is set to #5240000
[16:50:23][D][jomini_eventmanager.cpp:594]: Loaded [7] events from 'events/dlc/bp3/bp3_mapmaking.txt' 
[16:50:23][D][jomini_eventmanager.cpp:594]: Loaded [20] events from 'events/dlc/bp2/bp2_yearly_1_events.txt' 
[16:50:23][D][jomini_eventmanager.cpp:594]: Loaded [6] events from 'events/dlc/ce1/epidemic_events_2.txt' 
[16:50:23][D][jomini_eventmanager.cpp:594]: Loaded [75] events from 'events/diarchy_events/diarchy_events.txt' 
[16:50:23][D][jomini_eventmanager.cpp:594]: Loaded [24] events from 'events/dlc/bp2/bp2_yearly_7.txt' 
[16:50:23][D][jomini_eventmanager.cpp:594]: Loaded [23] events from 'events/dlc/bp3/bp3_roaming_events.txt' 
[16:50:23][D][jomini_eventmanager.cpp:641]: >=== NAMESPACE > 'legend_debug' is set to #5250000
[16:50:23][D][jomini_eventmanager.cpp:641]: >=== NAMESPACE > 'legitimacy_events' is set to #5260000
[16:50:23][D][jomini_eventmanager.cpp:594]: Loaded [1] events from 'events/dlc/ce1/legitimacy_events.txt' 
[16:50:23][D][jomini_eventmanager.cpp:641]: >=== NAMESPACE > 'physician_epidemic_events' is set to #5270000
[16:50:23][D][jomini_eventmanager.cpp:594]: Loaded [66] events from 'events/dlc/bp1/bp1_yearly.txt' 
[16:50:23][D][jomini_eventmanager.cpp:641]: >=== NAMESPACE > 'ep1_character_interaction' is set to #5280000
[16:50:23][D][jomini_eventmanager.cpp:641]: >=== NAMESPACE > 'court_position' is set to #5290000
[16:50:23][D][jomini_eventmanager.cpp:641]: >=== NAMESPACE > 'ep1_decision' is set to #5300000
[16:50:23][D][jomini_eventmanager.cpp:594]: Loaded [1] events from 'events/dlc/ep1/ep1_character_interaction_events.txt' 
[16:50:23][D][jomini_eventmanager.cpp:594]: Loaded [6] events from 'events/dlc/ep1/ep1_court_position_events.txt' 
[16:50:23][D][jomini_eventmanager.cpp:594]: Loaded [20] events from 'events/dlc/bp3/bp3_survey_events.txt' 
[16:50:23][D][jomini_eventmanager.cpp:594]: Loaded [3] events from 'events/dlc/ep1/ep1_decision_events.txt' 
[16:50:23][D][jomini_eventmanager.cpp:641]: >=== NAMESPACE > 'ep1_flavor' is set to #5310000
[16:50:23][D][jomini_eventmanager.cpp:641]: >=== NAMESPACE > 'fund_inspiration' is set to #5320000
[16:50:23][D][jomini_eventmanager.cpp:594]: Loaded [13] events from 'events/dlc/ce1/physician_epidemic_events.txt' 
[16:50:23][D][jomini_eventmanager.cpp:594]: Loaded [13] events from 'events/dlc/ce1/legend_spread_events_veronica.txt' 
[16:50:23][D][jomini_eventmanager.cpp:641]: >=== NAMESPACE > 'inspiration_system' is set to #5330000
[16:50:23][D][jomini_eventmanager.cpp:641]: >=== NAMESPACE > 'ep2_accolade_events' is set to #5340000
[16:50:23][D][jomini_eventmanager.cpp:594]: Loaded [4] events from 'events/dlc/ep1/ep1_inspiration_system_events.txt' 
[16:50:23][D][jomini_eventmanager.cpp:641]: >=== NAMESPACE > 'ep2_tournament_events' is set to #5350000
[16:50:23][D][jomini_eventmanager.cpp:594]: Loaded [17] events from 'events/dlc/bp3/bp3_journey_events.txt' 
[16:50:23][D][jomini_eventmanager.cpp:594]: Loaded [36] events from 'events/dlc/ce1/legend_spread_events_8.txt' 
[16:50:23][D][jomini_eventmanager.cpp:594]: Loaded [2] events from 'events/dlc/ep1/ep1_fund_inspiration_events_oltner.txt' 
[16:50:23][D][jomini_eventmanager.cpp:641]: >=== NAMESPACE > 'ep2_wedding' is set to #5360000
[16:50:23][D][jomini_eventmanager.cpp:594]: Loaded [3] events from 'events/dlc/ep2/ep2_accolade_events.txt' 
[16:50:23][D][jomini_eventmanager.cpp:641]: >=== NAMESPACE > 'ep2_wedding_ewan' is set to #5370000
[16:50:23][D][jomini_eventmanager.cpp:641]: >=== NAMESPACE > 'ep3_admin_events' is set to #5380000
[16:50:23][D][jomini_eventmanager.cpp:641]: >=== NAMESPACE > 'ep3_akolouthos_events' is set to #5390000
[16:50:23][D][jomini_eventmanager.cpp:641]: >=== NAMESPACE > 'ep3_camp_party' is set to #5400000
[16:50:23][D][jomini_eventmanager.cpp:594]: Loaded [2] events from 'events/dlc/ep3/ep3_akolouthos_events.txt' 
[16:50:23][D][jomini_eventmanager.cpp:594]: Loaded [11] events from 'events/dlc/ep2/wedding_events/ep2_bloody_wedding_events.txt' 
[16:50:23][D][jomini_eventmanager.cpp:641]: >=== NAMESPACE > 'ep3_camp_temperament' is set to #5410000
[16:50:23][D][jomini_eventmanager.cpp:594]: Loaded [6] events from 'events/dlc/ep3/ep3_admin_events.txt' 
[16:50:23][D][jomini_eventmanager.cpp:641]: >=== NAMESPACE > 'ep3_councillor_event' is set to #5420000
[16:50:23][D][jomini_eventmanager.cpp:641]: >=== NAMESPACE > 'ep3_contract_event' is set to #5430000
[16:50:23][D][jomini_eventmanager.cpp:594]: Loaded [5] events from 'events/dlc/ep3/ep3_camp_temperament_events.txt' 
[16:50:23][D][jomini_eventmanager.cpp:594]: Loaded [50] events from 'events/yearly_events/bp1_yearly_james.txt' 
[16:50:23][D][jomini_eventmanager.cpp:594]: Loaded [2] events from 'events/dlc/ep3/ep3_councillor_events.txt' 
[16:50:23][D][jomini_eventmanager.cpp:594]: Loaded [50] events from 'events/dlc/ce1/epidemic_events.txt' 
[16:50:23][D][jomini_eventmanager.cpp:641]: >=== NAMESPACE > 'ep3_decisions_event' is set to #5440000
[16:50:23][D][jomini_eventmanager.cpp:594]: Loaded [57] events from 'events/dlc/bp2/bp2_yearly_events_6.txt' 
[16:50:23][D][jomini_eventmanager.cpp:594]: Loaded [14] events from 'events/dlc/ep1/ep1_flavor_events.txt' 
[16:50:23][D][jomini_eventmanager.cpp:641]: >=== NAMESPACE > 'ep3_emperor_yearly' is set to #5450000
[16:50:23][D][jomini_eventmanager.cpp:641]: >=== NAMESPACE > 'ep3_eparch_event' is set to #5460000
[16:50:23][D][jomini_eventmanager.cpp:594]: Loaded [15] events from 'events/dlc/ep3/ep3_camp_party_events.txt' 
[16:50:23][D][jomini_eventmanager.cpp:594]: Loaded [44] events from 'events/dlc/ce1/legend_spread_events_nick.txt' 
[16:50:23][D][jomini_eventmanager.cpp:641]: >=== NAMESPACE > 'ep3_frankokratia_events' is set to #5470000
[16:50:23][D][jomini_eventmanager.cpp:641]: >=== NAMESPACE > 'ep3_governor_yearly' is set to #5480000
[16:50:23][D][jomini_eventmanager.cpp:594]: Loaded [10] events from 'events/dlc/ep2/wedding_events/ep2_wedding_events_ewan.txt' 
[16:50:23][D][jomini_eventmanager.cpp:594]: Loaded [4] events from 'events/dlc/ep3/ep3_emperor_yearly_3.txt' 
[16:50:23][D][jomini_eventmanager.cpp:641]: >=== NAMESPACE > 'ep3_interactions_events' is set to #5490000
[16:50:23][D][jomini_eventmanager.cpp:594]: Loaded [8] events from 'events/dlc/ep3/ep3_eparch_events.txt' 
[16:50:23][D][jomini_eventmanager.cpp:594]: Loaded [7] events from 'events/dlc/ep3/ep3_emperor_yearly_8.txt' 
[16:50:23][D][jomini_eventmanager.cpp:641]: >=== NAMESPACE > 'ep3_laamp_decision_event' is set to #5500000
[16:50:23][D][jomini_eventmanager.cpp:641]: >=== NAMESPACE > 'ep3_laamps' is set to #5510000
[16:50:23][D][jomini_eventmanager.cpp:641]: >=== NAMESPACE > 'ep3_laamp_flavor' is set to #5520000
[16:50:23][D][jomini_eventmanager.cpp:594]: Loaded [6] events from 'events/dlc/ep3/ep3_laamp_flavor.txt' 
[16:50:23][D][jomini_eventmanager.cpp:594]: Loaded [19] events from 'events/dlc/ep3/ep3_governor_yearly_8.txt' 
[16:50:23][D][jomini_eventmanager.cpp:641]: >=== NAMESPACE > 'ep3_laamp_flavor_oltner' is set to #5530000
[16:50:23][D][jomini_eventmanager.cpp:594]: Loaded [1] events from 'events/dlc/ep3/ep3_laamp_flavor_oltner.txt' 
[16:50:23][D][jomini_eventmanager.cpp:594]: Loaded [39] events from 'events/dlc/ep3/ep3_interactions_events.txt' 
[16:50:23][D][jomini_eventmanager.cpp:594]: Loaded [39] events from 'events/dlc/ep3/ep3_emperor_yearly_2.txt' 
[16:50:23][D][jomini_eventmanager.cpp:641]: >=== NAMESPACE > 'ep3_laamp_flavour_ewan' is set to #5540000
[16:50:23][D][jomini_eventmanager.cpp:594]: Loaded [21] events from 'events/dlc/ep3/ep3_laamp_events_8.txt' 
[16:50:23][D][jomini_eventmanager.cpp:594]: Loaded [56] events from 'events/dlc/ep3/ep3_decisions_events.txt' 
[16:50:23][D][jomini_eventmanager.cpp:641]: >=== NAMESPACE > 'ep3_laamps_provisions' is set to #5550000
[16:50:23][D][jomini_eventmanager.cpp:641]: >=== NAMESPACE > 'ep3_landless_admin' is set to #5560000
[16:50:23][D][jomini_eventmanager.cpp:594]: Loaded [51] events from 'events/dlc/ep3/ep3_contract_events.txt' 
[16:50:23][D][jomini_eventmanager.cpp:641]: >=== NAMESPACE > 'ep3_powerful_families' is set to #5570000
[16:50:23][D][jomini_eventmanager.cpp:641]: >=== NAMESPACE > 'ep3_roman_restoration' is set to #5580000
[16:50:23][D][jomini_eventmanager.cpp:594]: Loaded [32] events from 'events/dlc/ep3/ep3_frankokratia_events.txt' 
[16:50:23][D][jomini_eventmanager.cpp:641]: >=== NAMESPACE > 'ep3_story_cycle_admin_eunuch' is set to #5590000
[16:50:23][D][jomini_eventmanager.cpp:594]: Loaded [10] events from 'events/dlc/ep3/ep3_laamps_provisions.txt' 
[16:50:23][D][jomini_eventmanager.cpp:594]: Loaded [6] events from 'events/dlc/ep3/ep3_roman_restoration_events.txt' 
[16:50:23][D][jomini_eventmanager.cpp:594]: Loaded [64] events from 'events/dlc/ep2/ep2_tournament_events.txt' 
[16:50:23][D][jomini_eventmanager.cpp:594]: Loaded [16] events from 'events/dlc/ep3/ep3_governor_yearly_3.txt' 
[16:50:23][D][jomini_eventmanager.cpp:594]: Loaded [6] events from 'events/dlc/ep3/ep3_landless_admin_events.txt' 
[16:50:23][D][jomini_eventmanager.cpp:641]: >=== NAMESPACE > 'ep3_story_cycle_harrying' is set to #5600000
[16:50:23][D][jomini_eventmanager.cpp:641]: >=== NAMESPACE > 'yearly_saharan' is set to #5610000
[16:50:23][D][jomini_eventmanager.cpp:641]: >=== NAMESPACE > 'grand_ambitions' is set to #5620000
[16:50:23][D][jomini_eventmanager.cpp:594]: Loaded [12] events from 'events/dlc/ep3/ep3_powerful_families_8.txt' 
[16:50:23][D][jomini_eventmanager.cpp:641]: >=== NAMESPACE > 'ep3_story_cycle_violet_poet' is set to #5630000
[16:50:23][D][jomini_eventmanager.cpp:594]: Loaded [66] events from 'events/dlc/ep3/ep3_laamp_events.txt' 
[16:50:23][D][jomini_eventmanager.cpp:594]: Loaded [8] events from 'events/yearly_events/yearly_events_sahara.txt' 
[16:50:23][D][jomini_eventmanager.cpp:594]: Loaded [20] events from 'events/dlc/ep3/ep3_story_cycle_violet_poet_events.txt' 
[16:50:23][D][jomini_eventmanager.cpp:594]: Loaded [24] events from 'events/dlc/ep3/ep3_story_cycle_grand_ambitions_events.txt' 
[16:50:23][D][jomini_eventmanager.cpp:594]: Loaded [30] events from 'events/dlc/ep3/ep3_story_cycle_harrying_of_the_north_events.txt' 
[16:50:23][D][jomini_eventmanager.cpp:594]: Loaded [121] events from 'events/dlc/ep1/ep1_fund_inspiration_events.txt' 
[16:50:23][D][jomini_eventmanager.cpp:594]: Loaded [35] events from 'events/dlc/ep3/ep3_story_cycle_admin_eunuch_events.txt' 
[16:50:23][D][jomini_eventmanager.cpp:594]: Loaded [77] events from 'events/dlc/ep2/wedding_events/ep2_wedding_events.txt' 
[16:50:23][D][jomini_eventmanager.cpp:594]: Loaded [48] events from 'events/dlc/ep3/ep3_laamp_decision_events.txt' 
[16:50:23][D][jomini_eventmanager.cpp:594]: Loaded [89] events from 'events/dlc/ep3/ep3_laamp_flavour_ewan_events.txt' 
[16:50:24][D][onaction.cpp:429]: >>> Total of : 879

[16:50:36][D][database_dependencies.cpp:433]: Database Node Init Time: CJominiNotificationTypeDatabase - 114 ms - 114 ms including dependencies
[16:50:37][D][database_dependencies.cpp:433]: Database Node Init Time: CJominiNamedValueDatabase - 543 ms - 543 ms including dependencies
[16:50:37][D][database_dependencies.cpp:433]: Database Node Init Time: NJominiScriptArgumentHelper::SDatabaseDependencies - 0 ms - 0 ms including dependencies
[16:50:37][D][database_dependencies.cpp:433]: Database Node Init Time: NDatabase::SDynamicEffectsAndTriggersDependency - 0 ms - 43 ms including dependencies
[16:50:37][D][database_dependencies.cpp:433]: Database Node Init Time: CJominiScriptedEffectTemplateDatabase - 550 ms - 888 ms including dependencies
[16:50:37][D][database_dependencies.cpp:433]: Database Node Init Time: CJominiScriptedTriggerTemplateDatabase - 338 ms - 338 ms including dependencies
[16:50:37][D][database_dependencies.cpp:433]: Database Node Init Time: CJominiScriptedModifierTemplateDatabase - 131 ms - 131 ms including dependencies
[16:50:37][D][database_dependencies.cpp:433]: Database Node Init Time: CJominiScriptedListTemplateDatabase - 7 ms - 7 ms including dependencies
[16:50:37][D][database_dependencies.cpp:433]: Database Node Init Time: CJominiScriptedGuiDatabase - 95 ms - 95 ms including dependencies
[16:50:37][D][database_dependencies.cpp:433]: Database Node Init Time: NJominiScriptSystem::SScriptDependency - 0 ms - 1026 ms including dependencies
[16:50:37][D][database_dependencies.cpp:433]: Database Node Init Time: CJominiScriptedRuleDatabase - 24 ms - 24 ms including dependencies
[16:50:37][D][database_dependencies.cpp:433]: Database Node Init Time: CJominiCustomTextDatabase - 952 ms - 952 ms including dependencies
[16:50:37][D][database_dependencies.cpp:433]: Database Node Init Time: NJominiScriptSystem::SScriptDependencyWithoutDBDependencies - 0 ms - 543 ms including dependencies
[16:50:37][D][database_dependencies.cpp:433]: Database Node Init Time: NJominiEffectLocalization::CEffectLocalizationDatabase - 355 ms - 355 ms including dependencies
[16:50:37][D][database_dependencies.cpp:433]: Database Node Init Time: NJominiTriggerLocalization::CTriggerLocalizationDatabase - 281 ms - 281 ms including dependencies
[16:50:37][D][database_dependencies.cpp:433]: Database Node Init Time: CPortraitTypeDatabase - 1 ms - 1 ms including dependencies
[16:50:37][D][database_dependencies.cpp:433]: Database Node Init Time: CPortraitTypeGroupDatabase - 186 ms - 187 ms including dependencies
[16:50:37][D][database_dependencies.cpp:433]: Database Node Init Time: CPortraitAgePresetDatabase - 1 ms - 1 ms including dependencies
[16:50:37][D][database_dependencies.cpp:433]: Database Node Init Time: CPortraitDecalDatabase - 0 ms - 0 ms including dependencies
[16:50:37][D][database_dependencies.cpp:433]: Database Node Init Time: CPortraitDecalAtlasDatabase - 0 ms - 0 ms including dependencies
[16:50:37][D][database_dependencies.cpp:433]: Database Node Init Time: CGeneDatabase - 104 ms - 292 ms including dependencies
[16:50:37][D][database_dependencies.cpp:433]: Database Node Init Time: CEthnicityDatabase - 124 ms - 415 ms including dependencies
[16:50:37][D][database_dependencies.cpp:433]: Database Node Init Time: CAccessoryVariationDatabase - 15877 ms - 15877 ms including dependencies
[16:50:37][D][database_dependencies.cpp:433]: Database Node Init Time: CPortraitAccessoryDatabase - 373 ms - 663 ms including dependencies
[16:50:37][D][database_dependencies.cpp:433]: Database Node Init Time: CPortraitAnimationDatabase - 35 ms - 1038 ms including dependencies
[16:50:37][D][database_dependencies.cpp:433]: Database Node Init Time: CPortraitModifierDatabase - 789 ms - 893 ms including dependencies
[16:50:37][D][database_dependencies.cpp:433]: Database Node Init Time: NPortraitAnimationModifierPack::CDatabase - 28 ms - 817 ms including dependencies
[16:50:37][D][database_dependencies.cpp:433]: Database Node Init Time: CPortraitEnvironmentDatabase - 2941 ms - 3127 ms including dependencies
[16:50:37][D][database_dependencies.cpp:433]: Database Node Init Time: CPortraitCameraDatabase - 76 ms - 262 ms including dependencies
[16:50:37][D][database_dependencies.cpp:433]: Database Node Init Time: CGameRuleDatabase - 74 ms - 75 ms including dependencies
[16:50:37][D][database_dependencies.cpp:433]: Database Node Init Time: CGameRuleSettingDatabase - 1 ms - 1 ms including dependencies
[16:50:37][D][database_dependencies.cpp:433]: Database Node Init Time: CEventManager - 691 ms - 726 ms including dependencies
[16:50:37][D][database_dependencies.cpp:433]: Database Node Init Time: COnActionDataBase - 465 ms - 1156 ms including dependencies
[16:50:37][D][database_dependencies.cpp:433]: Database Node Init Time: CNamedColorDatabase - 42 ms - 42 ms including dependencies
[16:50:37][D][database_dependencies.cpp:433]: Database Node Init Time: CCoatOfArmsTemplateListsDatabase - 3283 ms - 3325 ms including dependencies
[16:50:38][D][database_dependencies.cpp:433]: Database Node Init Time: CCoatOfArmsScriptDatabase - 82 ms - 3407 ms including dependencies
[16:50:38][D][database_dependencies.cpp:433]: Database Node Init Time: CHistoryDatabase - 0 ms - 82 ms including dependencies
[16:50:38][D][database_dependencies.cpp:433]: Database Node Init Time: CProvinceTerrainDatabase - 54 ms - 62 ms including dependencies
[16:50:38][D][database_dependencies.cpp:433]: Database Node Init Time: CTerrainTypeDatabase - 8 ms - 69 ms including dependencies
[16:50:38][D][database_dependencies.cpp:433]: Database Node Init Time: NModifier::SDynamicModifierDependency - 0 ms - 20 ms including dependencies
[16:50:38][D][database_dependencies.cpp:433]: Database Node Init Time: SDynamicModifiersForTraitsDependency - 0 ms - 201 ms including dependencies
[16:50:38][D][database_dependencies.cpp:433]: Database Node Init Time: CTraitDatabase - 20 ms - 410 ms including dependencies
[16:50:38][D][database_dependencies.cpp:433]: Database Node Init Time: SDynamicModifiersForReligionsDependency - 0 ms - 134 ms including dependencies
[16:50:38][D][database_dependencies.cpp:433]: Database Node Init Time: CReligionFamilyTypeDatabase - 9 ms - 53 ms including dependencies
[16:50:38][D][database_dependencies.cpp:433]: Database Node Init Time: CReligionTypeDatabase - 192 ms - 406 ms including dependencies
[16:50:38][D][database_dependencies.cpp:433]: Database Node Init Time: CFaithTypeDatabase - 0 ms - 111 ms including dependencies
[16:50:38][D][database_dependencies.cpp:433]: Database Node Init Time: SDynamicModifiersForCultureTraitsDependency - 0 ms - 74 ms including dependencies
[16:50:38][D][database_dependencies.cpp:433]: Database Node Init Time: CCultureDatabase - 134 ms - 481 ms including dependencies
[16:50:38][D][database_dependencies.cpp:433]: Database Node Init Time: SDynamicModifiersForTerrainAndGovernmentTypeDependency - 0 ms - 522 ms including dependencies
[16:50:38][D][database_dependencies.cpp:433]: Database Node Init Time: CMenAtArmsTypeDatabase - 51 ms - 59 ms including dependencies
[16:50:38][D][database_dependencies.cpp:433]: Database Node Init Time: CGovernmentTypeDatabase - 15 ms - 230 ms including dependencies
[16:50:38][D][database_dependencies.cpp:433]: Database Node Init Time: CSchemeTypeDatabase - 294 ms - 316 ms including dependencies
[16:50:38][D][database_dependencies.cpp:433]: Database Node Init Time: CHoldingTypeDatabase - 56 ms - 56 ms including dependencies
[16:50:38][D][database_dependencies.cpp:433]: Database Node Init Time: CLifestyleDatabase - 7 ms - 7 ms including dependencies
[16:50:39][D][database_dependencies.cpp:433]: Database Node Init Time: CGeographicalRegionDatabase - 92 ms - 92 ms including dependencies
[16:50:39][D][database_dependencies.cpp:433]: Database Node Init Time: CVassalStanceDatabase - 65 ms - 65 ms including dependencies
[16:50:39][D][database_dependencies.cpp:433]: Database Node Init Time: CTaxSlotTypeDatabase - 8 ms - 8 ms including dependencies
[16:50:39][D][database_dependencies.cpp:433]: Database Node Init Time: CDynastyLegacyDatabase - 27 ms - 27 ms including dependencies
[16:50:39][D][database_dependencies.cpp:433]: Database Node Init Time: CScriptedRelationDatabase - 9 ms - 9 ms including dependencies
[16:50:39][D][database_dependencies.cpp:433]: Database Node Init Time: NCulture::SCultureTechDatabaseDependency - 0 ms - 1185 ms including dependencies
[16:50:39][D][database_dependencies.cpp:433]: Database Node Init Time: CBuildingDatabase - 290 ms - 969 ms including dependencies
[16:50:39][D][database_dependencies.cpp:433]: Database Node Init Time: CDecisionTypeDatabase - 496 ms - 561 ms including dependencies
[16:50:39][D][database_dependencies.cpp:433]: Database Node Init Time: CCasusBelliTypeDatabase - 296 ms - 338 ms including dependencies
[16:50:39][D][database_dependencies.cpp:433]: Database Node Init Time: CLawGroupDatabase - 52 ms - 182 ms including dependencies
[16:50:39][D][database_dependencies.cpp:433]: Database Node Init Time: CLawDatabase - 0 ms - 213 ms including dependencies
[16:50:39][D][database_dependencies.cpp:433]: Database Node Init Time: NCulture::SCultureTraitDatabaseDependency - 0 ms - 166 ms including dependencies
[16:50:39][D][database_dependencies.cpp:433]: Database Node Init Time: CCulturePillarDatabase - 34 ms - 34 ms including dependencies
[16:50:39][D][layered_icon.cpp:89]: tradition_khadga_puja had icon changed due to uniqueness
[16:50:39][D][layered_icon.cpp:89]: tradition_roman_legacy had icon changed due to uniqueness
[16:50:39][D][layered_icon.cpp:89]: tradition_agrarian had icon changed due to uniqueness
[16:50:39][D][layered_icon.cpp:89]: tradition_visigothic_codes had icon changed due to uniqueness
[16:50:39][D][layered_icon.cpp:89]: tradition_nubian_warrior_queens had icon changed due to uniqueness
[16:50:39][D][layered_icon.cpp:89]: tradition_sacred_mountains had icon changed due to uniqueness
[16:50:39][D][layered_icon.cpp:89]: tradition_sacred_groves had icon changed due to uniqueness
[16:50:40][D][database_dependencies.cpp:433]: Database Node Init Time: CCultureTraditionDatabase - 132 ms - 132 ms including dependencies
[16:50:40][D][database_dependencies.cpp:433]: Database Node Init Time: NScriptRules::SNamedValuesSetup - 0 ms - 543 ms including dependencies
[16:50:40][D][database_dependencies.cpp:433]: Database Node Init Time: CPortraitCustomizationRulesDatabase - 21 ms - 810 ms including dependencies
[16:50:40][D][database_dependencies.cpp:433]: Database Node Init Time: COpinionModifierDatabase - 390 ms - 390 ms including dependencies
[16:50:40][D][database_dependencies.cpp:433]: Database Node Init Time: CCombatEffectDatabase - 19 ms - 19 ms including dependencies
[16:50:40][D][database_dependencies.cpp:433]: Database Node Init Time: CTutorialLessonDatabase - 62 ms - 134 ms including dependencies
[16:50:40][D][database_dependencies.cpp:433]: Database Node Init Time: CTutorialLessonChainDatabase - 72 ms - 72 ms including dependencies
[16:50:40][D][database_dependencies.cpp:433]: Database Node Init Time: CSuccessionElectionTypeDatabase - 97 ms - 97 ms including dependencies
[16:50:40][D][database_dependencies.cpp:433]: Database Node Init Time: CTraitPortraitModifierDatabase - 0 ms - 667 ms including dependencies
[16:50:40][D][database_dependencies.cpp:433]: Database Node Init Time: CTraitPortraitModifierGroupDatabase - 36 ms - 36 ms including dependencies
[16:50:40][D][database_dependencies.cpp:433]: Database Node Init Time: CScriptedAnimationsDatabase - 28 ms - 104 ms including dependencies
[16:50:40][D][database_dependencies.cpp:433]: Database Node Init Time: CStruggleCatalystTypeDatabase - 52 ms - 52 ms including dependencies
[16:50:40][D][database_dependencies.cpp:433]: Database Node Init Time: CStrugglePhaseTypeDatabase - 0 ms - 548 ms including dependencies
[16:50:40][D][database_dependencies.cpp:433]: Database Node Init Time: CStruggleTypeDatabase - 15 ms - 370 ms including dependencies
[16:50:40][D][database_dependencies.cpp:433]: Database Node Init Time: CSituationGroupTypeDatabase - 129 ms - 129 ms including dependencies
[16:50:40][D][database_dependencies.cpp:433]: Database Node Init Time: CTaskContractTypeDatabase - 174 ms - 174 ms including dependencies
[16:50:40][D][database_dependencies.cpp:433]: Database Node Init Time: CSuccessionAppointmentTypeDatabase - 83 ms - 83 ms including dependencies
[16:50:40][D][database_dependencies.cpp:433]: Database Node Init Time: CTravelOptionDatabase - 45 ms - 45 ms including dependencies
[16:50:40][D][database_dependencies.cpp:433]: Database Node Init Time: CTravelPointOfInterestTypeDatabase - 66 ms - 66 ms including dependencies
[16:50:40][D][database_dependencies.cpp:433]: Database Node Init Time: CAIWarStanceDatabase - 46 ms - 46 ms including dependencies
[16:50:40][D][database_dependencies.cpp:433]: Database Node Init Time: CCombatPhaseEventTypeDatabase - 86 ms - 86 ms including dependencies
[16:50:40][D][database_dependencies.cpp:433]: Database Node Init Time: CFactionTypeDatabase - 127 ms - 826 ms including dependencies
[16:50:40][D][database_dependencies.cpp:433]: Database Node Init Time: CCharacterInteractionDatabase - 699 ms - 1136 ms including dependencies
[16:50:40][D][database_dependencies.cpp:433]: Database Node Init Time: CGraphicalUnitTypeDatabase - 14 ms - 148 ms including dependencies
[16:50:40][D][database_dependencies.cpp:433]: Database Node Init Time: CRaidIntentsDatabase - 77 ms - 77 ms including dependencies
[16:50:40][D][database_dependencies.cpp:433]: Database Node Init Time: CSituationTypeDatabase - 66 ms - 557 ms including dependencies
[16:50:40][D][database_dependencies.cpp:433]: Database Node Init Time: CSituationCatalystTypeDatabase - 54 ms - 54 ms including dependencies
[16:50:40][D][database_dependencies.cpp:433]: Database Node Init Time: CMapProvinceEffectDatabase - 216 ms - 216 ms including dependencies
[16:50:40][D][database_dependencies.cpp:433]: Database Node Init Time: CDoctrineGroupTypeDatabase - 67 ms - 67 ms including dependencies
[16:50:40][D][database_dependencies.cpp:433]: Database Node Init Time: CDoctrineTypeDatabase - 44 ms - 111 ms including dependencies
[16:50:40][D][database_dependencies.cpp:433]: Database Node Init Time: CHolySiteTypeDatabase - 12 ms - 131 ms including dependencies
[16:50:40][D][database_dependencies.cpp:433]: Database Node Init Time: CLandedTitleTemplateDatabase - 119 ms - 302 ms including dependencies
[16:50:40][D][database_dependencies.cpp:433]: Database Node Init Time: CCasusBelliGroupDatabase - 42 ms - 42 ms including dependencies
[16:50:40][D][database_dependencies.cpp:433]: Database Node Init Time: CConfederationTypeDatabase - 79 ms - 79 ms including dependencies
[16:50:40][D][database_dependencies.cpp:433]: Database Node Init Time: CCouncilPositionDatabase - 43 ms - 76 ms including dependencies
[16:50:40][D][database_dependencies.cpp:433]: Database Node Init Time: CPoolCharacterSelectorDatabase - 33 ms - 116 ms including dependencies
[16:50:40][D][database_dependencies.cpp:433]: Database Node Init Time: CCouncilTaskTypeDatabase - 305 ms - 400 ms including dependencies
[16:50:40][D][database_dependencies.cpp:433]: Database Node Init Time: CDynastyPerkDatabase - 52 ms - 150 ms including dependencies
[16:50:40][D][database_dependencies.cpp:433]: Database Node Init Time: CDynamicCoatOfArmsDatabase - 10 ms - 129 ms including dependencies
[16:50:40][D][database_dependencies.cpp:433]: Database Node Init Time: CDecisionGroupTypeDatabase - 65 ms - 65 ms including dependencies
[16:50:40][D][database_dependencies.cpp:433]: Database Node Init Time: CDiarchyTypeDatabase - 21 ms - 777 ms including dependencies
[16:50:40][D][database_dependencies.cpp:433]: Database Node Init Time: CMandateTypeDatabase - 57 ms - 57 ms including dependencies
[16:50:40][D][database_dependencies.cpp:433]: Database Node Init Time: CHouseAspirationTypeDatabase - 68 ms - 68 ms including dependencies
[16:50:40][D][database_dependencies.cpp:433]: Database Node Init Time: CHouseRelationTypeDatabase - 56 ms - 57 ms including dependencies
[16:50:40][D][database_dependencies.cpp:433]: Database Node Init Time: CHouseRelationLevelDatabase - 1 ms - 1 ms including dependencies
[16:50:40][D][database_dependencies.cpp:433]: Database Node Init Time: CHouseUnityStageTypeDatabase - 0 ms - 0 ms including dependencies
[16:50:40][D][database_dependencies.cpp:433]: Database Node Init Time: CHouseUnityTypeDatabase - 9 ms - 505 ms including dependencies
[16:50:40][D][database_dependencies.cpp:433]: Database Node Init Time: CCultureNameListDatabase - 141 ms - 223 ms including dependencies
[16:50:40][D][database_dependencies.cpp:433]: Database Node Init Time: CLeaseContractTypeDatabase - 13 ms - 84 ms including dependencies
[16:50:40][D][database_dependencies.cpp:433]: Database Node Init Time: CSubjectContractTypeDatabase - 121 ms - 121 ms including dependencies
[16:50:40][D][database_dependencies.cpp:433]: Database Node Init Time: CSubjectContractGroupDatabase - 8 ms - 129 ms including dependencies
[16:50:40][D][database_dependencies.cpp:433]: Database Node Init Time: CAchievementsDatabase - 79 ms - 79 ms including dependencies
[16:50:40][D][database_dependencies.cpp:433]: Database Node Init Time: CDlcMetadataDatabase - 76 ms - 76 ms including dependencies
[16:50:40][D][database_dependencies.cpp:433]: Database Node Init Time: CImportantActionTypeDatabase - 193 ms - 193 ms including dependencies
[16:50:40][D][database_dependencies.cpp:433]: Database Node Init Time: CMessageFilterTypeDatabase - 129 ms - 179 ms including dependencies
[16:50:40][D][database_dependencies.cpp:433]: Database Node Init Time: CMessageGroupTypeDatabase - 50 ms - 50 ms including dependencies
[16:50:40][D][database_dependencies.cpp:433]: Database Node Init Time: CPlayerMessageTypeDatabase - 244 ms - 244 ms including dependencies
[16:50:40][D][database_dependencies.cpp:433]: Database Node Init Time: CRulerObjectiveAdviceTypeDatabase - 8 ms - 504 ms including dependencies
[16:50:40][D][database_dependencies.cpp:433]: Database Node Init Time: CScriptedTestDatabase - 382 ms - 382 ms including dependencies
[16:50:40][D][database_dependencies.cpp:433]: Database Node Init Time: CSuggestionTypeDatabase - 29 ms - 29 ms including dependencies
[16:50:40][D][database_dependencies.cpp:433]: Database Node Init Time: CSchemeAgentSlotTypeDatabase - 21 ms - 21 ms including dependencies
[16:50:40][D][database_dependencies.cpp:433]: Database Node Init Time: CSchemeCountermeasureTypeDatabase - 49 ms - 114 ms including dependencies
[16:50:40][D][database_dependencies.cpp:433]: Database Node Init Time: CSchemePulseActionDatabase - 22 ms - 22 ms including dependencies
[16:50:40][D][database_dependencies.cpp:433]: Database Node Init Time: CSecretTypeDatabase - 26 ms - 26 ms including dependencies
[16:50:40][D][database_dependencies.cpp:433]: Database Node Init Time: CCultureAestheticsBundleDatabase - 10 ms - 151 ms including dependencies
[16:50:40][D][database_dependencies.cpp:433]: Database Node Init Time: CCultureCreationNameDatabase - 26 ms - 26 ms including dependencies
[16:50:40][D][database_dependencies.cpp:433]: Database Node Init Time: CCultureEraTypeDatabase - 5 ms - 5 ms including dependencies
[16:50:40][D][database_dependencies.cpp:433]: Database Node Init Time: CCultureInnovationTypeDatabase - 27 ms - 124 ms including dependencies
[16:50:40][D][database_dependencies.cpp:433]: Database Node Init Time: CCultureNameEquivalencyDatabase - 10 ms - 144 ms including dependencies
[16:50:40][D][database_dependencies.cpp:433]: Database Node Init Time: CCourtAmenitiesCategoryDatabase - 31 ms - 31 ms including dependencies
[16:50:40][D][database_dependencies.cpp:433]: Database Node Init Time: CCourtAmenitiesSettingDatabase - 0 ms - 161 ms including dependencies
[16:50:40][D][database_dependencies.cpp:433]: Database Node Init Time: CActivityTypeDatabase - 161 ms - 621 ms including dependencies
[16:50:40][D][database_dependencies.cpp:433]: Database Node Init Time: CCourtPositionTaskTypeDatabase - 137 ms - 261 ms including dependencies
[16:50:40][D][database_dependencies.cpp:433]: Database Node Init Time: CCourtPositionTypesDatabase - 124 ms - 124 ms including dependencies
[16:50:40][D][database_dependencies.cpp:433]: Database Node Init Time: CCourtSceneGroupDatabase - 69 ms - 69 ms including dependencies
[16:50:40][D][database_dependencies.cpp:433]: Database Node Init Time: CCourtSceneRoleDatabase - 52 ms - 121 ms including dependencies
[16:50:40][D][database_dependencies.cpp:433]: Database Node Init Time: CCourtTypeDatabase - 21 ms - 21 ms including dependencies
[16:50:40][D][database_dependencies.cpp:433]: Database Node Init Time: CManagedCourtierGuestTypeDatabase - 16 ms - 16 ms including dependencies
[16:50:40][D][database_dependencies.cpp:433]: Database Node Init Time: CGuestSystemDatabase - 9 ms - 9 ms including dependencies
[16:50:40][D][database_dependencies.cpp:433]: Database Node Init Time: CChallengeCharacterDatabase - 16 ms - 1940 ms including dependencies
[16:50:40][D][database_dependencies.cpp:433]: Database Node Init Time: CDynastyTemplateDatabase - 219 ms - 300 ms including dependencies
[16:50:40][D][database_dependencies.cpp:433]: Database Node Init Time: CBookmarkPortraitDatabase - 1219 ms - 2112 ms including dependencies
[16:50:40][D][database_dependencies.cpp:433]: Database Node Init Time: CCharacterBackgroundTypeDatabase - 83 ms - 83 ms including dependencies
[16:50:40][D][database_dependencies.cpp:433]: Database Node Init Time: CCharacterInteractionCategoryDatabase - 77 ms - 77 ms including dependencies
[16:50:40][D][database_dependencies.cpp:433]: Database Node Init Time: CCharacterMemoryTypeDatabase - 812 ms - 812 ms including dependencies
[16:50:40][D][database_dependencies.cpp:433]: Database Node Init Time: CDeathReasonDatabase - 20 ms - 20 ms including dependencies
[16:50:40][D][database_dependencies.cpp:433]: Database Node Init Time: CDnaDataDatabase - 172 ms - 276 ms including dependencies
[16:50:40][D][database_dependencies.cpp:433]: Database Node Init Time: CDynastyHouseMottoFormatDatabase - 12 ms - 30 ms including dependencies
[16:50:40][D][database_dependencies.cpp:433]: Database Node Init Time: CDynastyHouseMottoFormatInsertDatabase - 18 ms - 18 ms including dependencies
[16:50:40][D][database_dependencies.cpp:433]: Database Node Init Time: CDynastyHouseTemplateDatabase - 81 ms - 81 ms including dependencies
[16:50:40][D][database_dependencies.cpp:433]: Database Node Init Time: CEpidemicTypeDatabase - 37 ms - 37 ms including dependencies
[16:50:40][D][database_dependencies.cpp:433]: Database Node Init Time: CFocusTypeDatabase - 33 ms - 40 ms including dependencies
[16:50:40][D][database_dependencies.cpp:433]: Database Node Init Time: CHookTypeDatabase - 8 ms - 8 ms including dependencies
[16:50:40][D][database_dependencies.cpp:433]: Database Node Init Time: CLegitimacyTypeDatabase - 30 ms - 30 ms including dependencies
[16:50:40][D][database_dependencies.cpp:433]: Database Node Init Time: CLifestylePerkDatabase - 125 ms - 199 ms including dependencies
[16:50:40][D][database_dependencies.cpp:433]: Database Node Init Time: CTriggeredLegendSeedDatabase - 16 ms - 80 ms including dependencies
[16:50:40][D][database_dependencies.cpp:433]: Database Node Init Time: CLegendTypeDatabase - 20 ms - 20 ms including dependencies
[16:50:40][D][database_dependencies.cpp:433]: Database Node Init Time: CLegendChronicleTypeDatabase - 44 ms - 44 ms including dependencies
[16:50:40][D][database_dependencies.cpp:433]: Database Node Init Time: CNicknameDatabase - 213 ms - 213 ms including dependencies
[16:50:40][D][database_dependencies.cpp:433]: Database Node Init Time: CScriptedCharacterTemplateDatabase - 237 ms - 237 ms including dependencies
[16:50:40][D][database_dependencies.cpp:433]: Database Node Init Time: CScriptedCostDatabase - 10 ms - 553 ms including dependencies
[16:50:40][D][database_dependencies.cpp:433]: Database Node Init Time: CStaticModifierDatabase - 416 ms - 682 ms including dependencies
[16:50:40][D][database_dependencies.cpp:433]: Database Node Init Time: CStoryCycleDatabase - 147 ms - 1059 ms including dependencies
[16:50:40][D][database_dependencies.cpp:433]: Database Node Init Time: CDomicileBuildingTypeDatabase - 205 ms - 884 ms including dependencies
[16:50:40][D][database_dependencies.cpp:433]: Database Node Init Time: CDomicileTypeDatabase - 19 ms - 19 ms including dependencies
[16:50:40][D][database_dependencies.cpp:433]: Database Node Init Time: CGreatProjectTypeDatabase - 66 ms - 780 ms including dependencies
[16:50:40][D][database_dependencies.cpp:433]: Database Node Init Time: CBookmarkDatabase - 16 ms - 1912 ms including dependencies
[16:50:40][D][database_dependencies.cpp:433]: Database Node Init Time: CBookmarkGroupDatabase - 51 ms - 51 ms including dependencies
[16:50:40][D][database_dependencies.cpp:433]: Database Node Init Time: CArtifactBlueprintDatabase - 10 ms - 39 ms including dependencies
[16:50:40][D][database_dependencies.cpp:433]: Database Node Init Time: CArtifactScriptedTemplateDatabase - 29 ms - 29 ms including dependencies
[16:50:40][D][database_dependencies.cpp:433]: Database Node Init Time: CArtifactFeatureDatabase - 28 ms - 88 ms including dependencies
[16:50:40][D][database_dependencies.cpp:433]: Database Node Init Time: CArtifactFeatureGroupDatabase - 60 ms - 60 ms including dependencies
[16:50:40][D][database_dependencies.cpp:433]: Database Node Init Time: CArtifactTypeDatabase - 128 ms - 188 ms including dependencies
[16:50:40][D][database_dependencies.cpp:433]: Database Node Init Time: CArtifactVisualTypeDatabase - 65 ms - 65 ms including dependencies
[16:50:40][D][database_dependencies.cpp:433]: Database Node Init Time: CInventorySlotTypeDatabase - 9 ms - 9 ms including dependencies
[16:50:40][D][database_dependencies.cpp:433]: Database Node Init Time: CConnectionArrowDatabase - 9 ms - 9 ms including dependencies
[16:50:40][D][database_dependencies.cpp:433]: Database Node Init Time: CFlavorizationDatabase - 67 ms - 470 ms including dependencies
[16:50:40][D][database_dependencies.cpp:433]: Database Node Init Time: CIllustrationTypeDatabase - 165 ms - 165 ms including dependencies
[16:50:40][D][database_dependencies.cpp:433]: Database Node Init Time: CHUDSkinDatabase - 25 ms - 25 ms including dependencies
[16:50:40][D][database_dependencies.cpp:433]: Database Node Init Time: CInspirationTypeDatabase - 13 ms - 13 ms including dependencies
[16:50:40][D][database_dependencies.cpp:433]: Database Node Init Time: CActivityGuestInviteRulesDatabase - 11 ms - 11 ms including dependencies
[16:50:40][D][database_dependencies.cpp:433]: Database Node Init Time: CActivityGroupTypeDatabase - 7 ms - 7 ms including dependencies
[16:50:40][D][database_dependencies.cpp:433]: Database Node Init Time: CActivityIntentsDatabase - 84 ms - 84 ms including dependencies
[16:50:40][D][database_dependencies.cpp:433]: Database Node Init Time: CActivityLocaleTypeDatabase - 9 ms - 9 ms including dependencies
[16:50:40][D][database_dependencies.cpp:433]: Database Node Init Time: CActivityPulseActionDatabase - 138 ms - 138 ms including dependencies
[16:50:40][D][database_dependencies.cpp:433]: Database Node Init Time: CAccoladeNameDatabase - 11 ms - 32 ms including dependencies
[16:50:40][D][database_dependencies.cpp:433]: Database Node Init Time: CAccoladeTypeDatabase - 21 ms - 99 ms including dependencies
[16:50:40][D][database_dependencies.cpp:433]: Database Node Init Time: CTaxSlotObligationTypeDatabase - 8 ms - 8 ms including dependencies
[16:50:40][D][database_dependencies.cpp:433]: Database Node Init Time: CJominiLineDatabase - 570 ms - 570 ms including dependencies
[16:50:40][D][database_dependencies.cpp:433]: Database Node Init Time: NJominiMap::CMapObjectDatabase - 523 ms - 523 ms including dependencies
[16:50:40][D][database_dependencies.cpp:433]: Database Node Init Time: CConsoleGroupDatabase - 145 ms - 145 ms including dependencies
[16:50:40][D][database_dependencies.cpp:433]: Database Node Init Time: CEventBackgroundDatabase - 64 ms - 64 ms including dependencies
[16:50:40][D][database_dependencies.cpp:433]: Database Node Init Time: CEventTransitionDatabase - 15 ms - 15 ms including dependencies
[16:50:40][D][database_dependencies.cpp:433]: Database Node Init Time: CEvent2DEffectDatabase - 8 ms - 8 ms including dependencies
[16:50:40][D][database_dependencies.cpp:433]: Database Node Init Time: CEventThemeDatabase - 17 ms - 17 ms including dependencies
[16:50:40][D][database_dependencies.cpp:433]: Database Node Init Time: CMapModeDatabase - 38 ms - 38 ms including dependencies
[16:50:40][D][database_dependencies.cpp:433]: Database Node Init Time: CStaticModifierIconDatabase - 3743 ms - 4159 ms including dependencies
[16:50:40][D][database_dependencies.cpp:433]: Database Node Init Time: CMenAtArmsTypeIconDatabase - 123 ms - 174 ms including dependencies
[16:50:40][D][database_dependencies.cpp:433]: Database Node Init Time: CCombatEffectIconDatabase - 250 ms - 277 ms including dependencies
[16:50:40][D][database_dependencies.cpp:433]: Database Node Init Time: CBuildingIconDatabase - 2132 ms - 2422 ms including dependencies
[16:50:40][D][database_dependencies.cpp:433]: Database Node Init Time: CHoldingTypeTabIconDatabase - 154 ms - 210 ms including dependencies
[16:50:40][D][database_dependencies.cpp:433]: Database Node Init Time: CCouncilTaskTypeIconDatabase - 143 ms - 448 ms including dependencies
[16:50:40][D][database_dependencies.cpp:433]: Database Node Init Time: CImportantActionTypeIconDatabase - 1247 ms - 1440 ms including dependencies
[16:50:40][D][database_dependencies.cpp:433]: Database Node Init Time: CDoctrineTypeIconDatabase - 1342 ms - 1386 ms including dependencies
[16:50:40][D][database_dependencies.cpp:433]: Database Node Init Time: CDoctrineGroupTypeIconDatabase - 412 ms - 479 ms including dependencies
[16:50:40][D][database_dependencies.cpp:433]: Database Node Init Time: CCultureEraIllustrationDatabase - 65 ms - 70 ms including dependencies
[16:50:40][D][database_dependencies.cpp:433]: Database Node Init Time: CCultureEraFrameDatabase - 54 ms - 59 ms including dependencies
[16:50:40][D][database_dependencies.cpp:433]: Database Node Init Time: CUnitAssetDatabase - 79 ms - 213 ms including dependencies
[16:50:40][D][database_dependencies.cpp:433]: Database Node Init Time: CFactionTypeIconDatabase - 162 ms - 289 ms including dependencies
[16:50:40][D][database_dependencies.cpp:433]: Database Node Init Time: CTerrainIconDatabase - 30 ms - 38 ms including dependencies
[16:50:40][D][database_dependencies.cpp:433]: Database Node Init Time: CTerrainTypeIllustrationDatabase - 264 ms - 272 ms including dependencies
[16:50:40][D][database_dependencies.cpp:433]: Database Node Init Time: CTerrainDangerTypeActiveIconDatabase - 264 ms - 272 ms including dependencies
[16:50:40][D][database_dependencies.cpp:433]: Database Node Init Time: CTerrainDangerTypeInactiveIconDatabase - 268 ms - 276 ms including dependencies
[16:50:40][D][database_dependencies.cpp:433]: Database Node Init Time: CLawIconDatabase - 883 ms - 935 ms including dependencies
[16:50:40][D][database_dependencies.cpp:433]: Database Node Init Time: CGovernmentRealmShieldMaskDatabase - 251 ms - 266 ms including dependencies
[16:50:40][D][database_dependencies.cpp:433]: Database Node Init Time: CGovernmentRealmShieldFrameDatabase - 1133 ms - 1148 ms including dependencies
[16:50:40][D][database_dependencies.cpp:433]: Database Node Init Time: CGovernmentRealmShieldFrameShadowDatabase - 1134 ms - 1149 ms including dependencies
[16:50:40][D][database_dependencies.cpp:433]: Database Node Init Time: CPlayableDifficultyInfoDatabase - 11 ms - 11 ms including dependencies
[16:50:40][D][database_dependencies.cpp:433]: Database Node Init Time: CPerkIconDatabase - 256 ms - 381 ms including dependencies
[16:50:40][D][database_dependencies.cpp:433]: Database Node Init Time: CFocusIconDatabase - 400 ms - 433 ms including dependencies
[16:50:40][D][database_dependencies.cpp:433]: Database Node Init Time: CLifestyleIconDatabase - 12 ms - 19 ms including dependencies
[16:50:40][D][database_dependencies.cpp:433]: Database Node Init Time: CLifestyleBackgroundDatabase - 84 ms - 91 ms including dependencies
[16:50:40][D][database_dependencies.cpp:433]: Database Node Init Time: CDynastyLegacyIconDatabase - 238 ms - 265 ms including dependencies
[16:50:40][D][database_dependencies.cpp:433]: Database Node Init Time: CDynastyLegacyTrackIconDatabase - 226 ms - 253 ms including dependencies
[16:50:40][D][database_dependencies.cpp:433]: Database Node Init Time: CCasusBelliTypeIconDatabase - 483 ms - 779 ms including dependencies
[16:50:40][D][database_dependencies.cpp:433]: Database Node Init Time: CTraitIconDatabase - 2449 ms - 2469 ms including dependencies
[16:50:40][D][database_dependencies.cpp:433]: Database Node Init Time: CCharacterInteractionCategoryIconDatabase - 102 ms - 179 ms including dependencies
[16:50:40][D][database_dependencies.cpp:433]: Database Node Init Time: CCharacterInteractionCategoryBackgroundIconDatabase - 80 ms - 157 ms including dependencies
[16:50:40][D][database_dependencies.cpp:433]: Database Node Init Time: CCharacterInteractionAlertIconDatabase - 1251 ms - 1950 ms including dependencies
[16:50:40][D][database_dependencies.cpp:433]: Database Node Init Time: CBookmarkButtonIconDatabase - 239 ms - 255 ms including dependencies
[16:50:40][D][database_dependencies.cpp:433]: Database Node Init Time: CBookmarkButtonIconBigDatabase - 217 ms - 233 ms including dependencies
[16:50:40][D][database_dependencies.cpp:433]: Database Node Init Time: CSecretTypeIconDatabase - 117 ms - 143 ms including dependencies
[16:50:40][D][database_dependencies.cpp:433]: Database Node Init Time: CPlayerMessageTypeIconDatabase - 743 ms - 987 ms including dependencies
[16:50:40][D][database_dependencies.cpp:433]: Database Node Init Time: CCulturePillarIconDatabase - 830 ms - 864 ms including dependencies
[16:50:40][D][database_dependencies.cpp:433]: Database Node Init Time: CInventorySlotTypeIconDatabase - 162 ms - 171 ms including dependencies
[16:50:40][D][database_dependencies.cpp:433]: Database Node Init Time: CInspirationTypeIconDatabase - 147 ms - 160 ms including dependencies
[16:50:40][D][database_dependencies.cpp:433]: Database Node Init Time: CSchemeTypeIconDatabase - 539 ms - 833 ms including dependencies
[16:50:40][D][database_dependencies.cpp:433]: Database Node Init Time: CSchemeCountermeasureTypeIconDatabase - 343 ms - 392 ms including dependencies
[16:50:40][D][database_dependencies.cpp:433]: Database Node Init Time: CCourtSceneCultureDatabase - 32 ms - 32 ms including dependencies
[16:50:40][D][database_dependencies.cpp:433]: Database Node Init Time: CCoatOfArmsDesignerPatternDatabase - 54 ms - 54 ms including dependencies
[16:50:40][D][database_dependencies.cpp:433]: Database Node Init Time: CCoatOfArmsColorPaletteDatabase - 138 ms - 138 ms including dependencies
[16:50:40][D][database_dependencies.cpp:433]: Database Node Init Time: CCoatOfArmsDesignerEmblemLayoutDatabase - 16 ms - 98 ms including dependencies
[16:50:40][D][database_dependencies.cpp:433]: Database Node Init Time: CCoatOfArmsDesignerEmblemTextureDatabase - 121 ms - 121 ms including dependencies
[16:50:40][D][database_dependencies.cpp:433]: Database Node Init Time: CCourtAmenitiesIconDatabase - 295 ms - 326 ms including dependencies
[16:50:40][D][database_dependencies.cpp:433]: Database Node Init Time: CStrugglePhaseTypeIconDatabase - 16 ms - 31 ms including dependencies
[16:50:40][D][database_dependencies.cpp:433]: Database Node Init Time: CStruggleTypeIconDatabase - 20 ms - 35 ms including dependencies
[16:50:40][D][database_dependencies.cpp:433]: Database Node Init Time: CStruggleTypeHeaderBackgroundDatabase - 36 ms - 51 ms including dependencies
[16:50:40][D][database_dependencies.cpp:433]: Database Node Init Time: CStrugglePhaseTypeBackgroundDatabase - 113 ms - 128 ms including dependencies
[16:50:40][D][database_dependencies.cpp:433]: Database Node Init Time: CStrugglePhaseTypeDetailBackgroundDatabase - 91 ms - 106 ms including dependencies
[16:50:40][D][database_dependencies.cpp:433]: Database Node Init Time: CMapModeIconDatabase - 384 ms - 422 ms including dependencies
[16:50:40][D][database_dependencies.cpp:433]: Database Node Init Time: CDlcIconDatabase - 133 ms - 209 ms including dependencies
[16:50:40][D][database_dependencies.cpp:433]: Database Node Init Time: CDlcPictureDatabase - 210 ms - 286 ms including dependencies
[16:50:40][D][database_dependencies.cpp:433]: Database Node Init Time: CDlcEventDecorationDatabase - 175 ms - 251 ms including dependencies
[16:50:40][D][database_dependencies.cpp:433]: Database Node Init Time: CBookmarkStartButtonIconDatabase - 391 ms - 407 ms including dependencies
[16:50:40][D][database_dependencies.cpp:433]: Database Node Init Time: CActivityTypeIconDatabase - 112 ms - 273 ms including dependencies
[16:50:40][D][database_dependencies.cpp:433]: Database Node Init Time: CActivityTypeHeaderIconDatabase - 272 ms - 433 ms including dependencies
[16:50:40][D][database_dependencies.cpp:433]: Database Node Init Time: CActivityTypeHeaderBackgroundDatabase - 584 ms - 745 ms including dependencies
[16:50:40][D][database_dependencies.cpp:433]: Database Node Init Time: CActivityIntentsIconDatabase - 655 ms - 739 ms including dependencies
[16:50:40][D][database_dependencies.cpp:433]: Database Node Init Time: CActivityLocaleIconDatabase - 101 ms - 110 ms including dependencies
[16:50:40][D][database_dependencies.cpp:433]: Database Node Init Time: CActivityPulseActionIconDatabase - 547 ms - 685 ms including dependencies
[16:50:40][D][database_dependencies.cpp:433]: Database Node Init Time: CTravelOptionIconDatabase - 385 ms - 430 ms including dependencies
[16:50:40][D][database_dependencies.cpp:433]: Database Node Init Time: CVassalStanceIconDatabase - 60 ms - 125 ms including dependencies
[16:50:40][D][database_dependencies.cpp:433]: Database Node Init Time: CMandateTypeIconDatabase - 84 ms - 141 ms including dependencies
[16:50:40][D][database_dependencies.cpp:433]: Database Node Init Time: CHouseUnityStageIconDatabase - 24 ms - 33 ms including dependencies
[16:50:40][D][database_dependencies.cpp:433]: Database Node Init Time: CHouseUnityStageProgressBarIconDatabase - 115 ms - 124 ms including dependencies
[16:50:40][D][database_dependencies.cpp:433]: Database Node Init Time: CHouseUnityStageBackgroundIconDatabase - 112 ms - 121 ms including dependencies
[16:50:40][D][database_dependencies.cpp:433]: Database Node Init Time: CTaxSlotObligationTypeIconDatabase - 155 ms - 172 ms including dependencies
[16:50:40][D][database_dependencies.cpp:433]: Database Node Init Time: CTravelPointOfInterestTypeIconDatabase - 217 ms - 283 ms including dependencies
[16:50:40][D][database_dependencies.cpp:433]: Database Node Init Time: CMapTableStyleDatabase - 41 ms - 41 ms including dependencies
[16:50:40][D][database_dependencies.cpp:433]: Database Node Init Time: CPaperMapStyleDatabase - 60 ms - 60 ms including dependencies
[16:50:40][D][database_dependencies.cpp:433]: Database Node Init Time: CCourtPositionTypeIconDatabase - 492 ms - 616 ms including dependencies
[16:50:40][D][database_dependencies.cpp:433]: Database Node Init Time: CCourtPositionTaskTypeIconDatabase - 859 ms - 996 ms including dependencies
[16:50:40][D][database_dependencies.cpp:433]: Database Node Init Time: CEpidemicTypeIconDatabase - 111 ms - 148 ms including dependencies
[16:50:40][D][database_dependencies.cpp:433]: Database Node Init Time: CLegendTypeIconDatabase - 64 ms - 84 ms including dependencies
[16:50:40][D][database_dependencies.cpp:433]: Database Node Init Time: CGovernmentTypeIconDatabase - 53 ms - 68 ms including dependencies
[16:50:40][D][database_dependencies.cpp:433]: Database Node Init Time: CLegendTypeHighlightIconDatabase - 69 ms - 89 ms including dependencies
[16:50:40][D][database_dependencies.cpp:433]: Database Node Init Time: CHouseAspirationTypeIconDatabase - 354 ms - 422 ms including dependencies
[16:50:40][D][database_dependencies.cpp:433]: Database Node Init Time: CRaidIntentsIconDatabase - 136 ms - 213 ms including dependencies
[16:50:40][D][database_dependencies.cpp:433]: Database Node Init Time: CSituationTypeIconDatabase - 124 ms - 190 ms including dependencies
[16:50:40][D][database_dependencies.cpp:433]: Database Node Init Time: CGreatProjectTypeIconDatabase - 137 ms - 203 ms including dependencies
[16:50:40][D][database_dependencies.cpp:433]: Database Node Init Time: CLegitimacyTypeIconDatabase - 50 ms - 80 ms including dependencies
[16:50:40][D][database_dependencies.cpp:433]: Database Node Init Time: CLegitimacyTypeFlatIconDatabase - 85 ms - 115 ms including dependencies
[16:50:40][D][database_dependencies.cpp:433]: Database Node Init Time: CLegitimacyTypeLevelsIconDatabase - 108 ms - 138 ms including dependencies
[16:50:40][D][database_dependencies.cpp:433]: Database Node Init Time: CHouseRelationLevelRenderedIconDatabase - 98 ms - 155 ms including dependencies
[16:50:40][D][database_dependencies.cpp:433]: Database Node Init Time: CHouseRelationLevelFlatIconDatabase - 105 ms - 162 ms including dependencies
[16:50:40][D][database_dependencies.cpp:433]: Database Node Init Time: CGraphicalUnitTypeLeviesSmallIllustrationsDatabase - 60 ms - 74 ms including dependencies
[16:50:40][D][database_dependencies.cpp:433]: Database Node Init Time: CGraphicalUnitTypeLeviesBigIllustrationsDatabase - 68 ms - 82 ms including dependencies
[16:50:40][D][database_dependencies.cpp:433]: Database Node Init Time: CGraphicalUnitTypeKnightsSmallIllustrationsDatabase - 103 ms - 117 ms including dependencies
[16:50:40][D][database_dependencies.cpp:433]: Database Node Init Time: CGraphicalUnitTypeKnightsBigIllustrationsDatabase - 113 ms - 127 ms including dependencies
[16:50:40][D][database_dependencies.cpp:433]: Database Node Init Time: CGraphicalUnitTypeAccoladesSmallIllustrationsDatabase - 42 ms - 56 ms including dependencies
[16:50:40][D][database_dependencies.cpp:433]: Database Node Init Time: CGraphicalUnitTypeAccoladesBigIllustrationsDatabase - 126 ms - 140 ms including dependencies
[16:50:40][D][database_dependencies.cpp:433]: Database Node Init Time: CHouseAspirationTypeSmallIconDatabase - 314 ms - 382 ms including dependencies
[16:50:41][D][database_dependencies.cpp:433]: Database Node Init Time: CJominiMainThemeDatabase - 76 ms - 76 ms including dependencies
[16:50:41][D][database_dependencies.cpp:433]: Database Node Init Time: CJominiInGameMusicDatabase - 208 ms - 208 ms including dependencies
[16:51:09][D][history.cpp:1350]: Start loading of history
[16:51:10][D][characterhistory.cpp:267]: ----- Character Base History Entries use the following:

[16:51:10][D][characterhistory.cpp:207]: --- Character history uses the following tokens:

[16:51:10][D][characterhistory.cpp:217]: --- missing tokens:

[16:51:10][D][characterhistory.cpp:270]: ----- Date entries use the following:

[16:51:10][D][characterhistory.cpp:207]: --- Character history uses the following tokens:

[16:51:10][D][characterhistory.cpp:217]: --- missing tokens:

[16:51:11][D][history.cpp:1393]: End loading of history
[16:51:13][D][gameapplication.cpp:558]: Setting idler 'Frontend' with NO init options
[16:51:13][D][pdx_online_telemetry.cpp:28]: [telemetry] quality:custom
[16:51:13][D][pdx_online_telemetry.cpp:28]: [telemetry] shadowmap_resolution:2048x2048
[16:51:13][D][pdx_online_telemetry.cpp:28]: [telemetry] texture_quality:high
[16:51:13][D][pdx_online_telemetry.cpp:46]: [telemetry] bloom_enabled:1
[16:51:13][D][pdx_online_telemetry.cpp:28]: [telemetry] anti_aliasing:DISABLED
[16:51:13][D][pdx_online_telemetry.cpp:28]: [telemetry] scale:1
[16:51:36][D][main.cpp:656]: Total startup duration: 276.182502 seconds
[16:51:36][D][pdx_legal_documents.cpp:109]: 0 legal docs to download.
[16:51:36][D][player.cpp:153]: CJominiPlayers:::DeleteAllPlayers - #0 players
[16:51:36][D][pdx_account.cpp:449]: Login failed. Error: No session tokens were found.
[16:51:36][D][gameapplication.cpp:558]: Setting idler 'Load Save' with init options
[16:51:38][D][religion_manager.cpp:138]: recalculating religion cached data, 140
[16:51:39][D][gamestate.cpp:152]: CGameState::InitPostRead

[16:51:39][D][gamestate.cpp:326]: Clear and recalculate cached data

[16:51:40][D][scheme_manager.cpp:1428]: Found [0] empty agent slots for scheme 'TOOLTIP:SCHEME,0 偷窃牧群! (Id: #0; Type: 'steal_herd')'.
[16:51:40][D][scheme_manager.cpp:1428]: Found [4] empty agent slots for scheme 'TOOLTIP:SCHEME,6 扩大权力基础! (Id: #6; Type: 'expand_power_base')'.
[16:51:40][D][scheme_manager.cpp:1428]: Found [2] empty agent slots for scheme 'TOOLTIP:SCHEME,19 诋毁朋党势力! (Id: #19; Type: 'celestial_movement_power_slander')'.
[16:51:40][D][scheme_manager.cpp:1428]: Found [0] empty agent slots for scheme 'TOOLTIP:SCHEME,20 制造牵制! (Id: #20; Type: 'fabricate_hook')'.
[16:51:40][D][scheme_manager.cpp:1428]: Found [0] empty agent slots for scheme 'TOOLTIP:SCHEME,16777251 宣扬! (Id: #16777251; Type: 'promote')'.
[16:51:40][D][scheme_manager.cpp:1428]: Found [1] empty agent slots for scheme 'TOOLTIP:SCHEME,42 宣扬朋党势力! (Id: #42; Type: 'celestial_movement_power_promote')'.
[16:51:40][D][scheme_manager.cpp:1428]: Found [0] empty agent slots for scheme 'TOOLTIP:SCHEME,47 推翻摄政! (Id: #47; Type: 'overthrow_regent')'.
[16:51:40][D][scheme_manager.cpp:1428]: Found [0] empty agent slots for scheme 'TOOLTIP:SCHEME,64 宣扬! (Id: #64; Type: 'promote')'.
[16:51:40][D][scheme_manager.cpp:1428]: Found [2] empty agent slots for scheme 'TOOLTIP:SCHEME,65 宣扬! (Id: #65; Type: 'promote')'.
[16:51:40][D][scheme_manager.cpp:1428]: Found [1] empty agent slots for scheme 'TOOLTIP:SCHEME,66 诋毁朋党势力! (Id: #66; Type: 'celestial_movement_power_slander')'.
[16:51:40][D][scheme_manager.cpp:1428]: Found [2] empty agent slots for scheme 'TOOLTIP:SCHEME,75 宣扬! (Id: #75; Type: 'promote')'.
[16:51:40][D][scheme_manager.cpp:1428]: Found [1] empty agent slots for scheme 'TOOLTIP:SCHEME,84 诋毁! (Id: #84; Type: 'slander')'.
[16:51:40][D][scheme_manager.cpp:1428]: Found [0] empty agent slots for scheme 'TOOLTIP:SCHEME,87 宣扬! (Id: #87; Type: 'promote')'.
[16:51:40][D][scheme_manager.cpp:1428]: Found [0] empty agent slots for scheme 'TOOLTIP:SCHEME,91 诋毁! (Id: #91; Type: 'slander')'.
[16:51:40][D][scheme_manager.cpp:1428]: Found [3] empty agent slots for scheme 'TOOLTIP:SCHEME,16777318 诋毁! (Id: #16777318; Type: 'slander')'.
[16:51:40][D][scheme_manager.cpp:1428]: Found [0] empty agent slots for scheme 'TOOLTIP:SCHEME,108 宣扬! (Id: #108; Type: 'promote')'.
[16:51:40][D][scheme_manager.cpp:1428]: Found [1] empty agent slots for scheme 'TOOLTIP:SCHEME,110 挪用国库的钱财! (Id: #110; Type: 'celestial_siphon_treasury')'.
[16:51:40][D][scheme_manager.cpp:1428]: Found [2] empty agent slots for scheme 'TOOLTIP:SCHEME,111 宣扬! (Id: #111; Type: 'promote')'.
[16:51:40][D][scheme_manager.cpp:1428]: Found [0] empty agent slots for scheme 'TOOLTIP:SCHEME,115 宣扬! (Id: #115; Type: 'promote')'.
[16:51:40][D][scheme_manager.cpp:1428]: Found [0] empty agent slots for scheme 'TOOLTIP:SCHEME,118 制造牵制! (Id: #118; Type: 'fabricate_hook')'.
[16:51:40][D][scheme_manager.cpp:1428]: Found [0] empty agent slots for scheme 'TOOLTIP:SCHEME,123 宣扬! (Id: #123; Type: 'promote')'.
[16:51:40][D][scheme_manager.cpp:1428]: Found [5] empty agent slots for scheme 'TOOLTIP:SCHEME,124 谋杀! (Id: #124; Type: 'murder')'.
[16:51:40][D][scheme_manager.cpp:1428]: Found [0] empty agent slots for scheme 'TOOLTIP:SCHEME,132 挪用国库的钱财! (Id: #132; Type: 'celestial_siphon_treasury')'.
[16:51:40][D][scheme_manager.cpp:1428]: Found [2] empty agent slots for scheme 'TOOLTIP:SCHEME,138 偷窃牧群! (Id: #138; Type: 'steal_herd')'.
[16:51:40][D][scheme_manager.cpp:1428]: Found [2] empty agent slots for scheme 'TOOLTIP:SCHEME,16777358 偷窃牧群! (Id: #16777358; Type: 'steal_herd')'.
[16:51:40][D][scheme_manager.cpp:1428]: Found [5] empty agent slots for scheme 'TOOLTIP:SCHEME,149 偷窃牧群! (Id: #149; Type: 'steal_herd')'.
[16:51:40][D][scheme_manager.cpp:1428]: Found [4] empty agent slots for scheme 'TOOLTIP:SCHEME,156 挑战地位! (Id: #156; Type: 'challenge_status')'.
[16:51:40][D][scheme_manager.cpp:1428]: Found [5] empty agent slots for scheme 'TOOLTIP:SCHEME,157 取悦宫廷! (Id: #157; Type: 'laamp_base_0001_contract_scheme')'.
[16:51:40][D][scheme_manager.cpp:1428]: Found [2] empty agent slots for scheme 'TOOLTIP:SCHEME,160 挪用国库的钱财! (Id: #160; Type: 'celestial_siphon_treasury')'.
[16:51:40][D][scheme_manager.cpp:1428]: Found [5] empty agent slots for scheme 'TOOLTIP:SCHEME,161 雇佣武者! (Id: #161; Type: 'laamp_base_1011_contract_scheme')'.
[16:51:40][D][scheme_manager.cpp:1428]: Found [5] empty agent slots for scheme 'TOOLTIP:SCHEME,16777380 谋杀! (Id: #16777380; Type: 'murder')'.
[16:51:40][D][scheme_manager.cpp:1428]: Found [0] empty agent slots for scheme 'TOOLTIP:SCHEME,16777386 诋毁! (Id: #16777386; Type: 'slander')'.
[16:51:40][D][scheme_manager.cpp:1428]: Found [5] empty agent slots for scheme 'TOOLTIP:SCHEME,171 偷窃牧群! (Id: #171; Type: 'steal_herd')'.
[16:51:40][D][scheme_manager.cpp:1428]: Found [3] empty agent slots for scheme 'TOOLTIP:SCHEME,172 宣扬! (Id: #172; Type: 'promote')'.
[16:51:40][D][scheme_manager.cpp:1428]: Found [2] empty agent slots for scheme 'TOOLTIP:SCHEME,178 宣扬朋党势力! (Id: #178; Type: 'celestial_movement_power_promote')'.
[16:51:40][D][scheme_manager.cpp:1428]: Found [0] empty agent slots for scheme 'TOOLTIP:SCHEME,189 制造牵制! (Id: #189; Type: 'fabricate_hook')'.
[16:51:40][D][scheme_manager.cpp:1428]: Found [5] empty agent slots for scheme 'TOOLTIP:SCHEME,190 给统治者拍马屁! (Id: #190; Type: 'laamp_base_0021_contract_scheme')'.
[16:51:40][D][scheme_manager.cpp:1428]: Found [0] empty agent slots for scheme 'TOOLTIP:SCHEME,193 宣扬! (Id: #193; Type: 'promote')'.
[16:51:40][D][scheme_manager.cpp:1428]: Found [4] empty agent slots for scheme 'TOOLTIP:SCHEME,195 制造牵制! (Id: #195; Type: 'fabricate_hook')'.
[16:51:40][D][scheme_manager.cpp:1428]: Found [5] empty agent slots for scheme 'TOOLTIP:SCHEME,199 偷窃牧群! (Id: #199; Type: 'steal_herd')'.
[16:51:40][D][scheme_manager.cpp:1428]: Found [5] empty agent slots for scheme 'TOOLTIP:SCHEME,201 谋杀! (Id: #201; Type: 'murder')'.
[16:51:40][D][religion_manager.cpp:138]: recalculating religion cached data, 140
[16:51:43][D][travel_plan.cpp:2316]: Arrival of Yu_bu 庆州崔 of c_nf_choe_gyeongju (Internal ID: 28010 - Historical ID korean_choe_gyeongju_9) too late by 2 for high 按察使!，high 崔!high 冲!的乡试
[16:51:43][D][travel_plan.cpp:2316]: Arrival of Tingzhi_5EAD_829D 许 of  (Internal ID 45390) too late by 38 for high 节度使!，high 邓!high 若蒙!的乡试
[16:51:43][D][gamestate.cpp:311]: Setup powerful vassals among a total of [35193] living character.
[16:51:43][D][gameapplication.cpp:558]: Setting idler 'In Game' with init options
[16:52:18][D][rivers_ambience_node.cpp:20]: CRiversAmbienceNode::Process(): No sound alias named 'river_node' configured! Please check you sound alias database.
[16:52:18][D][jomini_mapobject_manager.cpp:3108]: CMapObjectManager::GetVisibleObjects: invalid camera index 0 requested.
[16:52:18][D][pdx_gui_animation_datatype_valuehelpers.h:147]: Trying to trigger an animation with glow_alpha for a widget which has no glow
[16:52:18][D][pdx_gui_animation_datatype_valuehelpers.h:147]: Trying to trigger an animation with glow_alpha for a widget which has no glow
[16:52:18][D][pdx_gui_animation_datatype_valuehelpers.h:147]: Trying to trigger an animation with glow_alpha for a widget which has no glow
[16:52:18][D][pdx_gui_animation_datatype_valuehelpers.h:147]: Trying to trigger an animation with glow_alpha for a widget which has no glow
[16:52:18][D][pdx_gui_animation_datatype_valuehelpers.h:147]: Trying to trigger an animation with glow_alpha for a widget which has no glow
[16:52:18][D][pdx_gui_animation_datatype_valuehelpers.h:147]: Trying to trigger an animation with glow_alpha for a widget which has no glow
[16:52:18][D][pdx_gui_animation_datatype_valuehelpers.h:147]: Trying to trigger an animation with glow_alpha for a widget which has no glow
[16:52:18][D][pdx_gui_animation_datatype_valuehelpers.h:147]: Trying to trigger an animation with glow_alpha for a widget which has no glow
[16:52:18][D][pdx_gui_animation_datatype_valuehelpers.h:147]: Trying to trigger an animation with glow_alpha for a widget which has no glow
[16:52:18][D][pdx_gui_animation_datatype_valuehelpers.h:147]: Trying to trigger an animation with glow_alpha for a widget which has no glow
[16:52:18][D][pdx_gui_animation_datatype_valuehelpers.h:147]: Trying to trigger an animation with glow_alpha for a widget which has no glow
[16:52:18][D][pdx_gui_animation_datatype_valuehelpers.h:147]: Trying to trigger an animation with glow_alpha for a widget which has no glow
[16:52:18][D][pdx_gui_animation_datatype_valuehelpers.h:147]: Trying to trigger an animation with glow_alpha for a widget which has no glow
[16:52:18][D][pdx_gui_animation_datatype_valuehelpers.h:147]: Trying to trigger an animation with glow_alpha for a widget which has no glow
[16:52:18][D][pdx_gui_animation_datatype_valuehelpers.h:147]: Trying to trigger an animation with glow_alpha for a widget which has no glow
[16:52:18][D][pdx_gui_animation_datatype_valuehelpers.h:147]: Trying to trigger an animation with glow_alpha for a widget which has no glow
[16:52:18][D][pdx_gui_animation_datatype_valuehelpers.h:147]: Trying to trigger an animation with glow_alpha for a widget which has no glow
[16:52:18][D][pdx_gui_animation_datatype_valuehelpers.h:147]: Trying to trigger an animation with glow_alpha for a widget which has no glow
[16:52:18][D][pdx_gui_animation_datatype_valuehelpers.h:147]: Trying to trigger an animation with glow_alpha for a widget which has no glow
[16:52:18][D][pdx_gui_animation_datatype_valuehelpers.h:147]: Trying to trigger an animation with glow_alpha for a widget which has no glow
[16:52:18][D][pdx_gui_animation_datatype_valuehelpers.h:147]: Trying to trigger an animation with glow_alpha for a widget which has no glow
[16:52:18][D][pdx_gui_animation_datatype_valuehelpers.h:147]: Trying to trigger an animation with glow_alpha for a widget which has no glow
[16:52:18][D][pdx_gui_animation_datatype_valuehelpers.h:147]: Trying to trigger an animation with glow_alpha for a widget which has no glow
[16:52:18][D][pdx_gui_animation_datatype_valuehelpers.h:147]: Trying to trigger an animation with glow_alpha for a widget which has no glow
[16:52:18][D][pdx_gui_animation_datatype_valuehelpers.h:147]: Trying to trigger an animation with glow_alpha for a widget which has no glow
[16:52:18][D][pdx_gui_animation_datatype_valuehelpers.h:147]: Trying to trigger an animation with glow_alpha for a widget which has no glow
[16:52:18][D][pdx_gui_animation_datatype_valuehelpers.h:147]: Trying to trigger an animation with glow_alpha for a widget which has no glow
[16:52:18][D][pdx_gui_animation_datatype_valuehelpers.h:147]: Trying to trigger an animation with glow_alpha for a widget which has no glow
[16:52:18][D][pdx_gui_animation_datatype_valuehelpers.h:147]: Trying to trigger an animation with glow_alpha for a widget which has no glow
[16:52:18][D][pdx_gui_animation_datatype_valuehelpers.h:147]: Trying to trigger an animation with glow_alpha for a widget which has no glow
[16:52:18][D][pdx_gui_animation_datatype_valuehelpers.h:147]: Trying to trigger an animation with glow_alpha for a widget which has no glow
[16:52:18][D][pdx_gui_animation_datatype_valuehelpers.h:147]: Trying to trigger an animation with glow_alpha for a widget which has no glow
[16:52:29][D][rivers_ambience_node.cpp:20]: CRiversAmbienceNode::Process(): No sound alias named 'river_node' configured! Please check you sound alias database.
[16:53:28][D][gamestate_persistence.cpp:216]: Savegame time 0
[16:53:28][D][gamestate_persistence.cpp:155]: Written size 54.00 B (reserved 512.0 KB) for Unsynced
[16:53:28][D][gamestate_persistence.cpp:155]: Written size 20.00 B (reserved 512.0 KB) for Random
[16:53:28][D][gamestate_persistence.cpp:155]: Written size 10.00 B (reserved 512.0 KB) for GameSpeed
[16:53:28][D][gamestate_persistence.cpp:155]: Written size 27.00 B (reserved 512.0 KB) for Date
[16:53:28][D][gamestate_persistence.cpp:155]: Written size 12.80 KB (reserved 512.0 KB) for Variables
[16:53:28][D][gamestate_persistence.cpp:155]: Written size 4.792 KB (reserved 512.0 KB) for TraitLookup
[16:53:28][D][gamestate_persistence.cpp:155]: Written size 1.893 MB (reserved 4.000 MB) for Provinces
[16:53:28][D][gamestate_persistence.cpp:155]: Written size 3.855 MB (reserved 8.000 MB) for LandedTitles
[16:53:28][D][gamestate_persistence.cpp:155]: Written size 2.655 MB (reserved 16.00 MB) for Dynasties
[16:53:28][D][gamestate_persistence.cpp:155]: Written size 834.3 KB (reserved 512.0 KB) for ScriptedCharacters
[16:53:28][D][gamestate_persistence.cpp:155]: Written size 8.503 KB (reserved 2.000 MB) for DeletedCharacters
[16:53:28][D][gamestate_persistence.cpp:155]: Written size 18.74 MB (reserved 32.00 MB) for LivingCharacters
[16:53:28][D][gamestate_persistence.cpp:155]: Written size 5.610 MB (reserved 32.00 MB) for DeadCharacters
[16:53:28][D][gamestate_persistence.cpp:155]: Written size 450.9 KB (reserved 6.000 MB) for CharacterManager
[16:53:28][D][gamestate_persistence.cpp:155]: Written size 14.79 KB (reserved 512.0 KB) for Units
[16:53:28][D][gamestate_persistence.cpp:155]: Written size 1.133 MB (reserved 512.0 KB) for Events
[16:53:28][D][gamestate_persistence.cpp:155]: Written size 202.0 B (reserved 512.0 KB) for Players
[16:53:28][D][gamestate_persistence.cpp:155]: Written size 1.119 MB (reserved 512.0 KB) for Armies
[16:53:28][D][gamestate_persistence.cpp:155]: Written size 33.41 KB (reserved 512.0 KB) for Activities
[16:53:28][D][gamestate_persistence.cpp:155]: Written size 264.4 KB (reserved 512.0 KB) for Opinions
[16:53:28][D][gamestate_persistence.cpp:155]: Written size 386.0 KB (reserved 512.0 KB) for Relations
[16:53:28][D][gamestate_persistence.cpp:155]: Written size 71.14 KB (reserved 512.0 KB) for Schemes
[16:53:28][D][gamestate_persistence.cpp:155]: Written size 11.26 KB (reserved 512.0 KB) for Stories
[16:53:28][D][gamestate_persistence.cpp:155]: Written size 25.28 KB (reserved 512.0 KB) for Combats
[16:53:28][D][gamestate_persistence.cpp:155]: Written size 29.97 KB (reserved 512.0 KB) for PendingCharacterInteractions
[16:53:28][D][gamestate_persistence.cpp:155]: Written size 8.056 KB (reserved 512.0 KB) for Secrets
[16:53:28][D][gamestate_persistence.cpp:155]: Written size 43.29 KB (reserved 512.0 KB) for MercenaryCompanies
[16:53:28][D][gamestate_persistence.cpp:155]: Written size 456.3 KB (reserved 512.0 KB) for SubjectContracts
[16:53:28][D][gamestate_persistence.cpp:155]: Written size 184.8 KB (reserved 512.0 KB) for Religions
[16:53:28][D][gamestate_persistence.cpp:155]: Written size 8.248 KB (reserved 512.0 KB) for Wars
[16:53:28][D][gamestate_persistence.cpp:155]: Written size 1.048 KB (reserved 512.0 KB) for Sieges
[16:53:28][D][gamestate_persistence.cpp:155]: Written size 8.000 B (reserved 512.0 KB) for Succession
[16:53:28][D][gamestate_persistence.cpp:155]: Written size 1.679 KB (reserved 512.0 KB) for Holdings
[16:53:28][D][gamestate_persistence.cpp:155]: Written size 338.9 KB (reserved 2.000 MB) for Counties
[16:53:28][D][gamestate_persistence.cpp:155]: Written size 412.0 B (reserved 512.0 KB) for Fleets
[16:53:28][D][gamestate_persistence.cpp:155]: Written size 807.5 KB (reserved 2.000 MB) for CouncilTasks
[16:53:28][D][gamestate_persistence.cpp:155]: Written size 3.932 KB (reserved 512.0 KB) for ImportantActions
[16:53:28][D][gamestate_persistence.cpp:155]: Written size 4.091 KB (reserved 2.000 MB) for Factions
[16:53:28][D][gamestate_persistence.cpp:155]: Written size 1.240 MB (reserved 2.000 MB) for Cultures
[16:53:28][D][gamestate_persistence.cpp:155]: Written size 52.00 B (reserved 512.0 KB) for HolyOrders
[16:53:28][D][gamestate_persistence.cpp:155]: Written size 1.127 MB (reserved 2.000 MB) for AI
[16:53:28][D][gamestate_persistence.cpp:155]: Written size 2.773 KB (reserved 512.0 KB) for GameRules
[16:53:28][D][gamestate_persistence.cpp:155]: Written size 900.0 B (reserved 512.0 KB) for Raids
[16:53:28][D][gamestate_persistence.cpp:155]: Written size 72.00 B (reserved 512.0 KB) for BarterMissions
[16:53:28][D][gamestate_persistence.cpp:155]: Written size 45.00 B (reserved 512.0 KB) for Ironman
[16:53:28][D][gamestate_persistence.cpp:155]: Written size 6.857 MB (reserved 8.000 MB) for CoatOfArms
[16:53:28][D][gamestate_persistence.cpp:155]: Written size 0.000 B (reserved 512.0 KB) for RulerDesigner
[16:53:28][D][gamestate_persistence.cpp:155]: Written size 0.000 B (reserved 512.0 KB) for PlayerEvents
[16:53:28][D][gamestate_persistence.cpp:155]: Written size 267.4 KB (reserved 512.0 KB) for Artifacts
[16:53:28][D][gamestate_persistence.cpp:155]: Written size 1.128 KB (reserved 512.0 KB) for Inspirations
[16:53:28][D][gamestate_persistence.cpp:155]: Written size 82.87 KB (reserved 512.0 KB) for CourtPositions
[16:53:28][D][gamestate_persistence.cpp:155]: Written size 1.931 KB (reserved 512.0 KB) for Struggles
[16:53:28][D][gamestate_persistence.cpp:155]: Written size 713.4 KB (reserved 512.0 KB) for CharacterMemories
[16:53:28][D][gamestate_persistence.cpp:155]: Written size 32.87 KB (reserved 512.0 KB) for Diarchies
[16:53:28][D][gamestate_persistence.cpp:155]: Written size 354.0 KB (reserved 512.0 KB) for TravelPlans
[16:53:28][D][gamestate_persistence.cpp:155]: Written size 91.30 KB (reserved 512.0 KB) for Accolades
[16:53:28][D][gamestate_persistence.cpp:155]: Written size 22.34 KB (reserved 512.0 KB) for TaxSlots
[16:53:28][D][gamestate_persistence.cpp:155]: Written size 3.567 KB (reserved 512.0 KB) for Epidemics
[16:53:28][D][gamestate_persistence.cpp:155]: Written size 16.00 B (reserved 512.0 KB) for Legends
[16:53:28][D][gamestate_persistence.cpp:155]: Written size 481.7 KB (reserved 512.0 KB) for Domiciles
[16:53:28][D][gamestate_persistence.cpp:155]: Written size 2.063 KB (reserved 512.0 KB) for Contracts
[16:53:28][D][gamestate_persistence.cpp:155]: Written size 2.884 KB (reserved 512.0 KB) for Situations
[16:53:28][D][gamestate_persistence.cpp:155]: Written size 8.506 KB (reserved 512.0 KB) for SituationSubRegions
[16:53:28][D][gamestate_persistence.cpp:155]: Written size 11.90 KB (reserved 512.0 KB) for SituationParticipantGroups
[16:53:28][D][gamestate_persistence.cpp:155]: Written size 1.421 KB (reserved 512.0 KB) for Migrations
[16:53:28][D][gamestate_persistence.cpp:155]: Written size 984.0 B (reserved 512.0 KB) for Confederations
[16:53:28][D][gamestate_persistence.cpp:155]: Written size 214.9 KB (reserved 512.0 KB) for HouseRelations
[16:53:28][D][gamestate_persistence.cpp:155]: Written size 543.0 B (reserved 512.0 KB) for GreatProjects
[16:53:28][D][gamestate_persistence.cpp:155]: Written size 18.00 B (reserved 512.0 KB) for TitleAndVassalChanges
[16:53:28][D][gamestate_persistence.cpp:216]: Savegame time 0
